date,account,category,amount,currency,converted amount,currency,description
01/11/2018,Cash,Savings,"14,300",SYP,30.301,USD,شنتاية
01/11/2018,Cash,Salary,"275,000",SYP,582.725,USD,راتب
01/11/2018,Cash,Eating out,"-2,500",SYP,-5.297,USD,مشوار فراس
01/11/2018,Cash,Eating out,"-2,500",SYP,-5.297,USD,مشوار فراس
02/11/2018,Cash,Entertainment,"-3,000",SYP,-6.357,USD,سواح
02/11/2018,Cash,Deposits,"-10,000",SYP,-21.19,USD,جمعية
03/11/2018,Cash,Food,"-2,000",SYP,-4.238,USD,بطاطا
04/11/2018,Cash,Transport,-200,SYP,-0.423,USD,
05/11/2018,Cash,Transport,-100,SYP,-0.211,USD,
06/11/2018,Cash,Transport,-300,SYP,-0.635,USD,
06/11/2018,Cash,Entertainment,-300,SYP,-0.635,USD,شاي
06/11/2018,Cash,Bills,"-5,500",SYP,-11.654,USD,تسجيل الجامعة
07/11/2018,Cash,Transport,-200,SYP,-0.423,USD,
07/11/2018,Cash,Taxi,-500,SYP,-1.059,USD,
07/11/2018,Cash,Eating out,-500,SYP,-1.059,USD,
07/11/2018,Cash,Entertainment,"-1,000",SYP,-2.119,USD,صيف وشتا
08/11/2018,Cash,Entertainment,"-1,000",SYP,-2.119,USD,يارا
08/11/2018,Cash,Transport,-250,SYP,-0.529,USD,
08/11/2018,Cash,Toiletry,-500,SYP,-1.059,USD,محارم
09/11/2018,Cash,Sports,-800,SYP,-1.695,USD,
09/11/2018,Cash,Transport,-100,SYP,-0.211,USD,
09/11/2018,Cash,Food,-150,SYP,-0.317,USD,مي بعد الملعب 
10/11/2018,Cash,Transport,-150,SYP,-0.317,USD,
10/11/2018,Cash,Eating out,-300,SYP,-0.635,USD,بطاطا
11/11/2018,Cash,Transport,-200,SYP,-0.423,USD,
12/11/2018,Cash,Transport,-300,SYP,-0.635,USD,
12/11/2018,Cash,Entertainment,-600,SYP,-1.271,USD,نسكافيه
13/11/2018,Cash,Eating out,"-1,000",SYP,-2.119,USD,
13/11/2018,Cash,Transport,-200,SYP,-0.423,USD,
14/11/2018,Cash,Eating out,-200,SYP,-0.423,USD,
14/11/2018,Cash,Transport,-250,SYP,-0.529,USD,
15/11/2018,Cash,Transport,-200,SYP,-0.423,USD,
16/11/2018,Cash,Entertainment,"-3,400",SYP,-7.204,USD,سواح
17/11/2018,Cash,Transport,-100,SYP,-0.211,USD,
18/11/2018,Cash,Eating out,-400,SYP,-0.847,USD,
18/11/2018,Cash,Transport,-150,SYP,-0.317,USD,
19/11/2018,Cash,Sports,"-1,000",SYP,-2.119,USD,
19/11/2018,Cash,Taxi,-500,SYP,-1.059,USD,
19/11/2018,Cash,Transport,-350,SYP,-0.741,USD,
20/11/2018,Cash,Food,"-2,000",SYP,-4.238,USD,برازق
20/11/2018,Cash,Eating out,"-1,300",SYP,-2.754,USD,فروج
20/11/2018,Cash,Transport,-200,SYP,-0.423,USD,
21/11/2018,Cash,Transport,-200,SYP,-0.423,USD,
22/11/2018,Cash,Transport,-200,SYP,-0.423,USD,
24/11/2018,Cash,Transport,-200,SYP,-0.423,USD,
24/11/2018,Cash,Entertainment,"-1,200",SYP,-2.542,USD,ابو احمد
25/11/2018,Cash,Transport,-200,SYP,-0.423,USD,
26/11/2018,Cash,Transport,-200,SYP,-0.423,USD,
26/11/2018,Cash,Sports,-800,SYP,-1.695,USD,
26/11/2018,Cash,Taxi,-500,SYP,-1.059,USD,
27/11/2018,Cash,Eating out,-200,SYP,-0.423,USD,اندومي
27/11/2018,Cash,Transport,-150,SYP,-0.317,USD,
28/11/2018,Cash,Transport,-200,SYP,-0.423,USD,
28/11/2018,Cash,Shaving,"-1,000",SYP,-2.119,USD,
29/11/2018,Cash,Transport,-150,SYP,-0.317,USD,
30/11/2018,Cash,Bills,"-2,500",SYP,-5.297,USD,عبد
30/11/2018,Cash,Taxi,-500,SYP,-1.059,USD,
30/11/2018,Cash,Transport,-50,SYP,-0.105,USD,
30/11/2018,Cash,Eating out,"-1,700",SYP,-3.602,USD,فروج
30/11/2018,Cash,Entertainment,"-1,500",SYP,-3.178,USD,سواح
01/12/2018,Cash,Taxi,"-1,000",SYP,-2.119,USD,
01/12/2018,Cash,Entertainment,"-1,700",SYP,-3.602,USD,Verdant
01/12/2018,Cash,Transport,-100,SYP,-0.211,USD,
01/12/2018,Cash,Eating out,"-2,100",SYP,-4.449,USD,
01/12/2018,Cash,Entertainment,"-1,000",SYP,-2.119,USD,Laser tag 
02/12/2018,Cash,Salary,"150,000",SYP,317.85,USD,
02/12/2018,Cash,Deposits,"-10,000",SYP,-21.19,USD,جمعية
02/12/2018,Cash,Transport,-150,SYP,-0.317,USD,
03/12/2018,Cash,Transport,-250,SYP,-0.529,USD,
04/12/2018,Cash,Transport,-150,SYP,-0.317,USD,
04/12/2018,Cash,Bills,"-2,000",SYP,-4.238,USD,نقوط محمود
05/12/2018,Cash,Transport,-250,SYP,-0.529,USD,
06/12/2018,Cash,Transport,-150,SYP,-0.317,USD,
07/12/2018,Cash,Eating out,"-2,000",SYP,-4.238,USD,
07/12/2018,Cash,Entertainment,"-1,400",SYP,-2.966,USD,سواح
08/12/2018,Cash,Food,-500,SYP,-1.059,USD,برتقال
08/12/2018,Cash,Communications,-500,SYP,-1.059,USD,وحدات
08/12/2018,Cash,Entertainment,-200,SYP,-0.423,USD,كولا
08/12/2018,Cash,Transport,-150,SYP,-0.317,USD,
09/12/2018,Cash,Transport,-150,SYP,-0.317,USD,
09/12/2018,Cash,Eating out,-200,SYP,-0.423,USD,اندومي
09/12/2018,Cash,Entertainment,-700,SYP,-1.483,USD,عمار
09/12/2018,Cash,Clothes,"-8,000",SYP,-16.952,USD,
09/12/2018,Cash,Entertainment,-800,SYP,-1.695,USD,ابو احمد
10/12/2018,Cash,Transport,-300,SYP,-0.635,USD,
10/12/2018,Cash,Taxi,-500,SYP,-1.059,USD,
10/12/2018,Cash,Sports,-800,SYP,-1.695,USD,
11/12/2018,Cash,Transport,-250,SYP,-0.529,USD,
11/12/2018,Cash,Taxi,-500,SYP,-1.059,USD,
12/12/2018,Cash,Transport,-150,SYP,-0.317,USD,
14/12/2018,Cash,To 'Bank',"-100,000",SYP,-211.9,USD,
14/12/2018,Bank,From 'Cash',"100,000",SYP,211.9,USD,
14/12/2018,Cash,Transport,-200,SYP,-0.423,USD,
14/12/2018,Cash,Eating out,"-1,300",SYP,-2.754,USD,
14/12/2018,Cash,Entertainment,"-1,600",SYP,-3.39,USD,
15/12/2018,Cash,Food,-600,SYP,-1.271,USD,قطايف
15/12/2018,Cash,Bills,"-1,500",SYP,-3.178,USD,عدرا 
16/12/2018,Cash,Entertainment,"-1,000",SYP,-2.119,USD,
16/12/2018,Cash,Eating out,"-1,000",SYP,-2.119,USD,
16/12/2018,Cash,Transport,-200,SYP,-0.423,USD,
17/12/2018,Cash,Transport,-150,SYP,-0.317,USD,
18/12/2018,Cash,Transport,-150,SYP,-0.317,USD,
18/12/2018,Cash,Communications,-350,SYP,-0.741,USD,
18/12/2018,Cash,Entertainment,"-1,000",SYP,-2.119,USD,Error 404
19/12/2018,Cash,Transport,-150,SYP,-0.317,USD,
19/12/2018,Cash,Entertainment,-150,SYP,-0.317,USD,عصير
19/12/2018,Cash,Health,"-2,000",SYP,-4.238,USD,
19/12/2018,Cash,Eating out,"-1,600",SYP,-3.39,USD,شاورما
20/12/2018,Cash,Transport,-150,SYP,-0.317,USD,
20/12/2018,Cash,Entertainment,"-1,100",SYP,-2.33,USD,Error 404
20/12/2018,Cash,Eating out,-900,SYP,-1.907,USD,كرانشي
22/12/2018,Cash,Entertainment,"-1,500",SYP,-3.178,USD,سواح
22/12/2018,Cash,Eating out,"-1,400",SYP,-2.966,USD,فروج
22/12/2018,Cash,Transport,-100,SYP,-0.211,USD,
22/12/2018,Cash,Transport,-150,SYP,-0.317,USD,
22/12/2018,Cash,Electronics,-500,SYP,-1.059,USD,وصلة شاحن
23/12/2018,Cash,Transport,-150,SYP,-0.317,USD,
23/12/2018,Cash,Eating out,-500,SYP,-1.059,USD,اندومي
24/12/2018,Cash,Transport,-450,SYP,-0.953,USD,
24/12/2018,Cash,Eating out,"-2,000",SYP,-4.238,USD,فطاير
25/12/2018,Cash,Transport,-200,SYP,-0.423,USD,
25/12/2018,Cash,Eating out,-200,SYP,-0.423,USD,فطاير
26/12/2018,Cash,Sports,-350,SYP,-0.741,USD,بلياردو
26/12/2018,Cash,Entertainment,-350,SYP,-0.741,USD,سماح
26/12/2018,Cash,Transport,-200,SYP,-0.423,USD,
27/12/2018,Cash,Transport,-200,SYP,-0.423,USD,
28/12/2018,Cash,Eating out,"-1,300",SYP,-2.754,USD,فروج
28/12/2018,Cash,Entertainment,"-1,600",SYP,-3.39,USD,سواح
30/12/2018,Cash,Entertainment,"-1,500",SYP,-3.178,USD,سواح
30/12/2018,Cash,Eating out,"-1,200",SYP,-2.542,USD,شاورما
31/12/2018,Cash,Sports,-800,SYP,-1.695,USD,
31/12/2018,Cash,Taxi,-800,SYP,-1.695,USD,
31/12/2018,Cash,Eating out,-400,SYP,-0.847,USD,حلاوة الجبن 
31/12/2018,Cash,Transport,-300,SYP,-0.635,USD,
01/01/2019,Cash,Deposits,"-10,000",SYP,-20,USD,جمعية
01/01/2019,Cash,Transport,-150,SYP,-0.3,USD,
01/01/2019,Cash,Entertainment,"-1,000",SYP,-2,USD,احلى لمة
01/01/2019,Cash,Gifts,"-2,500",SYP,-5,USD,
02/01/2019,Cash,Eating out,-800,SYP,-1.6,USD,اسكالوب
02/01/2019,Cash,Transport,-200,SYP,-0.4,USD,
03/01/2019,Cash,Salary,"150,000",SYP,300,USD,
03/01/2019,Bank,Savings,"50,000",SYP,100,USD,
03/01/2019,Cash,To 'Bank',"-50,000",SYP,-100,USD,
03/01/2019,Bank,From 'Cash',"50,000",SYP,100,USD,
03/01/2019,Cash,House,"-2,800",SYP,-5.6,USD,قهوة
03/01/2019,Cash,Eating out,"-2,000",SYP,-4,USD,فطاير
04/01/2019,Cash,Eating out,"-2,000",SYP,-4,USD,كرانشي
04/01/2019,Cash,Transport,-200,SYP,-0.4,USD,
04/01/2019,Cash,Entertainment,"-1,500",SYP,-3,USD,سواح
05/01/2019,Cash,Eating out,-550,SYP,-1.1,USD,فطاير
05/01/2019,Cash,Transport,-200,SYP,-0.4,USD,
06/01/2019,Cash,Transport,-100,SYP,-0.2,USD,
07/01/2019,Cash,Babies,"-1,500",SYP,-3,USD,
07/01/2019,Cash,Transport,-150,SYP,-0.3,USD,
07/01/2019,Cash,Salary,"20,000",SYP,40,USD,اضافي
08/01/2019,Cash,Transport,-200,SYP,-0.4,USD,
08/01/2019,Cash,Bills,-150,SYP,-0.3,USD,سماح
09/01/2019,Cash,Communications,"-1,000",SYP,-2,USD,
09/01/2019,Cash,Eating out,-600,SYP,-1.2,USD,شاورما
09/01/2019,Cash,Transport,-150,SYP,-0.3,USD,
10/01/2019,Cash,Transport,-150,SYP,-0.3,USD,
11/01/2019,Cash,Transport,-200,SYP,-0.4,USD,
11/01/2019,Cash,Entertainment,"-1,100",SYP,-2.2,USD,سواح
11/01/2019,Cash,Eating out,"-2,200",SYP,-4.4,USD,وايت تشكن
12/01/2019,Cash,Shaving,"-1,000",SYP,-2,USD,
13/01/2019,Cash,Transport,-100,SYP,-0.2,USD,
14/01/2019,Cash,House,"-1,400",SYP,-2.8,USD,قهوة + بسكوت 
14/01/2019,Cash,Entertainment,"-2,400",SYP,-4.8,USD,Error 404
14/01/2019,Cash,Transport,-150,SYP,-0.3,USD,
15/01/2019,Cash,Transport,-200,SYP,-0.4,USD,
15/01/2019,Cash,Eating out,"-1,100",SYP,-2.2,USD,شيش
15/01/2019,Cash,Taxi,"-1,500",SYP,-3,USD,
15/01/2019,Cash,Entertainment,-800,SYP,-1.6,USD,نسكافيه
15/01/2019,Cash,Babies,"-1,000",SYP,-2,USD,بوينو
15/01/2019,Cash,Entertainment,-800,SYP,-1.6,USD,ابو احمد
16/01/2019,Cash,Transport,-100,SYP,-0.2,USD,
17/01/2019,Cash,Transport,-100,SYP,-0.2,USD,
18/01/2019,Cash,Entertainment,"-1,700",SYP,-3.4,USD,سواح
18/01/2019,Cash,Eating out,"-2,000",SYP,-4,USD,وايت تشكن
19/01/2019,Cash,House,-600,SYP,-1.2,USD,لبن + كولا
19/01/2019,Cash,Transport,-150,SYP,-0.3,USD,
20/01/2019,Cash,Eating out,-600,SYP,-1.2,USD,بطاطا
20/01/2019,Cash,Food,"-2,000",SYP,-4,USD,فطاير
20/01/2019,Cash,Transport,-150,SYP,-0.3,USD,
21/01/2019,Cash,Entertainment,-700,SYP,-1.4,USD,ابو احمد
22/01/2019,Cash,Transport,-300,SYP,-0.6,USD,
22/01/2019,Cash,Eating out,-800,SYP,-1.6,USD,شاورما
22/01/2019,Cash,Eating out,-100,SYP,-0.2,USD,كيك
23/01/2019,Cash,Transport,-150,SYP,-0.3,USD,
24/01/2019,Cash,Transport,-100,SYP,-0.2,USD,
25/01/2019,Cash,Eating out,"-2,000",SYP,-4,USD,سوبر محمود
25/01/2019,Cash,Transport,-200,SYP,-0.4,USD,
25/01/2019,Cash,Entertainment,"-1,600",SYP,-3.2,USD,سواح
26/01/2019,Cash,Babies,-400,SYP,-0.8,USD,تحاميل
26/01/2019,Cash,Transport,-200,SYP,-0.4,USD,
27/01/2019,Cash,Taxi,-700,SYP,-1.4,USD,
27/01/2019,Cash,Transport,-250,SYP,-0.5,USD,
27/01/2019,Cash,Entertainment,"-2,200",SYP,-4.4,USD,Error 404
28/01/2019,Cash,Transport,-475,SYP,-0.95,USD,
28/01/2019,Cash,Entertainment,"-1,500",SYP,-3,USD,Error 404
28/01/2019,Cash,Eating out,"-1,300",SYP,-2.6,USD,فطاير
28/01/2019,Cash,Clothes,"-12,000",SYP,-24,USD,بوط
28/01/2019,Cash,Sports,-900,SYP,-1.8,USD,
29/01/2019,Cash,Transport,-100,SYP,-0.2,USD,
30/01/2019,Cash,Eating out,-200,SYP,-0.4,USD,فلافل
30/01/2019,Cash,Transport,-150,SYP,-0.3,USD,
31/01/2019,Cash,Eating out,-800,SYP,-1.6,USD,كريسبي
31/01/2019,Cash,Transport,-100,SYP,-0.2,USD,
01/02/2019,Cash,Deposits,"-10,000",SYP,-20,USD,جمعية
01/02/2019,Cash,Salary,"150,000",SYP,300,USD,
01/02/2019,Cash,Eating out,"-2,900",SYP,-5.8,USD,وايت تشكن + شاورما
01/02/2019,Cash,Entertainment,"-1,800",SYP,-3.6,USD,سواح
02/02/2019,Cash,Transport,-150,SYP,-0.3,USD,
03/02/2019,Cash,Transport,-150,SYP,-0.3,USD,
04/02/2019,Cash,Eating out,-500,SYP,-1,USD,شاورما
04/02/2019,Cash,Taxi,"-1,000",SYP,-2,USD,
04/02/2019,Cash,Transport,-300,SYP,-0.6,USD,
04/02/2019,Cash,Eating out,-100,SYP,-0.2,USD,فطاير
05/02/2019,Cash,Transport,-100,SYP,-0.2,USD,
06/02/2019,Cash,Eating out,-700,SYP,-1.4,USD,بيتزا
06/02/2019,Cash,Transport,-150,SYP,-0.3,USD,
06/02/2019,Cash,Eating out,-200,SYP,-0.4,USD,فلافل
07/02/2019,Cash,Transport,-200,SYP,-0.4,USD,
07/02/2019,Cash,Eating out,-500,SYP,-1,USD,شاورما
07/02/2019,Cash,Entertainment,"-1,200",SYP,-2.4,USD,المجد
08/02/2019,Cash,Entertainment,"-1,000",SYP,-2,USD,سواح
08/02/2019,Cash,Eating out,"-2,500",SYP,-5,USD,وايت تشكن
08/02/2019,Cash,Transport,-100,SYP,-0.2,USD,
09/02/2019,Cash,Transport,-100,SYP,-0.2,USD,
10/02/2019,Cash,Transport,-100,SYP,-0.2,USD,
10/02/2019,Cash,Eating out,"-2,400",SYP,-4.8,USD,شاورما
10/02/2019,Cash,Eating out,-300,SYP,-0.6,USD,شموط
10/02/2019,Cash,Eating out,-200,SYP,-0.4,USD,فلافل
11/02/2019,Cash,Eating out,-225,SYP,-0.45,USD,بطاطا
11/02/2019,Cash,Transport,-50,SYP,-0.1,USD,
11/02/2019,Cash,Eating out,"-2,200",SYP,-4.4,USD,وايت تشكن
11/02/2019,Cash,Entertainment,"-1,100",SYP,-2.2,USD,احلى لمة
11/02/2019,Cash,Sports,"-3,200",SYP,-6.4,USD,
12/02/2019,Cash,Entertainment,-800,SYP,-1.6,USD,صيف وشتا
12/02/2019,Cash,Transport,-150,SYP,-0.3,USD,
12/02/2019,Cash,Eating out,-200,SYP,-0.4,USD,فلافل
13/02/2019,Cash,Transport,-150,SYP,-0.3,USD,
13/02/2019,Cash,Sports,-700,SYP,-1.4,USD,
13/02/2019,Cash,Entertainment,"-1,500",SYP,-3,USD,Error 404
13/02/2019,Cash,Eating out,-600,SYP,-1.2,USD,شاورما
14/02/2019,Cash,Eating out,-100,SYP,-0.2,USD,فطاير
14/02/2019,Cash,Transport,-150,SYP,-0.3,USD,
15/02/2019,Cash,Entertainment,"-1,000",SYP,-2,USD,سواح
15/02/2019,Cash,Eating out,"-1,800",SYP,-3.6,USD,فروج
15/02/2019,Cash,Transport,-100,SYP,-0.2,USD,
16/02/2019,Cash,Transport,-150,SYP,-0.3,USD,
17/02/2019,Cash,Transport,-100,SYP,-0.2,USD,
18/02/2019,Cash,Transport,-250,SYP,-0.5,USD,
19/02/2019,Cash,Eating out,-650,SYP,-1.3,USD,فطاير
19/02/2019,Cash,Transport,-50,SYP,-0.1,USD,
20/02/2019,Cash,Transport,-100,SYP,-0.2,USD,
21/02/2019,Cash,Eating out,"-2,000",SYP,-4,USD,فطاير
21/02/2019,Cash,Transport,-150,SYP,-0.3,USD,
22/02/2019,Cash,Entertainment,"-1,300",SYP,-2.6,USD,سواح
22/02/2019,Cash,Transport,-100,SYP,-0.2,USD,
22/02/2019,Cash,Eating out,"-1,700",SYP,-3.4,USD,شاورما
23/02/2019,Cash,Entertainment,"-1,000",SYP,-2,USD,سواح
23/02/2019,Cash,Transport,-200,SYP,-0.4,USD,
23/02/2019,Cash,Eating out,"-1,200",SYP,-2.4,USD,وايت تشكن
24/02/2019,Cash,Transport,-100,SYP,-0.2,USD,
25/02/2019,Cash,Transport,-350,SYP,-0.7,USD,
25/02/2019,Cash,Eating out,-400,SYP,-0.8,USD,فلافل
26/02/2019,Cash,Babies,"-2,000",SYP,-4,USD,
26/02/2019,Cash,Transport,-100,SYP,-0.2,USD,
26/02/2019,Cash,Communications,-850,SYP,-1.7,USD,هاتف
27/02/2019,Cash,Transport,-100,SYP,-0.2,USD,
28/02/2019,Cash,Sports,-800,SYP,-1.6,USD,
28/02/2019,Cash,Mobile,"-300,000",SYP,-600,USD,
28/02/2019,Cash,Transport,-300,SYP,-0.6,USD,
28/02/2019,Cash,Mobile,"-15,000",SYP,-30,USD,
28/02/2019,Cash,Health,-350,SYP,-0.7,USD,ابيبول
28/02/2019,Cash,Bills,"-1,100",SYP,-2.2,USD,هرم
01/03/2019,Cash,Transport,-100,SYP,-0.2,USD,
01/03/2019,Cash,Gifts,"-6,000",SYP,-12,USD,نورا
01/03/2019,Cash,Eating out,"-2,000",SYP,-4,USD,وايت تشكن
01/03/2019,Cash,Entertainment,"-1,200",SYP,-2.4,USD,سواح
01/03/2019,Cash,Deposits,"-10,000",SYP,-20,USD,جمعية
02/03/2019,Cash,Health,-250,SYP,-0.5,USD,قطرة
02/03/2019,Cash,Transport,-400,SYP,-0.8,USD,
02/03/2019,Cash,Android,"50,000",SYP,100,USD,
02/03/2019,Cash,Taxi,"-1,000",SYP,-2,USD,
03/03/2019,Cash,Salary,"150,000",SYP,300,USD,
03/03/2019,Cash,House,"-1,400",SYP,-2.8,USD,قهوة
03/03/2019,Cash,Mobile,"-3,500",SYP,-7,USD,لزقة
03/03/2019,Cash,Communications,"-3,400",SYP,-6.8,USD,انترنت
03/03/2019,Cash,Transport,-150,SYP,-0.3,USD,
04/03/2019,Cash,Transport,-250,SYP,-0.5,USD,
04/03/2019,Cash,Eating out,-200,SYP,-0.4,USD,اندومي
04/03/2019,Cash,Communications,-200,SYP,-0.4,USD,خط
04/03/2019,Cash,Taxi,"-1,000",SYP,-2,USD,
04/03/2019,Cash,Sports,"-3,000",SYP,-6,USD,
05/03/2019,Cash,Transport,-100,SYP,-0.2,USD,
05/03/2019,Cash,Eating out,-400,SYP,-0.8,USD,فطاير
06/03/2019,Cash,Transport,-150,SYP,-0.3,USD,
07/03/2019,Cash,Eating out,-400,SYP,-0.8,USD,بطاطا
07/03/2019,Cash,Transport,-100,SYP,-0.2,USD,
08/03/2019,Cash,Entertainment,"-1,000",SYP,-2,USD,سواح
08/03/2019,Cash,Transport,-250,SYP,-0.5,USD,
08/03/2019,Cash,Eating out,"-3,700",SYP,-7.4,USD,وايت تشكن + شاورما
09/03/2019,Cash,Transport,-200,SYP,-0.4,USD,
10/03/2019,Cash,Eating out,-200,SYP,-0.4,USD,فلافل
10/03/2019,Cash,Transport,-150,SYP,-0.3,USD,
11/03/2019,Cash,Transport,-150,SYP,-0.3,USD,
11/03/2019,Cash,Eating out,-300,SYP,-0.6,USD,فطاير
11/03/2019,Cash,House,"-1,400",SYP,-2.8,USD,قهوة
11/03/2019,Cash,Eating out,"-1,600",SYP,-3.2,USD,فروج
11/03/2019,Cash,Entertainment,-400,SYP,-0.8,USD,سواح
12/03/2019,Cash,Transport,-150,SYP,-0.3,USD,
13/03/2019,Cash,Entertainment,-500,SYP,-1,USD,سواح
13/03/2019,Cash,Taxi,-500,SYP,-1,USD,
13/03/2019,Cash,Transport,-100,SYP,-0.2,USD,
14/03/2019,Cash,Babies,"-1,500",SYP,-3,USD,كيندر
14/03/2019,Cash,Transport,-200,SYP,-0.4,USD,
14/03/2019,Cash,Eating out,-600,SYP,-1.2,USD,شاورما
14/03/2019,Cash,Sports,"-1,200",SYP,-2.4,USD,
14/03/2019,Cash,Salary,"45,000",SYP,90,USD,مكافأة
15/03/2019,Cash,Transport,-200,SYP,-0.4,USD,
15/03/2019,Cash,Entertainment,"-1,200",SYP,-2.4,USD,سواح
15/03/2019,Cash,Eating out,"-2,200",SYP,-4.4,USD,بيتزا + بطاطا
16/03/2019,Cash,Transport,-200,SYP,-0.4,USD,
16/03/2019,Cash,House,-600,SYP,-1.2,USD,خبز 
17/03/2019,Cash,Eating out,-100,SYP,-0.2,USD,فطاير
17/03/2019,Cash,Transport,-100,SYP,-0.2,USD,
18/03/2019,Cash,Taxi,"-1,000",SYP,-2,USD,
19/03/2019,Cash,Transport,-200,SYP,-0.4,USD,
19/03/2019,Cash,House,"-1,400",SYP,-2.8,USD,قهوة
20/03/2019,Cash,Transport,-150,SYP,-0.3,USD,
21/03/2019,Cash,Gifts,"-13,000",SYP,-26,USD,
21/03/2019,Cash,House,"-1,000",SYP,-2,USD,كولا
22/03/2019,Cash,Entertainment,"-1,800",SYP,-3.6,USD,سواح
22/03/2019,Cash,Eating out,"-1,800",SYP,-3.6,USD,شاورما
22/03/2019,Cash,Transport,-200,SYP,-0.4,USD,
23/03/2019,Cash,Transport,-150,SYP,-0.3,USD,
24/03/2019,Cash,Transport,-150,SYP,-0.3,USD,
24/03/2019,Cash,Bills,"-2,000",SYP,-4,USD,حاتم
24/03/2019,Cash,Eating out,-200,SYP,-0.4,USD,فلافل
24/03/2019,Cash,Shaving,"-1,000",SYP,-2,USD,
25/03/2019,Cash,Bills,-900,SYP,-1.8,USD,
25/03/2019,Cash,Transport,-500,SYP,-1,USD,
26/03/2019,Cash,Entertainment,"-2,000",SYP,-4,USD,ذوات
26/03/2019,Cash,Transport,-150,SYP,-0.3,USD,
26/03/2019,Cash,Entertainment,"-1,000",SYP,-2,USD,عصير
27/03/2019,Cash,Transport,-100,SYP,-0.2,USD,
28/03/2019,Cash,Transport,-100,SYP,-0.2,USD,
28/03/2019,Cash,Bills,"-3,500",SYP,-7,USD,فحص وطني
29/03/2019,Cash,Taxi,-500,SYP,-1,USD,
29/03/2019,Cash,Entertainment,"-2,100",SYP,-4.2,USD,سواح
29/03/2019,Cash,Eating out,"-3,100",SYP,-6.2,USD,شاورما + كرانشي
30/03/2019,Cash,Transport,-100,SYP,-0.2,USD,
30/03/2019,Cash,Taxi,-700,SYP,-1.4,USD,
30/03/2019,Cash,Eating out,"-6,250",SYP,-12.5,USD,نوسترا كازا
30/03/2019,Cash,Gifts,"-3,250",SYP,-6.5,USD,
30/03/2019,Cash,House,"-1,700",SYP,-3.4,USD,هريسة
31/03/2019,Cash,Eating out,-100,SYP,-0.2,USD,فطاير
31/03/2019,Cash,Transport,-100,SYP,-0.2,USD,
01/04/2019,Cash,Taxi,-200,SYP,-0.4,USD,
01/04/2019,Cash,Sports,"-3,000",SYP,-6,USD,
01/04/2019,Cash,Entertainment,"-1,000",SYP,-2,USD,Error 404
01/04/2019,Cash,Eating out,"-1,000",SYP,-2,USD,كريسبي
01/04/2019,Cash,Gifts,"5,000",SYP,10,USD,رغدة
01/04/2019,Cash,Gifts,"5,000",SYP,10,USD,محمود
01/04/2019,Cash,Gifts,"6,000",SYP,12,USD,عهد 
01/04/2019,Cash,Gifts,"7,000",SYP,14,USD,ماما
02/04/2019,Cash,Transport,-200,SYP,-0.4,USD,
03/04/2019,Cash,Food,-500,SYP,-1,USD,كولا
03/04/2019,Cash,Transport,-100,SYP,-0.2,USD,
04/04/2019,Cash,Salary,"172,500",SYP,345,USD,
04/04/2019,Cash,Eating out,-200,SYP,-0.4,USD,اندومي
04/04/2019,Cash,Transport,-150,SYP,-0.3,USD,
04/04/2019,Cash,Communications,"-3,200",SYP,-6.4,USD,انترنت
05/04/2019,Cash,Transport,-100,SYP,-0.2,USD,
05/04/2019,Cash,Taxi,-500,SYP,-1,USD,
05/04/2019,Cash,Entertainment,"-1,500",SYP,-3,USD,سواح
05/04/2019,Cash,Eating out,"-1,600",SYP,-3.2,USD,فروج
05/04/2019,Cash,Deposits,"100,000",SYP,200,USD,جمعية
06/04/2019,Cash,Eating out,-200,SYP,-0.4,USD,اندومي
06/04/2019,Cash,Transport,-150,SYP,-0.3,USD,
06/04/2019,Cash,Sports,-800,SYP,-1.6,USD,
08/04/2019,Cash,Entertainment,-100,SYP,-0.2,USD,كولا
08/04/2019,Cash,Transport,-150,SYP,-0.3,USD,
08/04/2019,Cash,Electronics,"-14,000",SYP,-28,USD,بطارية
08/04/2019,Cash,Electronics,"-1,500",SYP,-3,USD,حقيبة
08/04/2019,Cash,To 'Bank',"-200,000",SYP,-400,USD,
08/04/2019,Bank,From 'Cash',"200,000",SYP,400,USD,
08/04/2019,Cash,Transport,-200,SYP,-0.4,USD,
09/04/2019,Cash,Transport,-100,SYP,-0.2,USD,
10/04/2019,Cash,Clothes,"-11,600",SYP,-23.2,USD,
10/04/2019,Cash,Taxi,-700,SYP,-1.4,USD,
10/04/2019,Cash,Eating out,"-4,200",SYP,-8.4,USD,وايت تشكن
12/04/2019,Cash,Eating out,"-2,300",SYP,-4.6,USD,وايت تشكن
12/04/2019,Cash,Entertainment,"-1,350",SYP,-2.7,USD,سواح
13/04/2019,Cash,Electronics,"-6,000",SYP,-12,USD,ساعة
13/04/2019,Cash,Eating out,"-1,600",SYP,-3.2,USD,شاورما
13/04/2019,Cash,Entertainment,"-1,200",SYP,-2.4,USD,سواح
13/04/2019,Cash,Transport,-200,SYP,-0.4,USD,
14/04/2019,Cash,Eating out,-100,SYP,-0.2,USD,فطاير
14/04/2019,Cash,Transport,-150,SYP,-0.3,USD,
15/04/2019,Cash,Eating out,-200,SYP,-0.4,USD,بطاطا
15/04/2019,Cash,Transport,-200,SYP,-0.4,USD,
15/04/2019,Cash,Food,-200,SYP,-0.4,USD,مي
16/04/2019,Cash,Eating out,-350,SYP,-0.7,USD,فلافل
16/04/2019,Cash,Transport,-150,SYP,-0.3,USD,
17/04/2019,Cash,Transport,-300,SYP,-0.6,USD,
17/04/2019,Cash,Eating out,-600,SYP,-1.2,USD,سواح 
17/04/2019,Cash,Eating out,"-1,900",SYP,-3.8,USD,شاورما
18/04/2019,Cash,Android,"50,000",SYP,100,USD,
19/04/2019,Cash,Taxi,"-1,000",SYP,-2,USD,
19/04/2019,Cash,Eating out,"-1,600",SYP,-3.2,USD,شاورما
19/04/2019,Cash,Entertainment,"-1,400",SYP,-2.8,USD,سواح 
19/04/2019,Cash,Transport,-200,SYP,-0.4,USD,
20/04/2019,Cash,Bills,-500,SYP,-1,USD,ام محمود
21/04/2019,Cash,Transport,-200,SYP,-0.4,USD,
21/04/2019,Cash,Eating out,-250,SYP,-0.5,USD,فلافل
22/04/2019,Cash,Eating out,-600,SYP,-1.2,USD,بطاطا
22/04/2019,Cash,Transport,-300,SYP,-0.6,USD,
23/04/2019,Cash,Transport,-100,SYP,-0.2,USD,
23/04/2019,Cash,Entertainment,-100,SYP,-0.2,USD,كولا
24/04/2019,Cash,Gifts,"-1,000",SYP,-2,USD,يارا
24/04/2019,Cash,Transport,-150,SYP,-0.3,USD,
24/04/2019,Cash,Taxi,-500,SYP,-1,USD,
24/04/2019,Cash,House,"-3,850",SYP,-7.7,USD,فروج
25/04/2019,Cash,Electronics,"-2,500",SYP,-5,USD,قبضات
25/04/2019,Cash,Eating out,-100,SYP,-0.2,USD,فطاير
25/04/2019,Cash,Entertainment,-500,SYP,-1,USD,سواح
25/04/2019,Cash,Taxi,-500,SYP,-1,USD,
25/04/2019,Cash,Eating out,"-1,900",SYP,-3.8,USD,شاورما
25/04/2019,Cash,Transport,-200,SYP,-0.4,USD,
26/04/2019,Cash,Eating out,"-1,200",SYP,-2.4,USD,كواترو
26/04/2019,Cash,Entertainment,"-1,700",SYP,-3.4,USD,سواح
27/04/2019,Cash,Entertainment,"-1,000",SYP,-2,USD,سواح
27/04/2019,Cash,Eating out,-400,SYP,-0.8,USD,صاج
27/04/2019,Cash,Transport,-200,SYP,-0.4,USD,
27/04/2019,Cash,Eating out,"-1,500",SYP,-3,USD,وايت تشكن
28/04/2019,Cash,Transport,-150,SYP,-0.3,USD,
29/04/2019,Cash,Transport,-300,SYP,-0.6,USD,
29/04/2019,Cash,Sports,"-3,000",SYP,-6,USD,
30/04/2019,Cash,Eating out,-200,SYP,-0.4,USD,بطاطا
30/04/2019,Cash,Transport,-150,SYP,-0.3,USD,
01/05/2019,Cash,Salary,"172,500",SYP,345,USD,
01/05/2019,Cash,Clothes,"-3,000",SYP,-6,USD,نظارة
01/05/2019,Cash,Entertainment,"-1,200",SYP,-2.4,USD,Error 404
01/05/2019,Cash,Transport,-400,SYP,-0.8,USD,
01/05/2019,Cash,Eating out,-500,SYP,-1,USD,شاورما
01/05/2019,Cash,Entertainment,"-1,000",SYP,-2,USD,سواح
02/05/2019,Cash,Shaving,"-1,000",SYP,-2,USD,
02/05/2019,Cash,Communications,"-3,500",SYP,-7,USD,انترنت
02/05/2019,Cash,Transport,-200,SYP,-0.4,USD,
02/05/2019,Cash,Eating out,-250,SYP,-0.5,USD,فلافل
03/05/2019,Cash,Taxi,-700,SYP,-1.4,USD,
03/05/2019,Cash,Eating out,"-2,400",SYP,-4.8,USD,كواترو
03/05/2019,Cash,Entertainment,"-1,000",SYP,-2,USD,سواح
04/05/2019,Cash,Clothes,-500,SYP,-1,USD,بوط
04/05/2019,Cash,Eating out,"-1,500",SYP,-3,USD,سواح
04/05/2019,Cash,Eating out,-900,SYP,-1.8,USD,
05/05/2019,Cash,Transport,-200,SYP,-0.4,USD,
05/05/2019,Cash,Clothes,"-4,000",SYP,-8,USD,كنزات
06/05/2019,Cash,Entertainment,-500,SYP,-1,USD,ابو احمد
06/05/2019,Cash,Transport,-200,SYP,-0.4,USD,
07/05/2019,Cash,Taxi,-500,SYP,-1,USD,
07/05/2019,Cash,Transport,-200,SYP,-0.4,USD,
07/05/2019,Cash,Entertainment,"-1,000",SYP,-2,USD,سواح
08/05/2019,Cash,Transport,-200,SYP,-0.4,USD,
09/05/2019,Cash,Transport,-100,SYP,-0.2,USD,
09/05/2019,Cash,House,-850,SYP,-1.7,USD,طحين + كولا + كلور
09/05/2019,Cash,House,-500,SYP,-1,USD,خضار
10/05/2019,Cash,House,-500,SYP,-1,USD,فول + سوس
10/05/2019,Cash,Taxi,-600,SYP,-1.2,USD,
10/05/2019,Cash,Sports,"-3,000",SYP,-6,USD,
10/05/2019,Cash,House,"-1,500",SYP,-3,USD,محارم + صابون
11/05/2019,Cash,Entertainment,"-3,600",SYP,-7.2,USD,ربوة
11/05/2019,Cash,Transport,-100,SYP,-0.2,USD,
11/05/2019,Cash,Health,-800,SYP,-1.6,USD,
11/05/2019,Cash,Deposits,"-10,000",SYP,-20,USD,جمعية
12/05/2019,Cash,Transport,-100,SYP,-0.2,USD,
13/05/2019,Cash,Transport,-150,SYP,-0.3,USD,
13/05/2019,Cash,House,-150,SYP,-0.3,USD,خيار
14/05/2019,Cash,Transport,-100,SYP,-0.2,USD,
15/05/2019,Cash,House,-850,SYP,-1.7,USD,دبس بندورة وكولا
15/05/2019,Cash,Entertainment,-750,SYP,-1.5,USD,سواح
15/05/2019,Cash,House,-400,SYP,-0.8,USD,كعك
15/05/2019,Cash,House,-700,SYP,-1.4,USD,فريز
15/05/2019,Cash,House,"-1,200",SYP,-2.4,USD,فطاير
15/05/2019,Cash,House,-700,SYP,-1.4,USD,جانرك
16/05/2019,Cash,Health,-100,SYP,-0.2,USD,
16/05/2019,Cash,House,"-1,900",SYP,-3.8,USD,بزورية
16/05/2019,Cash,Transport,-100,SYP,-0.2,USD,
17/05/2019,Cash,Eating out,-900,SYP,-1.8,USD,شاورما
17/05/2019,Cash,Entertainment,-700,SYP,-1.4,USD,ابو احمد
17/05/2019,Cash,House,"-1,600",SYP,-3.2,USD,قهوة
18/05/2019,Cash,Transport,-150,SYP,-0.3,USD,
19/05/2019,Cash,House,"-2,500",SYP,-5,USD,طحين + سكر ...
19/05/2019,Cash,Transport,-100,SYP,-0.2,USD,
19/05/2019,Cash,Entertainment,-700,SYP,-1.4,USD,ابو احمد
20/05/2019,Cash,Transport,-100,SYP,-0.2,USD,
21/05/2019,Cash,House,-500,SYP,-1,USD,معروك
21/05/2019,Cash,Transport,-200,SYP,-0.4,USD,
22/05/2019,Cash,House,-500,SYP,-1,USD,
22/05/2019,Cash,Transport,-50,SYP,-0.1,USD,
23/05/2019,Cash,Transport,-150,SYP,-0.3,USD,
23/05/2019,Cash,House,"-2,000",SYP,-4,USD,بيتزا
23/05/2019,Cash,House,-400,SYP,-0.8,USD,معروك
23/05/2019,Cash,House,-300,SYP,-0.6,USD,كولا
24/05/2019,Cash,House,-800,SYP,-1.6,USD,فول + سوس+ مسبحة
24/05/2019,Cash,House,"-1,000",SYP,-2,USD,فريز + جانرك
24/05/2019,Cash,House,-300,SYP,-0.6,USD,خس + بقلة + كزبرة
25/05/2019,Cash,Transport,-100,SYP,-0.2,USD,
26/05/2019,Cash,Transport,-150,SYP,-0.3,USD,
27/05/2019,Cash,Entertainment,-700,SYP,-1.4,USD,ابو احمد
27/05/2019,Cash,Eating out,"-2,000",SYP,-4,USD,نابلسية
27/05/2019,Cash,Electronics,"-40,000",SYP,-80,USD,لابتوب
27/05/2019,Cash,Transport,-500,SYP,-1,USD,
27/05/2019,Cash,Communications,"-3,400",SYP,-6.8,USD,ارضي
27/05/2019,Cash,Electronics,"-600,000",SYP,"-1,200",USD,لابتوب
28/05/2019,Cash,House,"-4,000",SYP,-8,USD,منظفات
28/05/2019,Cash,Transport,-300,SYP,-0.6,USD,
28/05/2019,Cash,Entertainment,"-1,000",SYP,-2,USD,ايموجي
28/05/2019,Cash,Salary,"12,500",SYP,25,USD,
28/05/2019,Cash,House,"-1,500",SYP,-3,USD,فطاير
28/05/2019,Cash,Health,"-3,100",SYP,-6.2,USD,
28/05/2019,Cash,Clothes,-500,SYP,-1,USD,تصليح
28/05/2019,Cash,Clothes,"-9,000",SYP,-18,USD,بوط
29/05/2019,Cash,Entertainment,"-1,000",SYP,-2,USD,تشرين
29/05/2019,Cash,Transport,-300,SYP,-0.6,USD,
29/05/2019,Cash,Taxi,-300,SYP,-0.6,USD,
29/05/2019,Cash,House,-500,SYP,-1,USD,معروك
30/05/2019,Cash,Transport,-200,SYP,-0.4,USD,
31/05/2019,Cash,Sports,"-1,000",SYP,-2,USD,حمودة
31/05/2019,Cash,House,"-100,000",SYP,-200,USD,رمضان
01/06/2019,Cash,Entertainment,"-2,000",SYP,-4,USD,سواح
01/06/2019,Cash,Transport,-200,SYP,-0.4,USD,
02/06/2019,Cash,Health,-750,SYP,-1.5,USD,
02/06/2019,Cash,Transport,-150,SYP,-0.3,USD,
02/06/2019,Cash,Salary,"185,000",SYP,370,USD,
02/06/2019,Cash,Communications,-200,SYP,-0.4,USD,
02/06/2019,Cash,Electronics,-500,SYP,-1,USD,بطارية
03/06/2019,Cash,Clothes,"-15,000",SYP,-30,USD,بجامة
03/06/2019,Cash,Transport,-150,SYP,-0.3,USD,
03/06/2019,Cash,Communications,"-1,000",SYP,-2,USD,وحدات
03/06/2019,Cash,Communications,"-3,500",SYP,-7,USD,انترنت
04/06/2019,Cash,Shaving,"-1,500",SYP,-3,USD,
04/06/2019,Cash,House,"-2,500",SYP,-5,USD,برازق
04/06/2019,Cash,Transport,-200,SYP,-0.4,USD,
05/06/2019,Cash,Gifts,"3,000",SYP,6,USD,عيدية
05/06/2019,Cash,Gifts,"10,000",SYP,20,USD,عيدية
06/06/2019,Cash,Bills,"-5,000",SYP,-10,USD,عيدية
06/06/2019,Cash,Entertainment,"-1,100",SYP,-2.2,USD,بيت الدراسة
06/06/2019,Cash,Eating out,"-2,400",SYP,-4.8,USD,وايت تشكن
06/06/2019,Cash,Eating out,"-1,100",SYP,-2.2,USD,ريان
06/06/2019,Cash,Transport,-200,SYP,-0.4,USD,
06/06/2019,Cash,Entertainment,-500,SYP,-1,USD,سواح
07/06/2019,Cash,House,-500,SYP,-1,USD,خيار + بندورة
07/06/2019,Cash,Bills,"-2,200",SYP,-4.4,USD,جامع
07/06/2019,Cash,House,-400,SYP,-0.8,USD,نيون
07/06/2019,Cash,Eating out,-500,SYP,-1,USD,بطاطا
08/06/2019,Cash,House,"-1,100",SYP,-2.2,USD,صابون
08/06/2019,Cash,Gifts,"10,000",SYP,20,USD,عيدية
09/06/2019,Cash,Gifts,"3,000",SYP,6,USD,عيدية
09/06/2019,Cash,Entertainment,-400,SYP,-0.8,USD,سلاش
09/06/2019,Cash,Entertainment,-700,SYP,-1.4,USD,عالمفرق
09/06/2019,Cash,Study,"-1,000",SYP,-2,USD,تصوير
09/06/2019,Cash,Transport,-300,SYP,-0.6,USD,
09/06/2019,Cash,Entertainment,"-1,000",SYP,-2,USD,سواح
10/06/2019,Cash,Eating out,-600,SYP,-1.2,USD,بطاطا
10/06/2019,Cash,Transport,-200,SYP,-0.4,USD,
11/06/2019,Cash,Entertainment,-800,SYP,-1.6,USD,سواح
11/06/2019,Cash,Taxi,"-1,000",SYP,-2,USD,تكسي
12/06/2019,Cash,Eating out,-400,SYP,-0.8,USD,فطاير
12/06/2019,Cash,Transport,-200,SYP,-0.4,USD,
13/06/2019,Cash,Transport,-200,SYP,-0.4,USD,
14/06/2019,Cash,Transport,-250,SYP,-0.5,USD,
15/06/2019,Cash,Eating out,-600,SYP,-1.2,USD,فطاير
15/06/2019,Cash,Transport,-150,SYP,-0.3,USD,
15/06/2019,Cash,Electronics,-800,SYP,-1.6,USD,HDMI
16/06/2019,Cash,Transport,-150,SYP,-0.3,USD,
17/06/2019,Cash,Taxi,-400,SYP,-0.8,USD,
17/06/2019,Cash,Eating out,-175,SYP,-0.35,USD,بطاطا
17/06/2019,Cash,Eating out,"-1,100",SYP,-2.2,USD,وايت تشكن
17/06/2019,Cash,Entertainment,-500,SYP,-1,USD,سواح
17/06/2019,Cash,Transport,-150,SYP,-0.3,USD,
18/06/2019,Cash,Entertainment,"-1,000",SYP,-2,USD,عالمفرق
18/06/2019,Cash,Eating out,"-1,200",SYP,-2.4,USD,وايت تشكن
18/06/2019,Cash,Entertainment,"-1,000",SYP,-2,USD,سواح
18/06/2019,Cash,Entertainment,-400,SYP,-0.8,USD,قهوة
18/06/2019,Cash,Eating out,-300,SYP,-0.6,USD,فطاير
18/06/2019,Cash,Transport,-450,SYP,-0.9,USD,
19/06/2019,Cash,Eating out,-200,SYP,-0.4,USD,اندومي
19/06/2019,Cash,Eating out,-250,SYP,-0.5,USD,درة
19/06/2019,Cash,Transport,-150,SYP,-0.3,USD,
20/06/2019,Cash,Eating out,-300,SYP,-0.6,USD,فطاير
20/06/2019,Cash,Transport,-200,SYP,-0.4,USD,
20/06/2019,Cash,Deposits,"-10,000",SYP,-20,USD,جمعية
21/06/2019,Cash,House,-800,SYP,-1.6,USD,فول
21/06/2019,Cash,House,"-3,000",SYP,-6,USD,منظفات
22/06/2019,Cash,Entertainment,"-1,000",SYP,-2,USD,ابو احمد
22/06/2019,Cash,Transport,-200,SYP,-0.4,USD,
23/06/2019,Cash,Transport,-150,SYP,-0.3,USD,
23/06/2019,Cash,Health,-800,SYP,-1.6,USD,
24/06/2019,Cash,Eating out,"-1,200",SYP,-2.4,USD,شاورما
25/06/2019,Cash,Eating out,"-3,000",SYP,-6,USD,فروج
25/06/2019,Cash,Entertainment,-500,SYP,-1,USD,سواح
25/06/2019,Cash,Transport,-100,SYP,-0.2,USD,
25/06/2019,Cash,Taxi,-500,SYP,-1,USD,
26/06/2019,Cash,Transport,-200,SYP,-0.4,USD,
27/06/2019,Cash,Eating out,"-1,600",SYP,-3.2,USD,كريسبي
27/06/2019,Cash,Entertainment,-800,SYP,-1.6,USD,هارموني
27/06/2019,Cash,Transport,-200,SYP,-0.4,USD,
28/06/2019,Cash,Transport,-200,SYP,-0.4,USD,
29/06/2019,Cash,Transport,-150,SYP,-0.3,USD,
29/06/2019,Cash,Shaving,"-1,000",SYP,-2,USD,
29/06/2019,Cash,House,"-1,000",SYP,-2,USD,لبن + طحين
30/06/2019,Cash,Sports,"-1,000",SYP,-2,USD,
30/06/2019,Cash,Sports,"-3,500",SYP,-7,USD,
30/06/2019,Cash,Eating out,-200,SYP,-0.4,USD,بطاطا
30/06/2019,Cash,Entertainment,-700,SYP,-1.4,USD,صيف وشتا
30/06/2019,Cash,Eating out,"-1,200",SYP,-2.4,USD,تشكن ارارات
30/06/2019,Cash,Transport,-150,SYP,-0.3,USD,
30/06/2019,Cash,Eating out,-300,SYP,-0.6,USD,اندومي
01/07/2019,Cash,Sports,"-3,000",SYP,-6,USD,
01/07/2019,Cash,Sports,"-2,000",SYP,-4,USD,
01/07/2019,Cash,Salary,"185,000",SYP,370,USD,
01/07/2019,Cash,Transport,-150,SYP,-0.3,USD,
01/07/2019,Cash,Communications,"-3,700",SYP,-7.4,USD,
02/07/2019,Cash,Transport,-250,SYP,-0.5,USD,
02/07/2019,Cash,Eating out,-200,SYP,-0.4,USD,فلافل
03/07/2019,Cash,Transport,-200,SYP,-0.4,USD,
04/07/2019,Cash,Transport,-450,SYP,-0.9,USD,
04/07/2019,Cash,Communications,"-1,000",SYP,-2,USD,ماما
04/07/2019,Cash,Babies,"-2,000",SYP,-4,USD,
05/07/2019,Cash,Bills,"-1,000",SYP,-2,USD,جامع
06/07/2019,Cash,Deposits,"-10,000",SYP,-20,USD,جمعية
06/07/2019,Cash,Entertainment,"-26,000",SYP,-52,USD,بقين
07/07/2019,Cash,Transport,-250,SYP,-0.5,USD,
07/07/2019,Cash,Bills,"-1,000",SYP,-2,USD,نغم
08/07/2019,Cash,Transport,-300,SYP,-0.6,USD,
08/07/2019,Cash,Sports,-800,SYP,-1.6,USD,
08/07/2019,Cash,Clothes,"-3,000",SYP,-6,USD,عطر
09/07/2019,Cash,Transport,-150,SYP,-0.3,USD,
09/07/2019,Cash,Eating out,-200,SYP,-0.4,USD,بطاطا
10/07/2019,Cash,Transport,-150,SYP,-0.3,USD,
10/07/2019,Cash,House,-900,SYP,-1.8,USD,كعك
11/07/2019,Cash,Transport,-100,SYP,-0.2,USD,
12/07/2019,Cash,Bills,-500,SYP,-1,USD,جامع
12/07/2019,Cash,Taxi,-800,SYP,-1.6,USD,
12/07/2019,Cash,Eating out,"-1,600",SYP,-3.2,USD,شاورما
12/07/2019,Cash,Transport,-100,SYP,-0.2,USD,
13/07/2019,Cash,Transport,-400,SYP,-0.8,USD,
13/07/2019,Cash,Eating out,"-1,000",SYP,-2,USD,كريسبي
13/07/2019,Cash,Eating out,"-1,000",SYP,-2,USD,شاورما
13/07/2019,Cash,Entertainment,"-1,100",SYP,-2.2,USD,سواح
14/07/2019,Cash,Transport,-200,SYP,-0.4,USD,
15/07/2019,Cash,Transport,-250,SYP,-0.5,USD,
15/07/2019,Cash,Food,-200,SYP,-0.4,USD,مي
15/07/2019,Cash,Eating out,-400,SYP,-0.8,USD,فطاير
17/07/2019,Cash,Entertainment,"-4,000",SYP,-8,USD,بوكا
17/07/2019,Cash,Transport,-150,SYP,-0.3,USD,
17/07/2019,Cash,Gifts,"-1,000",SYP,-2,USD,رغدة
18/07/2019,Cash,Transport,-300,SYP,-0.6,USD,
18/07/2019,Cash,Entertainment,"-1,000",SYP,-2,USD,عدرا
19/07/2019,Cash,Entertainment,-500,SYP,-1,USD,سواح
19/07/2019,Cash,Taxi,-300,SYP,-0.6,USD,
19/07/2019,Cash,Eating out,"-2,200",SYP,-4.4,USD,كرانشي
19/07/2019,Cash,Transport,-100,SYP,-0.2,USD,
20/07/2019,Cash,Eating out,-200,SYP,-0.4,USD,بطاطا
20/07/2019,Cash,Eating out,"-1,700",SYP,-3.4,USD,شاورما
20/07/2019,Cash,Transport,-100,SYP,-0.2,USD,
20/07/2019,Cash,Entertainment,"-1,000",SYP,-2,USD,سواح
21/07/2019,Cash,Transport,-250,SYP,-0.5,USD,
21/07/2019,Cash,Eating out,"-3,400",SYP,-6.8,USD,شيش
22/07/2019,Cash,Eating out,-200,SYP,-0.4,USD,فلافل
22/07/2019,Cash,Transport,-150,SYP,-0.3,USD,
23/07/2019,Cash,Transport,-100,SYP,-0.2,USD,
24/07/2019,Cash,Eating out,-200,SYP,-0.4,USD,فطاير
24/07/2019,Cash,Transport,-200,SYP,-0.4,USD,
25/07/2019,Cash,Transport,-150,SYP,-0.3,USD,
26/07/2019,Cash,Entertainment,"-1,300",SYP,-2.6,USD,ابو احمد
26/07/2019,Cash,Eating out,"-1,000",SYP,-2,USD,شاورما
28/07/2019,Cash,Entertainment,-600,SYP,-1.2,USD,صيف وشتا
28/07/2019,Cash,Eating out,-400,SYP,-0.8,USD,فطاير
28/07/2019,Cash,Taxi,-500,SYP,-1,USD,
28/07/2019,Cash,Transport,-50,SYP,-0.1,USD,
29/07/2019,Cash,Sports,"-1,000",SYP,-2,USD,
29/07/2019,Cash,Transport,-550,SYP,-1.1,USD,
30/07/2019,Cash,Transport,-150,SYP,-0.3,USD,
31/07/2019,Cash,Transport,-150,SYP,-0.3,USD,
31/07/2019,Cash,Eating out,-300,SYP,-0.6,USD,فطاير
31/07/2019,Cash,Entertainment,"-1,800",SYP,-3.6,USD,سواح
31/07/2019,Cash,House,-200,SYP,-0.4,USD,خبز
01/08/2019,Cash,Salary,"185,000",SYP,370,USD,
01/08/2019,Cash,Communications,"-9,900",SYP,-19.8,USD,انترنت
01/08/2019,Cash,Communications,-800,SYP,-1.6,USD,ارضي
01/08/2019,Cash,Transport,-250,SYP,-0.5,USD,
02/08/2019,Cash,Sports,"-4,000",SYP,-8,USD,
02/08/2019,Cash,Transport,-400,SYP,-0.8,USD,
04/08/2019,Cash,Entertainment,"-2,000",SYP,-4,USD,روتانا
04/08/2019,Cash,Transport,-150,SYP,-0.3,USD,
04/08/2019,Cash,Communications,-100,SYP,-0.2,USD,
04/08/2019,Cash,Transport,-100,SYP,-0.2,USD,
05/08/2019,Cash,Transport,-150,SYP,-0.3,USD,
06/08/2019,Cash,Taxi,"-1,300",SYP,-2.6,USD,
06/08/2019,Cash,Transport,-100,SYP,-0.2,USD,
06/08/2019,Cash,Eating out,-900,SYP,-1.8,USD,كريسبي
06/08/2019,Cash,Entertainment,"-14,600",SYP,-29.2,USD,سينما
07/08/2019,Cash,House,"-1,000",SYP,-2,USD,بيتفور
07/08/2019,Cash,Eating out,-100,SYP,-0.2,USD,فطاير
07/08/2019,Cash,Transport,-150,SYP,-0.3,USD,
08/08/2019,Cash,Deposits,"-10,000",SYP,-20,USD,جمعية
08/08/2019,Cash,Eating out,"-2,300",SYP,-4.6,USD,وايت تشكن
08/08/2019,Cash,Entertainment,"-1,200",SYP,-2.4,USD,سواح
08/08/2019,Cash,Clothes,"-6,000",SYP,-12,USD,
08/08/2019,Cash,Eating out,-400,SYP,-0.8,USD,بطاطا
08/08/2019,Cash,Transport,-100,SYP,-0.2,USD,
09/08/2019,Cash,Transport,-100,SYP,-0.2,USD,
09/08/2019,Cash,Food,-600,SYP,-1.2,USD,مي
10/08/2019,Cash,Entertainment,"-5,100",SYP,-10.2,USD,نادي المهندسين
10/08/2019,Cash,Food,-350,SYP,-0.7,USD,خبز
11/08/2019,Cash,Gifts,"-1,000",SYP,-2,USD,عمر
11/08/2019,Cash,Gifts,"10,000",SYP,20,USD,ماما
11/08/2019,Cash,Gifts,"-3,000",SYP,-6,USD,
11/08/2019,Cash,Gifts,"3,000",SYP,6,USD,تيتة
12/08/2019,Cash,Eating out,"-1,800",SYP,-3.6,USD,شاورما
12/08/2019,Cash,Gifts,"20,000",SYP,40,USD,عيدية
13/08/2019,Cash,Gifts,"-1,000",SYP,-2,USD,نغم
14/08/2019,Cash,Entertainment,"-1,000",SYP,-2,USD,سواح
14/08/2019,Cash,Transport,-150,SYP,-0.3,USD,
14/08/2019,Cash,Gifts,"-5,000",SYP,-10,USD,نورا
15/08/2019,Cash,Eating out,-900,SYP,-1.8,USD,شاورما
15/08/2019,Cash,Entertainment,"-1,100",SYP,-2.2,USD,ابو احمد
16/08/2019,Cash,Transport,-200,SYP,-0.4,USD,
16/08/2019,Cash,Food,-300,SYP,-0.6,USD,مي
17/08/2019,Cash,Transport,-100,SYP,-0.2,USD,
17/08/2019,Cash,Entertainment,"-2,500",SYP,-5,USD,ديمة
18/08/2019,Cash,Transport,-200,SYP,-0.4,USD,
19/08/2019,Cash,Transport,-200,SYP,-0.4,USD,
19/08/2019,Cash,Eating out,-450,SYP,-0.9,USD,فطاير
19/08/2019,Cash,Taxi,-300,SYP,-0.6,USD,
19/08/2019,Cash,Food,-200,SYP,-0.4,USD,مي
19/08/2019,Cash,Sports,-800,SYP,-1.6,USD,
20/08/2019,Cash,Toiletry,-200,SYP,-0.4,USD,شعلة
20/08/2019,Cash,Transport,-100,SYP,-0.2,USD,
21/08/2019,Cash,Gifts,"-2,700",SYP,-5.4,USD,ديمة
21/08/2019,Cash,Transport,-200,SYP,-0.4,USD,
21/08/2019,Cash,Eating out,"-2,400",SYP,-4.8,USD,وايت تشكن
21/08/2019,Cash,Entertainment,"-1,000",SYP,-2,USD,سواح
22/08/2019,Cash,Gifts,"-10,000",SYP,-20,USD,يامن
22/08/2019,Cash,Eating out,"-2,400",SYP,-4.8,USD,كرانشي
22/08/2019,Cash,Entertainment,"-1,000",SYP,-2,USD,سواح
22/08/2019,Cash,Transport,-50,SYP,-0.1,USD,
22/08/2019,Cash,Taxi,"-1,000",SYP,-2,USD,
23/08/2019,Cash,Transport,-350,SYP,-0.7,USD,
23/08/2019,Cash,Bills,-500,SYP,-1,USD,جامع
24/08/2019,Cash,Transport,-150,SYP,-0.3,USD,
24/08/2019,Cash,Deposits,"-7,000",SYP,-14,USD,جمعية
25/08/2019,Cash,Transport,-250,SYP,-0.5,USD,
26/08/2019,Cash,Transport,-200,SYP,-0.4,USD,
26/08/2019,Cash,Eating out,-200,SYP,-0.4,USD,فطاير
27/08/2019,Cash,Transport,-200,SYP,-0.4,USD,
28/08/2019,Cash,Transport,-200,SYP,-0.4,USD,
29/08/2019,Cash,House,"-1,500",SYP,-3,USD,قهوة
29/08/2019,Cash,Transport,-200,SYP,-0.4,USD,
30/08/2019,Cash,Transport,-250,SYP,-0.5,USD,
30/08/2019,Cash,Deposits,"-7,000",SYP,-14,USD,جمعية
31/08/2019,Cash,Communications,"-1,100",SYP,-2.2,USD,
31/08/2019,Cash,Transport,-200,SYP,-0.4,USD,
31/08/2019,Cash,Communications,-500,SYP,-1,USD,
31/08/2019,Cash,Entertainment,"-4,000",SYP,-8,USD,بوكا
01/09/2019,Cash,Deposits,"-10,000",SYP,-20,USD,
01/09/2019,Cash,Entertainment,-800,SYP,-1.6,USD,ابو احمد
01/09/2019,Cash,Eating out,"-3,000",SYP,-6,USD,كريسبي
01/09/2019,Cash,Salary,"185,000",SYP,370,USD,
01/09/2019,Cash,Eating out,-400,SYP,-0.8,USD,فلافل
01/09/2019,Cash,Transport,-200,SYP,-0.4,USD,
01/09/2019,Cash,Shaving,"-1,000",SYP,-2,USD,
02/09/2019,Cash,Eating out,"-1,200",SYP,-2.4,USD,بوظة
02/09/2019,Cash,Transport,-250,SYP,-0.5,USD,
02/09/2019,Cash,Communications,-600,SYP,-1.2,USD,ارضي
02/09/2019,Cash,Communications,"-6,800",SYP,-13.6,USD,انترنت
03/09/2019,Cash,Entertainment,"-1,000",SYP,-2,USD,ابو احمد
03/09/2019,Cash,Transport,-150,SYP,-0.3,USD,
03/09/2019,Cash,Eating out,-350,SYP,-0.7,USD,فول
03/09/2019,Cash,Bills,"-3,000",SYP,-6,USD,ام انس
03/09/2019,Cash,Communications,"-15,000",SYP,-30,USD,جمركة
04/09/2019,Cash,Transport,-150,SYP,-0.3,USD,
04/09/2019,Cash,Entertainment,"-2,300",SYP,-4.6,USD,ابو احمد
05/09/2019,Cash,Entertainment,"-3,500",SYP,-7,USD,حكاية جبل
05/09/2019,Cash,Transport,-150,SYP,-0.3,USD,
06/09/2019,Cash,Deposits,"-7,000",SYP,-14,USD,جمعية
06/09/2019,Cash,Bills,-500,SYP,-1,USD,جامع
07/09/2019,Cash,Entertainment,"-1,700",SYP,-3.4,USD,سواح
07/09/2019,Cash,Eating out,-100,SYP,-0.2,USD,فطاير
07/09/2019,Cash,Eating out,"-2,800",SYP,-5.6,USD,كريسبي
07/09/2019,Cash,Transport,-50,SYP,-0.1,USD,
08/09/2019,Cash,Transport,-150,SYP,-0.3,USD,
09/09/2019,Cash,Sports,"-2,900",SYP,-5.8,USD,
09/09/2019,Cash,Transport,-300,SYP,-0.6,USD,
10/09/2019,Cash,Transport,-150,SYP,-0.3,USD,
11/09/2019,Cash,Transport,-200,SYP,-0.4,USD,
12/09/2019,Cash,Transport,-450,SYP,-0.9,USD,
12/09/2019,Cash,Gifts,"-2,000",SYP,-4,USD,هبة
13/09/2019,Cash,Deposits,"-7,000",SYP,-14,USD,جمعية
13/09/2019,Cash,Entertainment,"-9,500",SYP,-19,USD,نادي الرماية
14/09/2019,Cash,Transport,-300,SYP,-0.6,USD,
15/09/2019,Cash,Transport,-150,SYP,-0.3,USD,
15/09/2019,Cash,Sports,-850,SYP,-1.7,USD,
15/09/2019,Cash,Eating out,-700,SYP,-1.4,USD,فول
16/09/2019,Cash,Food,-200,SYP,-0.4,USD,مي
16/09/2019,Cash,Transport,-400,SYP,-0.8,USD,
16/09/2019,Cash,Eating out,-250,SYP,-0.5,USD,فطاير
17/09/2019,Cash,Transport,-150,SYP,-0.3,USD,
18/09/2019,Cash,Transport,-150,SYP,-0.3,USD,
19/09/2019,Cash,Gifts,"-10,000",SYP,-20,USD,هاشم
19/09/2019,Cash,Entertainment,"-1,100",SYP,-2.2,USD,سواح
19/09/2019,Cash,Eating out,"-1,400",SYP,-2.8,USD,شاورما
19/09/2019,Cash,Eating out,-200,SYP,-0.4,USD,فطاير
19/09/2019,Cash,Transport,-100,SYP,-0.2,USD,
20/09/2019,Cash,Bills,-500,SYP,-1,USD,جامع
20/09/2019,Cash,Deposits,"-7,000",SYP,-14,USD,جمعية
21/09/2019,Cash,Transport,-150,SYP,-0.3,USD,
23/09/2019,Cash,Transport,-350,SYP,-0.7,USD,
23/09/2019,Cash,Food,-200,SYP,-0.4,USD,مي
23/09/2019,Cash,Eating out,-200,SYP,-0.4,USD,فطاير
24/09/2019,Cash,Transport,-300,SYP,-0.6,USD,
24/09/2019,Cash,Entertainment,"-1,700",SYP,-3.4,USD,سواح
25/09/2019,Cash,Transport,-200,SYP,-0.4,USD,
25/09/2019,Cash,House,"-1,500",SYP,-3,USD,قهوة
26/09/2019,Cash,Eating out,-100,SYP,-0.2,USD,فطاير
26/09/2019,Cash,Transport,-150,SYP,-0.3,USD,
27/09/2019,Cash,Deposits,"-7,000",SYP,-14,USD,
27/09/2019,Cash,Sports,"-1,800",SYP,-3.6,USD,
28/09/2019,Cash,Taxi,-100,SYP,-0.2,USD,
28/09/2019,Cash,Eating out,"-2,700",SYP,-5.4,USD,بيغ فيلر
28/09/2019,Cash,Health,-400,SYP,-0.8,USD,
28/09/2019,Cash,Entertainment,"-1,700",SYP,-3.4,USD,سواح
29/09/2019,Cash,Transport,-150,SYP,-0.3,USD,
30/09/2019,Cash,Communications,"-20,000",SYP,-40,USD,
30/09/2019,Cash,Food,-200,SYP,-0.4,USD,مي
30/09/2019,Cash,Transport,-350,SYP,-0.7,USD,
01/10/2019,Cash,Eating out,-350,SYP,-0.7,USD,فطاير
01/10/2019,Cash,Salary,"215,000",SYP,430,USD,
01/10/2019,Cash,Communications,"-5,500",SYP,-11,USD,وحدات
01/10/2019,Cash,Communications,"-6,800",SYP,-13.6,USD,انترنت
01/10/2019,Cash,House,"-1,500",SYP,-3,USD,قهوة
01/10/2019,Cash,Deposits,"40,000",SYP,80,USD,جمعية
01/10/2019,Cash,Transport,-150,SYP,-0.3,USD,
02/10/2019,Cash,Transport,-150,SYP,-0.3,USD,
03/10/2019,Cash,Gifts,"5,000",SYP,10,USD,سوسن
03/10/2019,Cash,Gifts,"6,000",SYP,12,USD,عليا
03/10/2019,Cash,Transport,-200,SYP,-0.4,USD,
03/10/2019,Cash,Gifts,"10,000",SYP,20,USD,ستي
03/10/2019,Cash,Gifts,"15,000",SYP,30,USD,غادة
03/10/2019,Cash,Gifts,"10,000",SYP,20,USD,رغدة
03/10/2019,Cash,Gifts,"15,000",SYP,30,USD,محمد
04/10/2019,Cash,Deposits,"-7,000",SYP,-14,USD,جمعية
04/10/2019,Cash,Taxi,-400,SYP,-0.8,USD,
04/10/2019,Cash,Sports,-800,SYP,-1.6,USD,
05/10/2019,Cash,Transport,-250,SYP,-0.5,USD,
05/10/2019,Cash,Entertainment,-800,SYP,-1.6,USD,سواح
05/10/2019,Cash,Eating out,-800,SYP,-1.6,USD,بطاطا
05/10/2019,Cash,Gifts,"4,000",SYP,8,USD,حميد
05/10/2019,Cash,Gifts,"10,000",SYP,20,USD,محمود
06/10/2019,Cash,Entertainment,-300,SYP,-0.6,USD,جاك
06/10/2019,Cash,Transport,-150,SYP,-0.3,USD,
06/10/2019,Cash,Entertainment,"-4,000",SYP,-8,USD,مطار
07/10/2019,Cash,Sports,-800,SYP,-1.6,USD,
07/10/2019,Cash,Clothes,"-3,000",SYP,-6,USD,بوط
07/10/2019,Cash,Transport,-250,SYP,-0.5,USD,
07/10/2019,Cash,Salary,"28,500",SYP,57,USD,اضافي
08/10/2019,Cash,Eating out,-100,SYP,-0.2,USD,فطاير
08/10/2019,Cash,Shaving,"-1,000",SYP,-2,USD,
08/10/2019,Cash,Transport,-150,SYP,-0.3,USD,
11/10/2019,Cash,Deposits,"-7,000",SYP,-14,USD,جمعية
12/10/2019,Cash,Entertainment,"-26,000",SYP,-52,USD,أم الطيور
12/10/2019,Cash,House,"-8,800",SYP,-17.6,USD,هريسة
14/10/2019,Cash,Sports,-800,SYP,-1.6,USD,
14/10/2019,Cash,Transport,-100,SYP,-0.2,USD,
14/10/2019,Cash,Eating out,-400,SYP,-0.8,USD,فطاير
15/10/2019,Cash,Transport,-200,SYP,-0.4,USD,
15/10/2019,Cash,Eating out,"-5,700",SYP,-11.4,USD,بيت المختار
15/10/2019,Cash,Food,-600,SYP,-1.2,USD,كولا
16/10/2019,Cash,Sports,"-1,700",SYP,-3.4,USD,
16/10/2019,Cash,Transport,-150,SYP,-0.3,USD,
17/10/2019,Cash,Entertainment,"-1,400",SYP,-2.8,USD,سواح
17/10/2019,Cash,Eating out,"-3,000",SYP,-6,USD,كريسبي
17/10/2019,Cash,Transport,-250,SYP,-0.5,USD,
18/10/2019,Cash,Deposits,"-7,000",SYP,-14,USD,جمعية
18/10/2019,Cash,Entertainment,"-1,300",SYP,-2.6,USD,سواح
18/10/2019,Cash,Eating out,"-2,100",SYP,-4.2,USD,كريسبي
18/10/2019,Cash,Transport,-100,SYP,-0.2,USD,
19/10/2019,Cash,Transport,-300,SYP,-0.6,USD,
19/10/2019,Cash,Eating out,-100,SYP,-0.2,USD,فطاير
19/10/2019,Cash,Entertainment,"-2,800",SYP,-5.6,USD,سواح
20/10/2019,Cash,Transport,-150,SYP,-0.3,USD,
21/10/2019,Cash,Transport,-250,SYP,-0.5,USD,
21/10/2019,Cash,Eating out,-450,SYP,-0.9,USD,اندومي
21/10/2019,Cash,Sports,-750,SYP,-1.5,USD,
22/10/2019,Cash,Gifts,"200,000",SYP,400,USD,ماما
22/10/2019,Cash,Gifts,"200,000",SYP,400,USD,عهد
22/10/2019,Cash,To 'Bank',"-200,000",SYP,-400,USD,
22/10/2019,Bank,From 'Cash',"200,000",SYP,400,USD,
23/10/2019,Cash,Sports,-900,SYP,-1.8,USD,
23/10/2019,Cash,Transport,-150,SYP,-0.3,USD,
24/10/2019,Cash,Entertainment,"-2,000",SYP,-4,USD,جولي
24/10/2019,Cash,Transport,-250,SYP,-0.5,USD,
24/10/2019,Cash,Eating out,-400,SYP,-0.8,USD,فطاير
25/10/2019,Cash,Deposits,"-7,000",SYP,-14,USD,جمعية
25/10/2019,Cash,Bills,-500,SYP,-1,USD,جامع
25/10/2019,Cash,Transport,-100,SYP,-0.2,USD,
25/10/2019,Cash,Entertainment,"-4,000",SYP,-8,USD,شوكو سوامب
26/10/2019,Cash,Eating out,"-1,000",SYP,-2,USD,شاورما
26/10/2019,Cash,Entertainment,"-1,300",SYP,-2.6,USD,سواح
26/10/2019,Cash,Eating out,-200,SYP,-0.4,USD,كلير
26/10/2019,Cash,Transport,-350,SYP,-0.7,USD,
26/10/2019,Cash,Eating out,-100,SYP,-0.2,USD,فطاير
27/10/2019,Cash,Bills,"-5,000",SYP,-10,USD,معاوية
27/10/2019,Cash,Transport,-150,SYP,-0.3,USD,
28/10/2019,Cash,Eating out,-500,SYP,-1,USD,شاورما
28/10/2019,Cash,Sports,-900,SYP,-1.8,USD,
28/10/2019,Cash,Transport,-250,SYP,-0.5,USD,
29/10/2019,Cash,Transport,-150,SYP,-0.3,USD,
30/10/2019,Cash,Sports,-900,SYP,-1.8,USD,
30/10/2019,Cash,Communications,"-6,500",SYP,-13,USD,وحدات
30/10/2019,Cash,Eating out,-200,SYP,-0.4,USD,فطاير
30/10/2019,Cash,Transport,-200,SYP,-0.4,USD,
31/10/2019,Cash,Mobile,"-2,500",SYP,-5,USD,لزقة
31/10/2019,Cash,House,"-2,000",SYP,-4,USD,تفاح
31/10/2019,Cash,Communications,"-1,000",SYP,-2,USD,وحدات
31/10/2019,Cash,Communications,"-6,800",SYP,-13.6,USD,انترنت
31/10/2019,Cash,Transport,-150,SYP,-0.3,USD,
01/11/2019,Cash,Salary,"215,000",SYP,430,USD,
01/11/2019,Cash,Deposits,"-30,000",SYP,-60,USD,جمعية
01/11/2019,Cash,Deposits,"-7,000",SYP,-14,USD,جمعية
02/11/2019,Cash,Taxi,"-5,000",SYP,-10,USD, 
02/11/2019,Cash,Eating out,"-1,000",SYP,-2,USD,شاورما
02/11/2019,Cash,Eating out,"-1,000",SYP,-2,USD,شاورما
02/11/2019,Cash,Entertainment,"-3,000",SYP,-6,USD,سواح
02/11/2019,Cash,Taxi,-600,SYP,-1.2,USD,
02/11/2019,Cash,Transport,-100,SYP,-0.2,USD,
02/11/2019,Cash,Eating out,-200,SYP,-0.4,USD,فطاير
03/11/2019,Cash,Eating out,-200,SYP,-0.4,USD,كروسان
03/11/2019,Cash,Eating out,"-2,500",SYP,-5,USD,ارارات
03/11/2019,Cash,Entertainment,"-2,200",SYP,-4.4,USD,بوكا
03/11/2019,Cash,House,"-2,500",SYP,-5,USD,قهوة
03/11/2019,Cash,Transport,-100,SYP,-0.2,USD,
04/11/2019,Cash,Sports,-900,SYP,-1.8,USD,
04/11/2019,Cash,Transport,-200,SYP,-0.4,USD,
04/11/2019,Cash,Eating out,"-1,100",SYP,-2.2,USD,كريسبي
05/11/2019,Cash,Eating out,-200,SYP,-0.4,USD,فطاير
06/11/2019,Cash,Eating out,"-2,000",SYP,-4,USD,وينر
06/11/2019,Cash,Transport,-200,SYP,-0.4,USD,
06/11/2019,Cash,Eating out,-400,SYP,-0.8,USD,وينر
07/11/2019,Cash,Eating out,"-1,000",SYP,-2,USD,شاورما
07/11/2019,Cash,Transport,-150,SYP,-0.3,USD,
08/11/2019,Cash,Entertainment,"-1,200",SYP,-2.4,USD,سواح
08/11/2019,Cash,Transport,-200,SYP,-0.4,USD,
08/11/2019,Cash,Taxi,-500,SYP,-1,USD,
08/11/2019,Cash,Deposits,"-7,000",SYP,-14,USD,جمعية
08/11/2019,Cash,Sports,-700,SYP,-1.4,USD,
09/11/2019,Cash,Eating out,-200,SYP,-0.4,USD,فطاير
09/11/2019,Cash,Eating out,"-1,700",SYP,-3.4,USD,شاورما
09/11/2019,Cash,Entertainment,"-1,400",SYP,-2.8,USD,سواح
09/11/2019,Cash,Transport,-100,SYP,-0.2,USD,
10/11/2019,Cash,Entertainment,-500,SYP,-1,USD,سواح
10/11/2019,Cash,Transport,-250,SYP,-0.5,USD,
11/11/2019,Cash,Transport,-150,SYP,-0.3,USD,
11/11/2019,Cash,Sports,-900,SYP,-1.8,USD,
12/11/2019,Cash,Transport,-150,SYP,-0.3,USD,
12/11/2019,Cash,Sports,"-1,000",SYP,-2,USD,
12/11/2019,Cash,Eating out,-250,SYP,-0.5,USD,فطاير
13/11/2019,Cash,Transport,-150,SYP,-0.212,USD,
13/11/2019,Cash,Eating out,-300,SYP,-0.424,USD,فلافل
13/11/2019,Cash,Sports,-900,SYP,-1.274,USD,
14/11/2019,Cash,Transport,-200,SYP,-0.283,USD,
14/11/2019,Cash,House,"-1,600",SYP,-2.265,USD,قهوة
14/11/2019,Cash,Eating out,"-1,000",SYP,-1.416,USD,فطاير
14/11/2019,Cash,Shaving,"-1,200",SYP,-1.699,USD,
15/11/2019,Cash,Deposits,"-7,000",SYP,-9.912,USD,جمعية
16/11/2019,Cash,Entertainment,"-1,400",SYP,-1.982,USD,سواح
16/11/2019,Cash,Transport,-100,SYP,-0.141,USD,
16/11/2019,Cash,Eating out,"-1,100",SYP,-1.557,USD,كريسبي
17/11/2019,Cash,Transport,-150,SYP,-0.212,USD,
17/11/2019,Cash,Entertainment,"-1,600",SYP,-2.265,USD,سواح
17/11/2019,Cash,Eating out,"-2,000",SYP,-2.832,USD,بروستد
17/11/2019,Cash,Salary,"6,000",SYP,8.496,USD,اضافي
17/11/2019,Cash,Eating out,"-2,000",SYP,-2.832,USD,كريسبي
17/11/2019,Cash,Transport,-200,SYP,-0.283,USD,
18/11/2019,Cash,Eating out,-300,SYP,-0.424,USD,فلافل
18/11/2019,Cash,Sports,-900,SYP,-1.274,USD,
18/11/2019,Cash,Transport,-150,SYP,-0.212,USD,
18/11/2019,Cash,Eating out,-800,SYP,-1.132,USD,شاورما
19/11/2019,Cash,Transport,-150,SYP,-0.212,USD,
19/11/2019,Cash,Eating out,-200,SYP,-0.283,USD,فطاير
20/11/2019,Cash,Transport,-200,SYP,-0.283,USD,
20/11/2019,Cash,Eating out,"-1,100",SYP,-1.557,USD,كباب
20/11/2019,Cash,Eating out,-400,SYP,-0.566,USD,فول
20/11/2019,Cash,Sports,-900,SYP,-1.274,USD,
21/11/2019,Cash,Entertainment,"-1,800",SYP,-2.548,USD,درب الحجر
21/11/2019,Cash,Transport,-200,SYP,-0.283,USD,
21/11/2019,Cash,Eating out,-400,SYP,-0.566,USD,فلافل
22/11/2019,Cash,Bills,-400,SYP,-0.566,USD,جامع
22/11/2019,Cash,Deposits,"-7,000",SYP,-9.912,USD,جمعية
22/11/2019,Cash,Transport,-100,SYP,-0.141,USD,
22/11/2019,Cash,Eating out,"-1,500",SYP,-2.124,USD,بيغ فيلر
22/11/2019,Cash,Entertainment,"-1,750",SYP,-2.478,USD,سواح
23/11/2019,Cash,Transport,-200,SYP,-0.283,USD,
23/11/2019,Cash,Eating out,-200,SYP,-0.283,USD,فطاير
23/11/2019,Cash,Entertainment,"-2,700",SYP,-3.823,USD,درب الحجر
23/11/2019,Cash,Eating out,-500,SYP,-0.708,USD,شاورما
24/11/2019,Cash,Transport,-150,SYP,-0.212,USD,
25/11/2019,Cash,Eating out,-250,SYP,-0.354,USD,فطاير
26/11/2019,Cash,Sports,-750,SYP,-1.062,USD,
26/11/2019,Cash,Transport,-100,SYP,-0.141,USD,
26/11/2019,Cash,Transport,-200,SYP,-0.283,USD,
26/11/2019,Cash,Entertainment,"-1,000",SYP,-1.416,USD,ابو احمد
27/11/2019,Cash,Sports,-800,SYP,-1.132,USD,
27/11/2019,Cash,Eating out,-700,SYP,-0.991,USD,شاورما
27/11/2019,Cash,Transport,-250,SYP,-0.354,USD,
28/11/2019,Cash,Transport,-100,SYP,-0.141,USD,
29/11/2019,Cash,Communications,"-5,500",SYP,-7.788,USD,وحدات
29/11/2019,Cash,House,"-2,000",SYP,-2.832,USD,تفاح
29/11/2019,Cash,Deposits,"-7,000",SYP,-9.912,USD,جمعية
29/11/2019,Cash,Bills,-500,SYP,-0.708,USD,جامع
30/11/2019,Cash,Entertainment,-500,SYP,-0.708,USD,سواح
30/11/2019,Cash,Transport,-200,SYP,-0.283,USD,
30/11/2019,Cash,Eating out,"-2,900",SYP,-4.106,USD,بيغ فيلر
01/12/2019,Cash,Android,"50,000",SYP,70.8,USD,
01/12/2019,Cash,Deposits,"-30,000",SYP,-42.48,USD,جمعية
01/12/2019,Cash,Communications,"-6,800",SYP,-9.628,USD,انترنت
01/12/2019,Cash,Salary,"236,500",SYP,334.884,USD,
01/12/2019,Cash,Communications,-800,SYP,-1.132,USD,ارضي
02/12/2019,Cash,House,"-1,600",SYP,-1.684,USD,قهوة
02/12/2019,Cash,Sports,-900,SYP,-0.947,USD,
03/12/2019,Cash,Transport,-150,SYP,-0.157,USD,
04/12/2019,Cash,Sports,"-1,000",SYP,-1.053,USD,
04/12/2019,Cash,Transport,-200,SYP,-0.21,USD,
05/12/2019,Cash,Bills,"-3,000",SYP,-3.159,USD,اطفال
05/12/2019,Cash,Bills,"-3,000",SYP,-3.159,USD,نورا
05/12/2019,Cash,Transport,-150,SYP,-0.157,USD,
05/12/2019,Cash,Eating out,"-2,500",SYP,-2.632,USD,كريسبي
05/12/2019,Cash,Bills,"-1,000",SYP,-1.053,USD,نغم
06/12/2019,Cash,Bills,-400,SYP,-0.421,USD,جامع
06/12/2019,Cash,Deposits,"-7,000",SYP,-7.371,USD,جمعية
07/12/2019,Cash,Transport,-300,SYP,-0.315,USD,
07/12/2019,Cash,Health,-800,SYP,-0.842,USD,تحليل
07/12/2019,Cash,Entertainment,"-1,000",SYP,-1.053,USD,سواح
07/12/2019,Cash,House,"-1,600",SYP,-1.684,USD,قهوة
08/12/2019,Cash,Entertainment,"-3,000",SYP,-3.159,USD,صيف وشتا
08/12/2019,Cash,Eating out,"-2,500",SYP,-2.632,USD,ارارات
08/12/2019,Cash,Transport,-350,SYP,-0.368,USD,
09/12/2019,Cash,Eating out,-300,SYP,-0.315,USD,فطاير
09/12/2019,Cash,Sports,-900,SYP,-0.947,USD,
09/12/2019,Cash,Transport,-100,SYP,-0.105,USD,
10/12/2019,Cash,Clothes,"-9,000",SYP,-9.477,USD,بوط
10/12/2019,Cash,Transport,-200,SYP,-0.21,USD,
11/12/2019,Cash,Transport,-200,SYP,-0.21,USD,
11/12/2019,Cash,Eating out,-250,SYP,-0.263,USD,فطاير
11/12/2019,Cash,Sports,-900,SYP,-0.947,USD,
12/12/2019,Cash,Transport,-150,SYP,-0.157,USD,
12/12/2019,Cash,Entertainment,"-2,000",SYP,-2.106,USD,درب الحجر
13/12/2019,Cash,Deposits,"-7,000",SYP,-7.371,USD,جمعية
13/12/2019,Cash,Bills,-500,SYP,-0.526,USD,جامع
13/12/2019,Cash,House,"-1,250",SYP,-1.316,USD,فواكه
13/12/2019,Cash,Entertainment,"-1,400",SYP,-1.474,USD,سواح
13/12/2019,Cash,Eating out,"-3,500",SYP,-3.685,USD,بيغ فيلر
14/12/2019,Cash,Entertainment,"-1,000",SYP,-1.053,USD,سواح
14/12/2019,Cash,Transport,-150,SYP,-0.157,USD,
14/12/2019,Cash,Eating out,"-1,200",SYP,-1.263,USD,شاورما
15/12/2019,Cash,Transport,-200,SYP,-0.21,USD,
15/12/2019,Cash,Communications,-500,SYP,-0.526,USD,
16/12/2019,Cash,Eating out,-300,SYP,-0.315,USD,فلافل
16/12/2019,Cash,Taxi,-700,SYP,-0.737,USD,
16/12/2019,Cash,Transport,-200,SYP,-0.21,USD,
16/12/2019,Cash,Electronics,"-14,000",SYP,-14.742,USD,راوتر
16/12/2019,Cash,Sports,"-1,000",SYP,-1.053,USD,
16/12/2019,Cash,Electronics,"-14,500",SYP,-15.268,USD,بطارية
17/12/2019,Cash,Eating out,-300,SYP,-0.315,USD,فطاير
17/12/2019,Cash,Transport,-150,SYP,-0.157,USD,
18/12/2019,Cash,Entertainment,-800,SYP,-0.842,USD,سواح
18/12/2019,Cash,Eating out,"-1,700",SYP,-1.79,USD,سوبريم
18/12/2019,Cash,Sports,-500,SYP,-0.526,USD,
18/12/2019,Cash,Eating out,"-1,000",SYP,-1.053,USD,شاورما
19/12/2019,Cash,Eating out,-200,SYP,-0.21,USD,فطاير
19/12/2019,Cash,Transport,-200,SYP,-0.21,USD,
19/12/2019,Cash,Eating out,"-3,500",SYP,-3.685,USD,بلانت
19/12/2019,Cash,Salary,"10,000",SYP,10.53,USD,اضافي
20/12/2019,Cash,Deposits,"-7,000",SYP,-7.371,USD,جمعية
20/12/2019,Cash,Bills,-500,SYP,-0.526,USD,جامع
20/12/2019,Cash,House,"-2,600",SYP,-2.737,USD,صور
21/12/2019,Cash,House,"-2,200",SYP,-2.316,USD,جواز سفر
21/12/2019,Cash,House,"-26,000",SYP,-27.378,USD,جواز سفر
21/12/2019,Cash,Entertainment,"-1,000",SYP,-1.053,USD,سواح
21/12/2019,Cash,Eating out,"-2,300",SYP,-2.421,USD,بيغ فيلر
21/12/2019,Cash,Transport,-200,SYP,-0.21,USD,
21/12/2019,Cash,Taxi,-900,SYP,-0.947,USD,
22/12/2019,Cash,Taxi,"-2,500",SYP,-2.632,USD,
22/12/2019,Cash,Taxi,"-1,500",SYP,-1.579,USD,
22/12/2019,Cash,Transport,-300,SYP,-0.315,USD,
22/12/2019,Cash,Eating out,"-1,300",SYP,-1.368,USD,شاورما
22/12/2019,Cash,Entertainment,"-1,500",SYP,-1.579,USD,سواح
22/12/2019,Cash,House,"-5,000",SYP,-5.265,USD,جواز سفر
23/12/2019,Cash,Eating out,-500,SYP,-0.526,USD,فول
23/12/2019,Cash,Sports,-700,SYP,-0.737,USD,
23/12/2019,Cash,Transport,-200,SYP,-0.21,USD,
24/12/2019,Cash,Entertainment,-350,SYP,-0.368,USD,سواح
24/12/2019,Cash,Transport,-200,SYP,-0.21,USD,
25/12/2019,Cash,Eating out,-300,SYP,-0.315,USD,فلافل
25/12/2019,Cash,Transport,-150,SYP,-0.157,USD,
25/12/2019,Cash,Sports,"-1,000",SYP,-1.053,USD,
26/12/2019,Cash,Transport,-150,SYP,-0.157,USD,
26/12/2019,Cash,Eating out,-200,SYP,-0.21,USD,فطاير
27/12/2019,Cash,Shaving,"-1,500",SYP,-1.579,USD,
27/12/2019,Cash,Deposits,"-7,000",SYP,-7.371,USD,جمعية
30/12/2019,Cash,Eating out,-450,SYP,-0.473,USD,فول
30/12/2019,Cash,Transport,-200,SYP,-0.21,USD,
30/12/2019,Cash,Communications,-550,SYP,-0.579,USD,
30/12/2019,Cash,Transport,-250,SYP,-0.263,USD,
30/12/2019,Cash,Eating out,-500,SYP,-0.526,USD,فطاير
31/12/2019,Cash,Eating out,"-1,300",SYP,-1.368,USD,بيغ فيلر
31/12/2019,Cash,Transport,-150,SYP,-0.157,USD,
01/01/2020,Cash,Deposits,"-30,000",SYP,-32.88,USD,جمعية
01/01/2020,Cash,Salary,"236,500",SYP,259.204,USD,
01/01/2020,Cash,Communications,"-5,500",SYP,-6.028,USD,
01/01/2020,Cash,Communications,"-6,800",SYP,-7.452,USD,انترنت
02/01/2020,Cash,Sports,-900,SYP,-0.986,USD,
02/01/2020,Cash,Entertainment,"-2,700",SYP,-2.959,USD,درب الحجر
02/01/2020,Cash,Transport,-250,SYP,-0.274,USD,
03/01/2020,Cash,Deposits,"-7,000",SYP,-7.672,USD,جمعية
03/01/2020,Cash,Taxi,"-1,000",SYP,-1.096,USD,
03/01/2020,Cash,Eating out,"-2,500",SYP,-2.74,USD,برغر
03/01/2020,Cash,Entertainment,"-2,000",SYP,-2.192,USD,درب الحجر
04/01/2020,Cash,Gifts,"100,000",SYP,109.6,USD,عبدو
04/01/2020,Cash,Eating out,"-3,500",SYP,-3.836,USD,تشكن ارارات
04/01/2020,Cash,Transport,-400,SYP,-0.438,USD,
05/01/2020,Cash,Transport,-200,SYP,-0.219,USD,
06/01/2020,Cash,Food,-200,SYP,-0.219,USD,بسكوت
06/01/2020,Cash,Sports,-800,SYP,-0.876,USD,
06/01/2020,Cash,Transport,-200,SYP,-0.219,USD,
07/01/2020,Cash,Transport,-150,SYP,-0.164,USD,
07/01/2020,Cash,Eating out,"-2,100",SYP,-2.301,USD,شيش
07/01/2020,Cash,To 'Bank',"-275,000",SYP,-301.4,USD,
07/01/2020,Bank,From 'Cash',"275,000",SYP,301.4,USD,
08/01/2020,Cash,Eating out,-200,SYP,-0.219,USD,فطاير
09/01/2020,Cash,Transport,-150,SYP,-0.164,USD,
09/01/2020,Cash,Taxi,-500,SYP,-0.548,USD,
10/01/2020,Cash,Entertainment,"-1,500",SYP,-1.644,USD,سواح
10/01/2020,Cash,Eating out,"-1,200",SYP,-1.315,USD,شاورما
10/01/2020,Cash,Deposits,"-7,000",SYP,-7.672,USD,جمعية
10/01/2020,Cash,Bills,-200,SYP,-0.219,USD,جامع
11/01/2020,Cash,Food,-200,SYP,-0.219,USD,كلير
11/01/2020,Cash,Transport,-200,SYP,-0.219,USD,
11/01/2020,Cash,Electronics,-800,SYP,-0.876,USD,سماعات
12/01/2020,Cash,Taxi,"-2,000",SYP,-2.192,USD,
12/01/2020,Cash,Food,-300,SYP,-0.328,USD,
12/01/2020,Cash,Study,-200,SYP,-0.219,USD,
12/01/2020,Cash,Entertainment,-200,SYP,-0.219,USD,سواح
12/01/2020,Cash,Sports,-800,SYP,-0.876,USD,
13/01/2020,Cash,Transport,-150,SYP,-0.164,USD,
14/01/2020,Cash,Eating out,"-3,500",SYP,-3.836,USD,بلانت
14/01/2020,Cash,Transport,-250,SYP,-0.274,USD,
15/01/2020,Cash,Transport,-150,SYP,-0.164,USD,
15/01/2020,Cash,Shaving,"-1,500",SYP,-1.644,USD,
16/01/2020,Cash,Transport,-200,SYP,-0.162,USD,
17/01/2020,Cash,Bills,-500,SYP,-0.406,USD,جامع
17/01/2020,Cash,Deposits,"-7,000",SYP,-5.691,USD,جمعية
18/01/2020,Cash,Transport,-200,SYP,-0.162,USD,
18/01/2020,Cash,Entertainment,"-1,300",SYP,-1.056,USD,سواح
18/01/2020,Cash,Taxi,-500,SYP,-0.406,USD,
18/01/2020,Cash,Eating out,"-1,400",SYP,-1.138,USD,شاورما
19/01/2020,Cash,Transport,-150,SYP,-0.121,USD,
19/01/2020,Cash,Sports,"-1,000",SYP,-0.813,USD,
20/01/2020,Cash,Study,-300,SYP,-0.243,USD,تصوير
20/01/2020,Cash,Study,"-2,000",SYP,-1.626,USD,جامعة
20/01/2020,Cash,Transport,-350,SYP,-0.284,USD,
21/01/2020,Cash,Transport,-150,SYP,-0.121,USD,
21/01/2020,Cash,Eating out,-300,SYP,-0.243,USD,فلافل
22/01/2020,Cash,Transport,-200,SYP,-0.162,USD,
23/01/2020,Cash,House,"-2,000",SYP,-1.626,USD,قهوة
23/01/2020,Cash,Transport,-200,SYP,-0.162,USD,
23/01/2020,Cash,Eating out,"-2,700",SYP,-2.195,USD,شاورما
24/01/2020,Cash,Bills,-400,SYP,-0.325,USD,جامع
24/01/2020,Cash,Deposits,"-7,000",SYP,-5.691,USD,جمعية
25/01/2020,Cash,Entertainment,"-2,000",SYP,-1.626,USD,درب الحجر
25/01/2020,Cash,Eating out,"-2,700",SYP,-2.195,USD,زنجر
25/01/2020,Cash,Transport,-200,SYP,-0.162,USD,
25/01/2020,Cash,Taxi,-500,SYP,-0.406,USD,
25/01/2020,Cash,Entertainment,-500,SYP,-0.406,USD,سواح
26/01/2020,Cash,Transport,-150,SYP,-0.121,USD,
26/01/2020,Cash,Sports,-900,SYP,-0.731,USD,
27/01/2020,Cash,Transport,-200,SYP,-0.162,USD,
28/01/2020,Cash,Eating out,-500,SYP,-0.406,USD,تسقية
28/01/2020,Cash,Transport,-100,SYP,-0.081,USD,
29/01/2020,Cash,Transport,-200,SYP,-0.162,USD,
30/01/2020,Cash,Communications,"-5,300",SYP,-4.308,USD,انترنت
30/01/2020,Cash,Communications,"-5,500",SYP,-4.471,USD,وحدات
30/01/2020,Cash,Food,-850,SYP,-0.691,USD,بسكوت
30/01/2020,Cash,Entertainment,"-2,000",SYP,-1.626,USD,درب الحجر
31/01/2020,Cash,Bills,-200,SYP,-0.162,USD,جامع
31/01/2020,Cash,Deposits,"-7,000",SYP,-5.691,USD,جمعية
01/02/2020,Cash,Deposits,"-30,000",SYP,-24.39,USD,جمعية
01/02/2020,Cash,Salary,"260,000",SYP,211.38,USD,
01/02/2020,Cash,Transport,-150,SYP,-0.121,USD,
02/02/2020,Cash,Sports,-900,SYP,-0.731,USD,
03/02/2020,Cash,Transport,-100,SYP,-0.081,USD,
04/02/2020,Cash,Communications,-800,SYP,-0.65,USD,ارضي
04/02/2020,Cash,Transport,-350,SYP,-0.284,USD,
05/02/2020,Cash,Transport,-50,SYP,-0.04,USD,
05/02/2020,Cash,Transport,-50,SYP,-0.04,USD,
05/02/2020,Cash,Eating out,-500,SYP,-0.406,USD,فول
06/02/2020,Cash,Entertainment,"-3,000",SYP,-2.439,USD,بوكا
06/02/2020,Cash,Eating out,"-2,000",SYP,-1.626,USD,ارارات
06/02/2020,Cash,Eating out,"-1,000",SYP,-0.813,USD,ارارات
06/02/2020,Cash,Transport,-200,SYP,-0.162,USD,
07/02/2020,Cash,Bills,-500,SYP,-0.406,USD,جامع
07/02/2020,Cash,Electronics,"-1,000",SYP,-0.813,USD,سماعات
07/02/2020,Cash,Deposits,"-7,000",SYP,-5.691,USD,جمعية
08/02/2020,Cash,Transport,-150,SYP,-0.121,USD,
08/02/2020,Cash,Eating out,-250,SYP,-0.203,USD,فطاير
09/02/2020,Cash,Eating out,"-4,000",SYP,-3.252,USD,شوكو سوامب
09/02/2020,Cash,Transport,-350,SYP,-0.284,USD,
09/02/2020,Cash,Eating out,-250,SYP,-0.203,USD,فطاير
10/02/2020,Cash,Entertainment,-500,SYP,-0.406,USD,سواح
10/02/2020,Cash,Eating out,"-1,300",SYP,-1.056,USD,شاورما
10/02/2020,Cash,Transport,-100,SYP,-0.081,USD,
10/02/2020,Cash,To 'Bank',"-200,000",SYP,-162.6,USD,
10/02/2020,Bank,From 'Cash',"200,000",SYP,162.6,USD,
11/02/2020,Cash,Transport,-100,SYP,-0.081,USD,
11/02/2020,Cash,Taxi,-600,SYP,-0.487,USD,
11/02/2020,Cash,Eating out,-300,SYP,-0.243,USD,فلافل
13/02/2020,Cash,Transport,-250,SYP,-0.203,USD,
13/02/2020,Cash,Bills,"-2,000",SYP,-1.626,USD,سماهر
14/02/2020,Cash,Deposits,"-7,000",SYP,-5.691,USD,جمعية
14/02/2020,Cash,Bills,-500,SYP,-0.406,USD,جامع
16/02/2020,Cash,Entertainment,-500,SYP,-0.406,USD,سواح
16/02/2020,Cash,Transport,-100,SYP,-0.081,USD,
17/02/2020,Cash,Transport,-150,SYP,-0.121,USD,
17/02/2020,Cash,Transport,-200,SYP,-0.162,USD,
18/02/2020,Cash,Clothes,"-10,000",SYP,-8.13,USD,جاكيت
18/02/2020,Cash,Transport,-150,SYP,-0.121,USD,
19/02/2020,Cash,Transport,-150,SYP,-0.121,USD,
20/02/2020,Cash,Transport,-150,SYP,-0.121,USD,
21/02/2020,Cash,Food,"-1,500",SYP,-1.219,USD,شوكولا
21/02/2020,Cash,Transport,-300,SYP,-0.243,USD,
21/02/2020,Cash,Eating out,"-3,500",SYP,-2.845,USD,واتساب
21/02/2020,Cash,Deposits,"-7,000",SYP,-5.691,USD,جمعية
21/02/2020,Cash,House,"-8,200",SYP,-6.666,USD,لبن وجبنة
21/02/2020,Cash,Bills,-500,SYP,-0.406,USD,جامع
22/02/2020,Cash,Taxi,-500,SYP,-0.406,USD,
22/02/2020,Cash,Eating out,"-1,500",SYP,-1.219,USD,شاورما
22/02/2020,Cash,Entertainment,"-1,500",SYP,-1.219,USD,سواح
23/02/2020,Cash,Transport,-100,SYP,-0.081,USD,
24/02/2020,Cash,Sports,"-1,800",SYP,-1.463,USD,
24/02/2020,Cash,Eating out,"-2,100",SYP,-1.707,USD,شيش
24/02/2020,Cash,Transport,-150,SYP,-0.121,USD,
25/02/2020,Cash,Eating out,"-2,200",SYP,-1.788,USD,بيتزا
25/02/2020,Cash,Entertainment,"-1,000",SYP,-0.813,USD,سواح
25/02/2020,Cash,Transport,-250,SYP,-0.203,USD,
26/02/2020,Cash,Eating out,"-3,500",SYP,-2.845,USD,كريسبي
27/02/2020,Cash,Transport,-600,SYP,-0.487,USD,
27/02/2020,Cash,Taxi,"-1,000",SYP,-0.813,USD,
28/02/2020,Cash,Eating out,-500,SYP,-0.406,USD,بوظة
28/02/2020,Cash,Eating out,"-4,000",SYP,-3.252,USD,فروج
28/02/2020,Cash,Entertainment,"-1,000",SYP,-0.813,USD,سواح
28/02/2020,Cash,Electronics,"-6,000",SYP,-4.878,USD,باوربانك
28/02/2020,Cash,Transport,-100,SYP,-0.081,USD,
28/02/2020,Cash,Bills,-500,SYP,-0.406,USD,جامع
28/02/2020,Cash,Deposits,"-7,000",SYP,-5.691,USD,جمعية
28/02/2020,Cash,Android,"125,000",SYP,101.625,USD,
29/02/2020,Cash,Transport,-150,SYP,-0.121,USD,
29/02/2020,Cash,Communications,"-5,650",SYP,-4.593,USD,وحدات
29/02/2020,Cash,Shaving,"-1,500",SYP,-1.219,USD,
29/02/2020,Cash,House,"-9,000",SYP,-7.317,USD,عسل
01/03/2020,Cash,Deposits,"140,000",SYP,113.82,USD,جمعية
01/03/2020,Cash,Deposits,"-30,000",SYP,-24.39,USD,جمعية
01/03/2020,Cash,Salary,"17,300",SYP,14.064,USD,اضافي
01/03/2020,Cash,Salary,"20,000",SYP,16.26,USD,اضافي
01/03/2020,Cash,Salary,"251,400",SYP,204.388,USD,
01/03/2020,Cash,Gifts,"-25,000",SYP,-20.325,USD,نورا
01/03/2020,Cash,Transport,-100,SYP,-0.081,USD,
02/03/2020,Cash,Entertainment,-800,SYP,-0.65,USD,ابو احمد
02/03/2020,Cash,Transport,-150,SYP,-0.121,USD,
02/03/2020,Cash,House,"-3,000",SYP,-2.439,USD,بيتزا
03/03/2020,Cash,Transport,-150,SYP,-0.121,USD,
04/03/2020,Cash,Taxi,"-1,000",SYP,-0.813,USD,
04/03/2020,Cash,Communications,"-5,500",SYP,-4.471,USD,انترنت
04/03/2020,Cash,Transport,-350,SYP,-0.284,USD,
04/03/2020,Cash,Eating out,"-2,000",SYP,-1.626,USD,شاورما
05/03/2020,Cash,Eating out,-250,SYP,-0.203,USD,فطاير
05/03/2020,Cash,Transport,-150,SYP,-0.121,USD,
06/03/2020,Cash,Deposits,"-7,000",SYP,-5.691,USD,
06/03/2020,Cash,Taxi,"-1,000",SYP,-0.813,USD,
06/03/2020,Cash,Entertainment,"-1,500",SYP,-1.219,USD,سواح
06/03/2020,Cash,Transport,-100,SYP,-0.081,USD,
06/03/2020,Cash,Entertainment,-400,SYP,-0.325,USD,ميلو
07/03/2020,Cash,Entertainment,"-1,500",SYP,-1.219,USD,سواح
07/03/2020,Cash,Eating out,"-2,100",SYP,-1.707,USD,كريسبي
07/03/2020,Cash,Gifts,"-5,000",SYP,-4.065,USD,طوق
08/03/2020,Cash,Sports,-900,SYP,-0.731,USD,
08/03/2020,Cash,House,"-1,700",SYP,-1.382,USD,معمول
08/03/2020,Cash,Transport,-200,SYP,-0.162,USD,
08/03/2020,Cash,Clothes,"-10,000",SYP,-8.13,USD,بوط
08/03/2020,Cash,Clothes,"-7,000",SYP,-5.691,USD,بوط
09/03/2020,Cash,Transport,-100,SYP,-0.081,USD,
10/03/2020,Cash,Entertainment,"-3,000",SYP,-2.439,USD,درب الحجر
10/03/2020,Cash,House,"-2,200",SYP,-1.788,USD,قهوة
10/03/2020,Cash,Transport,-450,SYP,-0.365,USD,
10/03/2020,Cash,Eating out,"-4,500",SYP,-3.658,USD,واتساب
11/03/2020,Cash,To 'Bank',"-300,000",SYP,-243.9,USD,
11/03/2020,Bank,From 'Cash',"300,000",SYP,243.9,USD,
11/03/2020,Cash,Gifts,"-1,500",SYP,-1.219,USD,كفر
11/03/2020,Cash,Entertainment,-600,SYP,-0.487,USD,سواح
11/03/2020,Cash,Entertainment,"-2,200",SYP,-1.788,USD,درب الحجر
11/03/2020,Cash,Transport,-150,SYP,-0.121,USD,
12/03/2020,Cash,Transport,-200,SYP,-0.162,USD,
12/03/2020,Cash,Salary,"50,000",SYP,40.65,USD,مكافأة
13/03/2020,Cash,Deposits,"-7,000",SYP,-5.691,USD,
14/03/2020,Cash,Taxi,"-1,000",SYP,-0.813,USD,
14/03/2020,Cash,Deposits,"210,000",SYP,170.73,USD,جمعية
15/03/2020,Cash,Health,"-1,800",SYP,-1.463,USD,فيتامين
15/03/2020,Cash,Eating out,"-5,000",SYP,-4.065,USD,بيتزا + بطاطا
15/03/2020,Cash,Transport,-200,SYP,-0.162,USD,
15/03/2020,Cash,Sports,-900,SYP,-0.731,USD,
16/03/2020,Cash,Transport,-200,SYP,-0.162,USD,
17/03/2020,Cash,Entertainment,"-5,000",SYP,-4.065,USD,درب الحجر
17/03/2020,Cash,Transport,-200,SYP,-0.162,USD,
18/03/2020,Cash,Transport,-150,SYP,-0.121,USD,
19/03/2020,Cash,Bills,"-2,000",SYP,-1.626,USD,ام انس
20/03/2020,Cash,House,"-1,200",SYP,-0.975,USD,كولا
20/03/2020,Cash,Bills,"-2,000",SYP,-1.626,USD,نغم
20/03/2020,Cash,Babies,"-6,000",SYP,-4.878,USD,
20/03/2020,Cash,Bills,"-2,000",SYP,-1.626,USD,جامع
20/03/2020,Cash,Deposits,"-7,000",SYP,-5.691,USD,
21/03/2020,Cash,Taxi,"-1,000",SYP,-0.813,USD,
21/03/2020,Cash,Food,-400,SYP,-0.325,USD,مي
21/03/2020,Cash,Food,-700,SYP,-0.569,USD,خبز
21/03/2020,Cash,Food,-300,SYP,-0.243,USD,نسكافيه
21/03/2020,Cash,Eating out,"-3,500",SYP,-2.845,USD,شيش
21/03/2020,Cash,Gifts,"-3,500",SYP,-2.845,USD,ورد
21/03/2020,Cash,Transport,-600,SYP,-0.487,USD,
21/03/2020,Cash,Health,"-15,300",SYP,-12.438,USD,تحاليل
21/03/2020,Cash,Gifts,"-40,000",SYP,-32.52,USD,ماما
22/03/2020,Cash,Transport,-200,SYP,-0.162,USD,
23/03/2020,Cash,Transport,-200,SYP,-0.162,USD,
26/03/2020,Cash,Taxi,-700,SYP,-0.569,USD,شغل
27/03/2020,Cash,Deposits,"-7,000",SYP,-5.691,USD,
29/03/2020,Cash,House,"-6,000",SYP,-4.878,USD,منظفات
29/03/2020,Cash,House,"-2,200",SYP,-1.788,USD,بزورية
29/03/2020,Cash,House,"-6,900",SYP,-5.609,USD,منظفات
29/03/2020,Cash,House,"-2,800",SYP,-2.276,USD,بزورية
29/03/2020,Cash,Gifts,"15,000",SYP,12.195,USD,عهد
30/03/2020,Cash,Communications,"-5,500",SYP,-4.471,USD,وحدات
30/03/2020,Cash,Taxi,"-1,000",SYP,-0.813,USD,
30/03/2020,Cash,Food,-200,SYP,-0.162,USD,مي
30/03/2020,Cash,House,-700,SYP,-0.569,USD,خل
30/03/2020,Cash,Taxi,-800,SYP,-0.65,USD,شغل
30/03/2020,Cash,House,"-4,500",SYP,-3.658,USD,كاتو
30/03/2020,Cash,House,"-1,200",SYP,-0.975,USD,برتقال
30/03/2020,Cash,Eating out,"-2,500",SYP,-2.032,USD,بطاطا
30/03/2020,Cash,Food,-100,SYP,-0.081,USD,خبز
01/04/2020,Cash,Gifts,"10,000",SYP,8.13,USD,نورا
01/04/2020,Cash,Gifts,"6,000",SYP,4.878,USD,محمود
01/04/2020,Cash,Gifts,"10,000",SYP,8.13,USD,رغدة
01/04/2020,Cash,House,"-5,000",SYP,-4.065,USD,بزورية
01/04/2020,Cash,Gifts,"5,000",SYP,4.065,USD,تيتة
01/04/2020,Cash,Gifts,"20,000",SYP,16.26,USD,ماما
01/04/2020,Cash,Salary,"260,000",SYP,211.38,USD,
01/04/2020,Cash,Deposits,"-30,000",SYP,-24.39,USD,
01/04/2020,Cash,Gifts,"8,000",SYP,6.504,USD,محمد
03/04/2020,Cash,Deposits,"-7,000",SYP,-5.691,USD,
04/04/2020,Cash,Communications,"-5,500",SYP,-4.471,USD,انترنت
08/04/2020,Cash,Taxi,"-2,000",SYP,-1.626,USD,
08/04/2020,Cash,House,"-3,000",SYP,-2.439,USD,فواكه
08/04/2020,Cash,House,"-4,800",SYP,-3.902,USD,بزورية
08/04/2020,Cash,Taxi,-700,SYP,-0.569,USD,
08/04/2020,Cash,Taxi,"-1,000",SYP,-0.813,USD,
08/04/2020,Cash,Entertainment,"-1,200",SYP,-0.975,USD,ايس كوفي
09/04/2020,Cash,House,"-3,600",SYP,-2.926,USD,بزورية
09/04/2020,Cash,House,"-1,100",SYP,-0.894,USD,بيض
10/04/2020,Cash,Deposits,"-7,000",SYP,-5.691,USD,
13/04/2020,Cash,House,"-20,000",SYP,-16.26,USD,
17/04/2020,Cash,Deposits,"-7,000",SYP,-5.691,USD,
18/04/2020,Cash,Taxi,-700,SYP,-0.569,USD,
18/04/2020,Cash,Taxi,-800,SYP,-0.65,USD,
18/04/2020,Cash,Eating out,"-2,000",SYP,-1.626,USD,فول
19/04/2020,Cash,Eating out,"-1,000",SYP,-0.813,USD,فطاير
19/04/2020,Cash,Health,-400,SYP,-0.325,USD,
19/04/2020,Cash,Food,-400,SYP,-0.325,USD,مي
19/04/2020,Cash,Eating out,-600,SYP,-0.487,USD,بيتزا
19/04/2020,Cash,Taxi,-800,SYP,-0.65,USD,
19/04/2020,Cash,Taxi,-800,SYP,-0.65,USD,
22/04/2020,Cash,Taxi,-800,SYP,-0.65,USD,شغل
22/04/2020,Cash,Taxi,-500,SYP,-0.406,USD,شغل
23/04/2020,Cash,Taxi,"-1,000",SYP,-0.813,USD,
23/04/2020,Cash,Entertainment,-600,SYP,-0.487,USD,عصير
23/04/2020,Cash,House,-200,SYP,-0.162,USD,محارم
24/04/2020,Cash,Deposits,"-7,000",SYP,-5.691,USD,
25/04/2020,Cash,House,"-4,000",SYP,-3.252,USD,بزورية
25/04/2020,Cash,House,"-3,300",SYP,-2.682,USD,منظفات
25/04/2020,Cash,House,"-1,000",SYP,-0.813,USD,توم
28/04/2020,Cash,Taxi,-800,SYP,-0.65,USD,شغل
28/04/2020,Cash,Taxi,"-1,000",SYP,-0.813,USD,شغل
28/04/2020,Cash,House,"-3,300",SYP,-2.682,USD,منظفات
28/04/2020,Cash,House,"-1,600",SYP,-1.3,USD,بزورية
29/04/2020,Cash,Communications,"-5,500",SYP,-4.471,USD,وحدات
30/04/2020,Cash,Taxi,-700,SYP,-0.569,USD,شغل
30/04/2020,Cash,Taxi,"-1,000",SYP,-0.813,USD,شغل
30/04/2020,Cash,Communications,-600,SYP,-0.487,USD,ارضي
30/04/2020,Cash,Communications,"-5,500",SYP,-4.471,USD,انترنت
01/05/2020,Cash,Salary,"273,000",SYP,221.949,USD,
01/05/2020,Cash,Deposits,"-7,000",SYP,-5.691,USD,
01/05/2020,Cash,House,"-3,000",SYP,-2.439,USD,بيتزا
03/05/2020,Cash,House,"-3,900",SYP,-3.17,USD,خضار
03/05/2020,Cash,Taxi,-700,SYP,-0.569,USD,شغل
03/05/2020,Cash,House,-800,SYP,-0.65,USD,فريز
03/05/2020,Cash,House,"-2,400",SYP,-1.951,USD,منظفات
03/05/2020,Cash,Taxi,-700,SYP,-0.569,USD,شغل
03/05/2020,Cash,House,"-2,000",SYP,-1.626,USD,معروك
04/05/2020,Cash,Taxi,-700,SYP,-0.569,USD,شغل
04/05/2020,Cash,Taxi,-800,SYP,-0.65,USD,شغل
05/05/2020,Cash,Taxi,-800,SYP,-0.65,USD,شغل
05/05/2020,Cash,Taxi,-800,SYP,-0.65,USD,شغل
07/05/2020,Cash,Taxi,-800,SYP,-0.65,USD,شغل
07/05/2020,Cash,Taxi,"-1,500",SYP,-1.219,USD,
07/05/2020,Cash,Food,-500,SYP,-0.406,USD,مايونيز
07/05/2020,Cash,Taxi,"-1,200",SYP,-0.975,USD,
08/05/2020,Cash,Deposits,"-7,000",SYP,-5.691,USD,
08/05/2020,Cash,House,-200,SYP,-0.162,USD,سوس
08/05/2020,Cash,House,"-1,500",SYP,-1.219,USD,خبز
08/05/2020,Cash,Health,"-1,200",SYP,-0.975,USD,فيتامين
10/05/2020,Cash,Transport,-150,SYP,-0.121,USD,
11/05/2020,Cash,Taxi,-600,SYP,-0.487,USD,
11/05/2020,Cash,House,"-1,000",SYP,-0.813,USD,فريز
11/05/2020,Cash,Transport,-100,SYP,-0.081,USD,
11/05/2020,Cash,Taxi,"-1,000",SYP,-0.813,USD,
12/05/2020,Cash,Transport,-150,SYP,-0.095,USD,
13/05/2020,Cash,Gifts,"-2,000",SYP,-1.27,USD,يامن
13/05/2020,Cash,Transport,-150,SYP,-0.095,USD,
14/05/2020,Cash,Bills,"-2,000",SYP,-1.27,USD,جامع
14/05/2020,Cash,Transport,-150,SYP,-0.095,USD,
15/05/2020,Cash,Deposits,"-7,000",SYP,-4.445,USD,
16/05/2020,Cash,Taxi,"-1,000",SYP,-0.635,USD,
16/05/2020,Cash,Transport,-50,SYP,-0.031,USD,
16/05/2020,Cash,Taxi,"-1,000",SYP,-0.635,USD,
16/05/2020,Cash,Taxi,-500,SYP,-0.317,USD,
17/05/2020,Cash,House,"-2,800",SYP,-1.778,USD,قهوة
17/05/2020,Cash,Transport,-150,SYP,-0.095,USD,
18/05/2020,Cash,Transport,-100,SYP,-0.063,USD,
19/05/2020,Cash,Shaving,"-2,000",SYP,-1.27,USD,
19/05/2020,Cash,Communications,-500,SYP,-0.317,USD,وحدات
19/05/2020,Cash,Transport,-150,SYP,-0.095,USD,
21/05/2020,Cash,Health,"-1,500",SYP,-0.952,USD,
21/05/2020,Cash,House,-400,SYP,-0.254,USD,حمص
21/05/2020,Cash,House,-300,SYP,-0.19,USD,خبز
21/05/2020,Cash,House,"-1,000",SYP,-0.635,USD,فريز
22/05/2020,Cash,House,"-1,300",SYP,-0.825,USD,خيار + بندورة
22/05/2020,Cash,Deposits,"-7,000",SYP,-4.445,USD,
22/05/2020,Cash,House,"-3,200",SYP,-2.032,USD,بزورية
22/05/2020,Cash,House,"-1,000",SYP,-0.635,USD,لبن
22/05/2020,Cash,House,"-2,900",SYP,-1.841,USD,موالح
23/05/2020,Cash,House,"-4,800",SYP,-3.048,USD,لبنة وجبنة
23/05/2020,Cash,House,-500,SYP,-0.317,USD,خضار
23/05/2020,Cash,House,"-1,000",SYP,-0.635,USD,مشمش
24/05/2020,Cash,Gifts,"-10,000",SYP,-6.35,USD,نورا
24/05/2020,Cash,Gifts,"-3,000",SYP,-1.905,USD,اطفال
25/05/2020,Cash,Transport,-100,SYP,-0.063,USD,
26/05/2020,Cash,Transport,-100,SYP,-0.063,USD,
26/05/2020,Cash,Gifts,"-2,000",SYP,-1.27,USD,نغم
27/05/2020,Cash,Transport,-150,SYP,-0.095,USD,
27/05/2020,Cash,Eating out,"-1,700",SYP,-1.079,USD,شاورما + توصيل
28/05/2020,Cash,Transport,-100,SYP,-0.063,USD,
29/05/2020,Cash,Bills,-500,SYP,-0.317,USD,جامع
29/05/2020,Cash,Communications,"-5,500",SYP,-3.492,USD,وحدات
29/05/2020,Cash,Deposits,"-7,000",SYP,-4.445,USD,
30/05/2020,Cash,Clothes,"-11,000",SYP,-6.985,USD,بوط
30/05/2020,Cash,Electronics,"-5,500",SYP,-3.492,USD,لزقة + كفر
31/05/2020,Cash,Sports,"-1,000",SYP,-0.635,USD,
31/05/2020,Cash,Transport,-150,SYP,-0.095,USD,
01/06/2020,Cash,Salary,"273,000",SYP,142.233,USD,
01/06/2020,Cash,Transport,-150,SYP,-0.078,USD,
02/06/2020,Cash,Transport,-100,SYP,-0.052,USD,
02/06/2020,Cash,Eating out,"-3,000",SYP,-1.563,USD,كرانشي
02/06/2020,Cash,Entertainment,"-1,300",SYP,-0.677,USD,سواح
03/06/2020,Cash,Taxi,-500,SYP,-0.26,USD,
03/06/2020,Cash,Transport,-100,SYP,-0.052,USD,
03/06/2020,Cash,To 'Bank',"-400,000",SYP,-208.4,USD,
03/06/2020,Bank,From 'Cash',"400,000",SYP,208.4,USD,
03/06/2020,Cash,Communications,"-5,500",SYP,-2.865,USD,انترنت
04/06/2020,Cash,Communications,-500,SYP,-0.26,USD,وحدات
04/06/2020,Cash,Transport,-200,SYP,-0.104,USD,
05/06/2020,Cash,House,-600,SYP,-0.312,USD,خيار + بندورة
05/06/2020,Cash,Bills,-500,SYP,-0.26,USD,جامع
05/06/2020,Cash,Deposits,"-7,000",SYP,-3.647,USD,
05/06/2020,Cash,House,"-8,900",SYP,-4.636,USD,بزورية
06/06/2020,Cash,Eating out,"-2,500",SYP,-1,USD,سوبريم
06/06/2020,Cash,Transport,-100,SYP,-0.04,USD,
06/06/2020,Cash,Entertainment,"-6,000",SYP,-2.4,USD,درب الحجر
07/06/2020,Cash,Sports,"-1,000",SYP,-0.345,USD,
07/06/2020,Cash,Transport,-250,SYP,-0.086,USD,
08/06/2020,Cash,Salary,"12,400",SYP,4.278,USD,مواصلات
08/06/2020,Cash,Eating out,"-2,000",SYP,-0.69,USD,الرضا
08/06/2020,Cash,Eating out,"-3,000",SYP,-1.035,USD,الرضا
08/06/2020,Cash,Eating out,-600,SYP,-0.207,USD,بطاطا
08/06/2020,Cash,Taxi,-700,SYP,-0.241,USD,
08/06/2020,Cash,Taxi,"-1,000",SYP,-0.345,USD,
09/06/2020,Cash,Transport,-350,SYP,-0.12,USD,
09/06/2020,Cash,Entertainment,"-2,200",SYP,-0.759,USD,درب الحجر
09/06/2020,Cash,Salary,"70,000",SYP,24.15,USD,تعويض
10/06/2020,Cash,Eating out,"-5,000",SYP,-2.04,USD,كوردون
10/06/2020,Cash,Transport,-550,SYP,-0.224,USD,
10/06/2020,Cash,Taxi,-500,SYP,-0.204,USD,
10/06/2020,Cash,Entertainment,-800,SYP,-0.326,USD,سواح
10/06/2020,Cash,Mobile,"-2,500",SYP,-1.02,USD,لزقة
11/06/2020,Cash,Babies,"-12,000",SYP,-4.896,USD,
11/06/2020,Cash,Transport,-150,SYP,-0.061,USD,
12/06/2020,Cash,Deposits,"-7,000",SYP,-2.856,USD,
12/06/2020,Cash,Eating out,"-12,000",SYP,-4.896,USD,شوكو سوامب
12/06/2020,Cash,Eating out,"-2,000",SYP,-0.816,USD,شاورما
12/06/2020,Cash,Shaving,"-1,000",SYP,-0.408,USD,
12/06/2020,Cash,Entertainment,-800,SYP,-0.326,USD,سواح
12/06/2020,Cash,Transport,-100,SYP,-0.04,USD,
12/06/2020,Cash,Entertainment,"-4,200",SYP,-1.713,USD,درب الحجر
12/06/2020,Cash,Taxi,"-1,000",SYP,-0.408,USD,
15/06/2020,Cash,Sports,"-1,000",SYP,-0.408,USD,
15/06/2020,Cash,Transport,-150,SYP,-0.061,USD,
15/06/2020,Cash,House,"-4,000",SYP,-1.632,USD,قهوة
16/06/2020,Cash,Salary,"35,000",SYP,12.39,USD,اضافي
16/06/2020,Cash,Transport,-150,SYP,-0.053,USD,
16/06/2020,Cash,To 'Bank',"-150,000",SYP,-53.1,USD,
16/06/2020,Bank,From 'Cash',"150,000",SYP,53.1,USD,
17/06/2020,Cash,Eating out,-600,SYP,-0.212,USD,فطاير
17/06/2020,Cash,Transport,-150,SYP,-0.053,USD,
18/06/2020,Cash,Eating out,"-1,800",SYP,-0.637,USD,شاورما + توصيل
18/06/2020,Cash,Transport,-250,SYP,-0.088,USD,
19/06/2020,Cash,Deposits,"-7,000",SYP,-2.478,USD,
20/06/2020,Cash,Transport,-200,SYP,-0.07,USD,
20/06/2020,Cash,Entertainment,"-1,300",SYP,-0.46,USD,صيف وشتا
20/06/2020,Cash,Entertainment,"-2,300",SYP,-0.814,USD,درب الحجر
21/06/2020,Cash,Transport,-150,SYP,-0.053,USD,
21/06/2020,Cash,Eating out,-600,SYP,-0.212,USD,فطاير
21/06/2020,Cash,Sports,"-2,000",SYP,-0.708,USD,
22/06/2020,Cash,Eating out,-500,SYP,-0.177,USD,فلافل
22/06/2020,Cash,Transport,-200,SYP,-0.07,USD,
23/06/2020,Cash,Transport,-150,SYP,-0.053,USD,
23/06/2020,Cash,Eating out,-600,SYP,-0.212,USD,بطاطا
23/06/2020,Cash,Health,"-1,100",SYP,-0.389,USD,
24/06/2020,Cash,Transport,-150,SYP,-0.061,USD,
25/06/2020,Cash,Clothes,"-3,000",SYP,-1.224,USD,طاقية
25/06/2020,Cash,Clothes,"-3,000",SYP,-1.224,USD,نضارة
25/06/2020,Cash,Transport,-250,SYP,-0.102,USD,
25/06/2020,Cash,Clothes,"-2,500",SYP,-1.02,USD,طاقية
25/06/2020,Cash,Eating out,"-8,000",SYP,-3.264,USD,شيش
26/06/2020,Cash,Deposits,"-7,000",SYP,-2.856,USD,
28/06/2020,Cash,Eating out,-600,SYP,-0.244,USD,فطاير
29/06/2020,Cash,Sports,"-1,000",SYP,-0.408,USD,
29/06/2020,Cash,Transport,-100,SYP,-0.04,USD,
29/06/2020,Cash,Transport,-150,SYP,-0.061,USD,
29/06/2020,Cash,Health,-700,SYP,-0.285,USD,
30/06/2020,Cash,Communications,"-5,500",SYP,-2.244,USD,وحدات
30/06/2020,Cash,Transport,-200,SYP,-0.081,USD,
30/06/2020,Cash,Shaving,"-2,000",SYP,-0.816,USD,
30/06/2020,Cash,Eating out,"-2,000",SYP,-0.816,USD,كريسبي
30/06/2020,Cash,Entertainment,"-1,900",SYP,-0.775,USD,صيف وشتا
01/07/2020,Cash,Salary,"360,000",SYP,146.88,USD,
01/07/2020,Cash,Eating out,-900,SYP,-0.367,USD,فول
01/07/2020,Cash,Transport,-150,SYP,-0.061,USD,
01/07/2020,Cash,Communications,"-5,400",SYP,-2.203,USD,انترنت
01/07/2020,Cash,Communications,"-1,400",SYP,-0.571,USD,ارضي
02/07/2020,Cash,Eating out,-700,SYP,-0.285,USD,بطاطا
02/07/2020,Cash,Transport,-200,SYP,-0.081,USD,
03/07/2020,Cash,Deposits,"-7,000",SYP,-2.856,USD,
04/07/2020,Cash,Eating out,"-1,500",SYP,-0.612,USD,شوكولا
05/07/2020,Cash,Entertainment,"-25,500",SYP,-10.404,USD,مزرعة
05/07/2020,Cash,Sports,"-1,000",SYP,-0.408,USD,
05/07/2020,Cash,Transport,-100,SYP,-0.04,USD,
05/07/2020,Cash,Taxi,-900,SYP,-0.367,USD,
06/07/2020,Cash,Taxi,"-2,000",SYP,-0.816,USD,
07/07/2020,Cash,Transport,-150,SYP,-0.061,USD,
08/07/2020,Cash,Eating out,"-2,000",SYP,-0.816,USD,شاورما
08/07/2020,Cash,Transport,-100,SYP,-0.04,USD,
09/07/2020,Cash,Transport,-150,SYP,-0.061,USD,
10/07/2020,Cash,Deposits,"-7,000",SYP,-2.856,USD,
11/07/2020,Cash,Eating out,"-4,100",SYP,-1.672,USD,الرضا
12/07/2020,Cash,Sports,"-2,000",SYP,-0.816,USD,
12/07/2020,Cash,Transport,-100,SYP,-0.04,USD,
13/07/2020,Cash,Eating out,"-1,400",SYP,-0.571,USD,فلافل
13/07/2020,Cash,Transport,-200,SYP,-0.081,USD,
13/07/2020,Cash,Health,"-2,000",SYP,-0.816,USD,مشد
13/07/2020,Cash,Entertainment,"-2,000",SYP,-0.816,USD,شدة
13/07/2020,Cash,Entertainment,"-2,500",SYP,-1.02,USD,الكمال
14/07/2020,Cash,Eating out,"-1,750",SYP,-0.714,USD,شاورما
15/07/2020,Cash,Eating out,"-2,000",SYP,-0.816,USD,بسكوت
15/07/2020,Cash,Transport,-150,SYP,-0.061,USD,
15/07/2020,Cash,Eating out,"-1,800",SYP,-0.734,USD,شيش
16/07/2020,Cash,Salary,"50,000",SYP,20.4,USD,اضافي
16/07/2020,Cash,Salary,"18,000",SYP,7.344,USD,اضافي
16/07/2020,Cash,Bills,"-4,000",SYP,-1.632,USD,معاوية
16/07/2020,Cash,House,"-4,500",SYP,-1.836,USD,قهوة
17/07/2020,Cash,Taxi,-700,SYP,-0.285,USD,
17/07/2020,Cash,Bills,-200,SYP,-0.081,USD,
17/07/2020,Cash,House,"-17,500",SYP,-7.14,USD,AM
17/07/2020,Cash,Deposits,"-7,000",SYP,-2.856,USD,
17/07/2020,Cash,House,"-2,000",SYP,-0.816,USD,Taxi
18/07/2020,Cash,Gifts,"-1,500",SYP,-0.612,USD,قداحة
18/07/2020,Cash,Entertainment,"-1,500",SYP,-0.612,USD,بوظة
18/07/2020,Cash,Eating out,"-2,500",SYP,-1.02,USD,
18/07/2020,Cash,Eating out,"-4,000",SYP,-1.632,USD,الرضا
19/07/2020,Cash,Sports,"-1,000",SYP,-0.408,USD,
19/07/2020,Cash,Transport,-150,SYP,-0.061,USD,
20/07/2020,Cash,Taxi,-800,SYP,-0.326,USD,
20/07/2020,Cash,Transport,-200,SYP,-0.081,USD,
20/07/2020,Cash,House,-500,SYP,-0.204,USD,خبز
20/07/2020,Cash,Health,"-17,000",SYP,-6.936,USD,اسنان
21/07/2020,Cash,Bills,"-2,000",SYP,-0.816,USD,محمود
21/07/2020,Cash,Transport,-150,SYP,-0.061,USD,
24/07/2020,Cash,Deposits,"-7,000",SYP,-3.318,USD,
25/07/2020,Cash,Entertainment,"-15,800",SYP,-8.721,USD,مزرعة
26/07/2020,Cash,Eating out,"-4,700",SYP,-2.594,USD,الرضا
26/07/2020,Cash,Transport,-200,SYP,-0.11,USD,
27/07/2020,Cash,Eating out,"-5,000",SYP,-2.76,USD,الرضا
27/07/2020,Cash,Transport,-300,SYP,-0.165,USD,
28/07/2020,Cash,Communications,"-5,350",SYP,-2.455,USD,انترنت
28/07/2020,Cash,Communications,"-5,500",SYP,-2.524,USD,وحدات
28/07/2020,Cash,Food,-400,SYP,-0.183,USD,مي
28/07/2020,Cash,Eating out,"-3,200",SYP,-1.468,USD,بيغ فيلر
28/07/2020,Cash,Transport,-100,SYP,-0.045,USD,
28/07/2020,Cash,Taxi,-500,SYP,-0.229,USD,
29/07/2020,Cash,Eating out,-600,SYP,-0.275,USD,بوظة
29/07/2020,Cash,Eating out,"-1,300",SYP,-0.596,USD,شاورما
29/07/2020,Cash,Transport,-300,SYP,-0.137,USD,
29/07/2020,Cash,Taxi,"-1,000",SYP,-0.459,USD,
29/07/2020,Cash,Eating out,"-1,000",SYP,-0.459,USD,فطاير
31/07/2020,Cash,Entertainment,"-2,500",SYP,-1.147,USD,شدة
31/07/2020,Cash,Gifts,"10,000",SYP,4.59,USD,ماما
31/07/2020,Cash,Gifts,"15,000",SYP,6.885,USD,مرشد
31/07/2020,Cash,Eating out,"-2,500",SYP,-1.147,USD,شاورما
31/07/2020,Cash,Deposits,"-7,000",SYP,-3.213,USD,
31/07/2020,Cash,Babies,"-3,000",SYP,-1.377,USD,
01/08/2020,Cash,Salary,"360,000",SYP,165.24,USD,
02/08/2020,Cash,Sports,"-1,000",SYP,-0.459,USD,
02/08/2020,Cash,Entertainment,"-1,000",SYP,-0.459,USD,بولينغ
02/08/2020,Cash,Entertainment,"-1,300",SYP,-0.596,USD,ليزر تاغ
02/08/2020,Cash,Eating out,"-5,000",SYP,-2.295,USD,فرانشيسكو
03/08/2020,Cash,To 'USD',"-244,000",SYP,-100.04,USD,
03/08/2020,USD,From 'Cash',100.04,USD,100.04,USD,
04/08/2020,Cash,Gifts,"4,000",SYP,1.64,USD,تيتة
05/08/2020,Cash,Transport,-150,SYP,-0.061,USD,
05/08/2020,Cash,Gifts,"10,000",SYP,4.1,USD,ريم
05/08/2020,Cash,Transport,-150,SYP,-0.061,USD,
06/08/2020,Cash,Transport,-150,SYP,-0.061,USD,
06/08/2020,Cash,Health,"-1,500",SYP,-0.615,USD,كمامات
06/08/2020,Cash,Shaving,"-2,000",SYP,-0.82,USD,
07/08/2020,Cash,Deposits,"-7,000",SYP,-2.87,USD,
09/08/2020,Cash,Transport,-150,SYP,-0.061,USD,
09/08/2020,Cash,Sports,"-2,000",SYP,-0.82,USD,
13/08/2020,Cash,Transport,-350,SYP,-0.143,USD,
13/08/2020,Cash,Food,-300,SYP,-0.123,USD,كولا
13/08/2020,Cash,Eating out,"-2,500",SYP,-1.025,USD,شاورما
14/08/2020,Cash,Deposits,"-7,000",SYP,-2.87,USD,
15/08/2020,Cash,Transport,-200,SYP,-0.082,USD,
15/08/2020,Cash,Gifts,"-5,000",SYP,-2.05,USD,قهوة
16/08/2020,Cash,Sports,"-1,000",SYP,-0.41,USD,
16/08/2020,Cash,Transport,-200,SYP,-0.082,USD,
16/08/2020,Cash,Bills,"-2,000",SYP,-0.82,USD,مهنا
17/08/2020,Cash,Transport,-325,SYP,-0.133,USD,
18/08/2020,Cash,Transport,-225,SYP,-0.092,USD,
18/08/2020,Cash,Health,"-2,000",SYP,-0.82,USD,كمامات
19/08/2020,Cash,Transport,-375,SYP,-0.153,USD,
20/08/2020,Cash,Transport,-400,SYP,-0.164,USD,
21/08/2020,Cash,Babies,-800,SYP,-0.328,USD,بلال
21/08/2020,Cash,Clothes,"-22,000",SYP,-9.02,USD,بوط
21/08/2020,Cash,Bills,"-1,300",SYP,-0.533,USD,كاسات
21/08/2020,Cash,Eating out,"-5,000",SYP,-2.05,USD,شاورما
21/08/2020,Cash,Deposits,"-7,000",SYP,-2.87,USD,
23/08/2020,Cash,Eating out,-500,SYP,-0.205,USD,فطاير
24/08/2020,Cash,Sports,"-1,000",SYP,-0.41,USD,
24/08/2020,Cash,Eating out,-300,SYP,-0.123,USD,فطاير
24/08/2020,Cash,Transport,-300,SYP,-0.123,USD,
25/08/2020,Cash,Electronics,"-17,000",SYP,-6.97,USD,باوربانك
25/08/2020,Cash,Transport,-200,SYP,-0.082,USD,
26/08/2020,Cash,Taxi,-800,SYP,-0.328,USD,
26/08/2020,Cash,Transport,-200,SYP,-0.082,USD,
27/08/2020,Cash,Transport,-400,SYP,-0.164,USD,
27/08/2020,Cash,Bills,"-2,000",SYP,-0.82,USD,هبة
27/08/2020,Cash,Eating out,"-3,000",SYP,-1.23,USD,شاورما
28/08/2020,Cash,Deposits,"-7,000",SYP,-2.87,USD,
28/08/2020,Cash,Communications,"-5,500",SYP,-2.255,USD,وحدات
29/08/2020,Cash,Entertainment,"-3,000",SYP,-1.23,USD,سن روز
29/08/2020,Cash,Taxi,"-1,000",SYP,-0.41,USD,
29/08/2020,Cash,Transport,-100,SYP,-0.041,USD,
30/08/2020,Cash,Sports,"-1,000",SYP,-0.41,USD,
30/08/2020,Cash,Transport,-300,SYP,-0.123,USD,
31/08/2020,Cash,Taxi,"-1,000",SYP,-0.41,USD,
31/08/2020,Cash,Eating out,"-3,300",SYP,-1.353,USD,شاورما
31/08/2020,Cash,Entertainment,"-1,000",SYP,-0.41,USD,كولا
31/08/2020,Cash,Transport,-400,SYP,-0.164,USD,
01/09/2020,Cash,Eating out,"-3,000",SYP,-1.23,USD,بانكيك
01/09/2020,Cash,Communications,"-6,800",SYP,-2.788,USD,انترنت
01/09/2020,Cash,Taxi,"-1,000",SYP,-0.41,USD,
01/09/2020,Cash,Salary,"360,000",SYP,147.6,USD,
01/09/2020,Cash,Transport,-600,SYP,-0.246,USD,
02/09/2020,Cash,Entertainment,"-2,000",SYP,-0.82,USD,ع المفرق
02/09/2020,Cash,Entertainment,"-1,300",SYP,-0.533,USD,منتزه
02/09/2020,Cash,Eating out,"-4,000",SYP,-1.64,USD,ارارات
02/09/2020,Cash,Transport,-300,SYP,-0.123,USD,
02/09/2020,Cash,Eating out,-600,SYP,-0.246,USD,فول
03/09/2020,Cash,Transport,-300,SYP,-0.123,USD,
04/09/2020,Cash,Shaving,"-1,000",SYP,-0.41,USD,
04/09/2020,Cash,Deposits,"-7,000",SYP,-2.87,USD,
05/09/2020,Cash,Food,-500,SYP,-0.205,USD,مي
06/09/2020,Cash,Transport,-300,SYP,-0.123,USD,
07/09/2020,Cash,Transport,-300,SYP,-0.123,USD,
07/09/2020,Cash,Communications,"-5,500",SYP,-2.255,USD,وحدات
08/09/2020,Cash,Eating out,-400,SYP,-0.164,USD,فطاير
08/09/2020,Cash,Transport,-300,SYP,-0.123,USD,
09/09/2020,Cash,Entertainment,"-5,700",SYP,-2.337,USD,منتزه
09/09/2020,Cash,Transport,-300,SYP,-0.123,USD,
10/09/2020,Cash,Android,"150,000",SYP,61.5,USD,
11/09/2020,Cash,Entertainment,"-1,100",SYP,-0.451,USD,كولا
11/09/2020,Cash,Eating out,"-3,000",SYP,-1.23,USD,شاورما
12/09/2020,Cash,Deposits,"-7,000",SYP,-2.87,USD,
12/09/2020,Cash,Sports,-900,SYP,-0.369,USD,
12/09/2020,Cash,Transport,-200,SYP,-0.082,USD,
12/09/2020,Cash,Food,"-1,000",SYP,-0.41,USD,مي
12/09/2020,Cash,Deposits,"115,500",SYP,47.355,USD,
13/09/2020,Cash,Eating out,-600,SYP,-0.246,USD,فول
13/09/2020,Cash,Sports,"-1,000",SYP,-0.41,USD,
14/09/2020,Cash,Eating out,"-3,100",SYP,-1.271,USD,شاورما
14/09/2020,Cash,Entertainment,"-1,000",SYP,-0.41,USD,كولا
14/09/2020,Cash,Transport,-400,SYP,-0.164,USD,
14/09/2020,Cash,Eating out,-700,SYP,-0.287,USD,فطاير
15/09/2020,Cash,Eating out,"-2,500",SYP,-1.025,USD,شاورما
15/09/2020,Cash,Transport,-400,SYP,-0.164,USD,
15/09/2020,Cash,Entertainment,"-1,700",SYP,-0.697,USD,كولا
16/09/2020,Cash,Eating out,-800,SYP,-0.328,USD,فطاير
16/09/2020,Cash,Transport,-100,SYP,-0.041,USD,
17/09/2020,Cash,Transport,-300,SYP,-0.123,USD,
17/09/2020,Cash,Eating out,-800,SYP,-0.328,USD,فول
17/09/2020,Cash,Entertainment,"-4,000",SYP,-1.64,USD,بولينغ
17/09/2020,Cash,Food,"-1,900",SYP,-0.779,USD,كولا
17/09/2020,Cash,Eating out,"-4,000",SYP,-1.64,USD,غالاكسي
17/09/2020,Cash,Eating out,"-19,000",SYP,-7.79,USD,مول
17/09/2020,Cash,Eating out,"-3,000",SYP,-1.23,USD,غالاكسي
18/09/2020,USD,Android,300,USD,300,USD,
18/09/2020,Cash,Shaving,"-2,000",SYP,-0.82,USD,
18/09/2020,Cash,Deposits,"-7,000",SYP,-3.241,USD,
18/09/2020,Cash,House,"-100,000",SYP,-46.3,USD,
18/09/2020,Cash,To 'USD',"-216,000",SYP,-100.008,USD,ماما
18/09/2020,USD,From 'Cash',100.008,USD,100.008,USD,ماما
18/09/2020,USD,Android,100,USD,100,USD,
18/09/2020,USD,Savings,50,USD,50,USD,
20/09/2020,Cash,Communications,"-5,500",SYP,-2.546,USD,وحدات
20/09/2020,Cash,Transport,-400,SYP,-0.185,USD,
20/09/2020,Cash,Sports,"-1,000",SYP,-0.463,USD,
21/09/2020,Cash,Eating out,"-7,000",SYP,-3.241,USD,غالاكسي
21/09/2020,Cash,Eating out,-600,SYP,-0.277,USD,فطاير
21/09/2020,Cash,Transport,-200,SYP,-0.092,USD,
22/09/2020,Cash,Eating out,-600,SYP,-0.277,USD,فطاير
22/09/2020,Cash,Transport,-300,SYP,-0.138,USD,
22/09/2020,Cash,Clothes,"-15,000",SYP,-6.945,USD,
23/09/2020,Cash,Transport,-200,SYP,-0.092,USD,
23/09/2020,Cash,Eating out,"-4,500",SYP,-2.083,USD,فرانشيسكو
24/09/2020,Cash,Transport,-400,SYP,-0.185,USD,
24/09/2020,Cash,Eating out,-750,SYP,-0.347,USD,فول
25/09/2020,Cash,Deposits,"-7,000",SYP,-2.821,USD,
26/09/2020,Cash,Gifts,"-10,000",SYP,-4.03,USD,محمود
27/09/2020,Cash,Clothes,"-9,500",SYP,-3.828,USD,بيجاما
27/09/2020,Cash,Eating out,"-1,000",SYP,-0.403,USD,فطاير
27/09/2020,Cash,Sports,"-1,000",SYP,-0.403,USD,
27/09/2020,Cash,Transport,-300,SYP,-0.12,USD,
27/09/2020,Cash,Deposits,"115,500",SYP,46.546,USD,
28/09/2020,Cash,Eating out,"-6,800",SYP,-2.74,USD,غالاكسي
28/09/2020,Cash,Eating out,-100,SYP,-0.04,USD,فلافل
28/09/2020,Cash,Transport,-600,SYP,-0.241,USD,
29/09/2020,Cash,Transport,-100,SYP,-0.04,USD,
29/09/2020,Cash,Eating out,-200,SYP,-0.08,USD,فطاير
30/09/2020,Cash,Eating out,-900,SYP,-0.362,USD,بوظة
30/09/2020,Cash,Communications,"-5,500",SYP,-2.216,USD,وحدات
30/09/2020,Cash,Eating out,-100,SYP,-0.04,USD,فلافل
30/09/2020,Cash,Transport,-300,SYP,-0.12,USD,
30/09/2020,Cash,Communications,"-5,400",SYP,-2.176,USD,انترنت
01/10/2020,Cash,Eating out,-900,SYP,-0.362,USD,فول
01/10/2020,Cash,Eating out,"-4,700",SYP,-1.894,USD,شاورما
01/10/2020,Cash,Bills,"-2,000",SYP,-0.806,USD,مازن
02/10/2020,Cash,Salary,"360,000",SYP,145.08,USD,
02/10/2020,Cash,House,"-100,000",SYP,-40.3,USD,
02/10/2020,Cash,Deposits,"-7,000",SYP,-2.821,USD,
03/10/2020,Cash,House,"-6,000",SYP,-2.418,USD,كريسبي
03/10/2020,Cash,Babies,"-1,500",SYP,-0.604,USD,
03/10/2020,Cash,Bills,"-2,000",SYP,-0.806,USD,نغم
04/10/2020,Cash,Sports,"-1,000",SYP,-0.403,USD,
04/10/2020,Cash,Eating out,-400,SYP,-0.161,USD,فطاير
04/10/2020,Bank,Bills,"-2,000",SYP,-0.806,USD,نورا
04/10/2020,Cash,Transport,-300,SYP,-0.12,USD,
05/10/2020,Cash,Eating out,"-3,400",SYP,-1.37,USD,شاورما
05/10/2020,Cash,Transport,-300,SYP,-0.12,USD,
06/10/2020,Cash,Eating out,-500,SYP,-0.201,USD,فطاير
06/10/2020,Cash,Transport,-300,SYP,-0.12,USD,
07/10/2020,Cash,Sports,"-1,250",SYP,-0.503,USD,
07/10/2020,Cash,Eating out,"-3,300",SYP,-1.329,USD,فرانشيسكو
07/10/2020,Cash,Salary,"110,000",SYP,44.33,USD,
07/10/2020,Cash,Eating out,"-20,000",SYP,-8.06,USD,غالاكسي
08/10/2020,Cash,Eating out,-500,SYP,-0.201,USD,فول
08/10/2020,Cash,House,"-1,100",SYP,-0.443,USD,خبز
09/10/2020,Cash,Transport,-300,SYP,-0.12,USD,
10/10/2020,Cash,Entertainment,"-1,900",SYP,-0.765,USD,بينغ بونغ
10/10/2020,Cash,Eating out,"-2,800",SYP,-1.128,USD,فطاير
10/10/2020,Cash,Deposits,"-7,000",SYP,-2.821,USD,
10/10/2020,Cash,House,"-2,000",SYP,-0.806,USD,خبز
10/10/2020,Cash,Taxi,"-1,000",SYP,-0.403,USD,
11/10/2020,Cash,Transport,-300,SYP,-0.12,USD,
11/10/2020,Cash,Sports,"-1,000",SYP,-0.403,USD,
11/10/2020,Cash,Eating out,-500,SYP,-0.201,USD,فطاير
11/10/2020,Cash,Communications,"-1,000",SYP,-0.403,USD,وحدات
12/10/2020,Cash,Bills,"-25,300",SYP,-10.195,USD,نقابة
12/10/2020,Cash,Bills,"-1,000",SYP,-0.403,USD,لا حكم عليه
12/10/2020,Cash,Transport,-500,SYP,-0.201,USD,
12/10/2020,Cash,Electronics,"-2,000",SYP,-0.806,USD,وصلة شاحن
12/10/2020,Cash,Taxi,"-1,000",SYP,-0.403,USD,
12/10/2020,Cash,Entertainment,"-2,300",SYP,-0.926,USD,كولا
12/10/2020,Cash,Entertainment,"-4,000",SYP,-1.612,USD,عصير
12/10/2020,Cash,House,"-13,500",SYP,-5.44,USD,غالاكسي
13/10/2020,Cash,Transport,-300,SYP,-0.12,USD,
14/10/2020,Cash,Sports,"-1,150",SYP,-0.463,USD,
14/10/2020,Cash,Eating out,-700,SYP,-0.282,USD,فطاير
14/10/2020,Cash,Transport,-400,SYP,-0.161,USD,
15/10/2020,Cash,Eating out,"-1,100",SYP,-0.443,USD,فول
15/10/2020,Cash,Transport,-300,SYP,-0.12,USD,
16/10/2020,Cash,Deposits,"-7,000",SYP,-2.821,USD,
17/10/2020,Cash,Entertainment,"-3,000",SYP,-1.209,USD,كولا
17/10/2020,Cash,Entertainment,"-4,000",SYP,-1.612,USD,بولينغ
17/10/2020,Cash,Entertainment,"-19,500",SYP,-7.858,USD,مزرعة
18/10/2020,Cash,Transport,-300,SYP,-0.12,USD,
19/10/2020,Cash,Transport,-300,SYP,-0.12,USD,
19/10/2020,Cash,House,"-1,200",SYP,-0.483,USD,خبز
20/10/2020,Cash,House,"-3,000",SYP,-1.209,USD,قهوة
20/10/2020,Cash,Transport,-600,SYP,-0.241,USD,
21/10/2020,Cash,Taxi,"-2,000",SYP,-0.806,USD,
21/10/2020,Cash,Eating out,"-3,500",SYP,-1.41,USD,فرانشيسكو
21/10/2020,Cash,Sports,"-1,250",SYP,-0.503,USD,
22/10/2020,Cash,Transport,-200,SYP,-0.08,USD,
22/10/2020,Cash,Taxi,"-1,000",SYP,-0.403,USD,
22/10/2020,Cash,House,"-1,200",SYP,-0.483,USD,خبز
22/10/2020,Cash,Eating out,"-1,250",SYP,-0.503,USD,فول
23/10/2020,Cash,Eating out,"-3,000",SYP,-1.209,USD,شاورما
23/10/2020,Cash,Entertainment,-500,SYP,-0.201,USD,سواح
23/10/2020,Cash,Deposits,"-7,000",SYP,-2.821,USD,
24/10/2020,Cash,To 'USD',"-110,000",SYP,-50.05,USD,
24/10/2020,USD,From 'Cash',50.05,USD,50.05,USD,
25/10/2020,Cash,Clothes,"-17,500",SYP,-7.962,USD,بوط
25/10/2020,Cash,Entertainment,-700,SYP,-0.318,USD,سواح
25/10/2020,Cash,Entertainment,"-1,300",SYP,-0.591,USD,سواح
25/10/2020,Cash,Transport,-200,SYP,-0.091,USD,
25/10/2020,Cash,Sports,"-3,000",SYP,-1.365,USD,
25/10/2020,Cash,Taxi,"-1,500",SYP,-0.682,USD,
26/10/2020,Cash,Transport,-300,SYP,-0.136,USD,
26/10/2020,Cash,Eating out,"-1,100",SYP,-0.5,USD,فطاير
26/10/2020,Cash,Eating out,"-3,700",SYP,-1.683,USD,شاورما
27/10/2020,Cash,Taxi,"-2,000",SYP,-0.91,USD,
27/10/2020,Cash,Taxi,"-1,500",SYP,-0.682,USD,
27/10/2020,Cash,Entertainment,"-2,000",SYP,-0.91,USD,بولينغ
27/10/2020,Cash,Taxi,"-1,000",SYP,-0.455,USD,
27/10/2020,Cash,Entertainment,"-2,000",SYP,-0.91,USD,امرايا
27/10/2020,Cash,Taxi,"-1,000",SYP,-0.455,USD,
27/10/2020,Cash,Transport,-200,SYP,-0.091,USD,
28/10/2020,Cash,Transport,-300,SYP,-0.136,USD,
28/10/2020,Cash,Eating out,"-1,300",SYP,-0.591,USD,بطاطا
28/10/2020,Cash,Entertainment,"-1,000",SYP,-0.455,USD,سواح
28/10/2020,Cash,Sports,"-1,100",SYP,-0.5,USD,
29/10/2020,Cash,Transport,-400,SYP,-0.182,USD,
29/10/2020,Cash,Communications,"-5,500",SYP,-2.502,USD,انترنت
29/10/2020,Cash,Communications,"-9,000",SYP,-4.095,USD,وحدات
30/10/2020,Cash,Entertainment,"-2,000",SYP,-0.91,USD,بولينغ
30/10/2020,Cash,Deposits,"-7,000",SYP,-3.185,USD,جديدة
30/10/2020,Cash,Entertainment,"-2,000",SYP,-0.91,USD,معسل
30/10/2020,Cash,Eating out,"-3,000",SYP,-1.365,USD,شاورما
30/10/2020,Cash,Entertainment,"-2,000",SYP,-0.91,USD,بولينغ
30/10/2020,Cash,Eating out,"-7,000",SYP,-3.185,USD,غالاكسي
01/11/2020,Cash,Salary,"470,000",SYP,213.85,USD,
01/11/2020,Cash,Sports,"-1,200",SYP,-0.546,USD,
01/11/2020,Cash,Transport,-300,SYP,-0.136,USD,
01/11/2020,Cash,House,"-100,000",SYP,-45.5,USD,
02/11/2020,Cash,Transport,-300,SYP,-0.136,USD,
02/11/2020,Cash,Eating out,"-2,000",SYP,-0.91,USD,زنجر
03/11/2020,Cash,Eating out,"-3,800",SYP,-1.729,USD,كريسبي
03/11/2020,Cash,Entertainment,"-1,200",SYP,-0.546,USD,سواح
03/11/2020,Cash,Transport,-200,SYP,-0.091,USD,
04/11/2020,Cash,Transport,-100,SYP,-0.045,USD,
04/11/2020,Cash,Sports,"-1,500",SYP,-0.682,USD,
04/11/2020,Cash,Taxi,"-1,000",SYP,-0.455,USD,
05/11/2020,Cash,Transport,-200,SYP,-0.091,USD,
05/11/2020,Cash,Entertainment,"-2,500",SYP,-1.137,USD,سواح
05/11/2020,Cash,Taxi,"-1,000",SYP,-0.455,USD,
05/11/2020,Cash,Entertainment,"-5,000",SYP,-2.275,USD,بوكا
05/11/2020,Cash,Eating out,"-7,000",SYP,-3.185,USD,غالاكسي
05/11/2020,Cash,Eating out,"-1,000",SYP,-0.455,USD,بطاطا
06/11/2020,Cash,Deposits,"-7,000",SYP,-3.185,USD,
07/11/2020,Cash,Transport,-300,SYP,-0.136,USD,
08/11/2020,Cash,Eating out,"-4,500",SYP,-2.047,USD,شاورما
08/11/2020,Cash,Taxi,"-1,500",SYP,-0.682,USD,
08/11/2020,Cash,Entertainment,"-1,000",SYP,-0.455,USD,سواح
08/11/2020,Cash,Transport,-300,SYP,-0.136,USD,
08/11/2020,Cash,Entertainment,"-2,000",SYP,-0.91,USD,سواح
09/11/2020,Cash,Eating out,-300,SYP,-0.136,USD,فطاير
09/11/2020,Cash,Transport,-300,SYP,-0.136,USD,
10/11/2020,Cash,Taxi,"-1,500",SYP,-0.682,USD,
10/11/2020,Cash,Transport,-300,SYP,-0.136,USD,
10/11/2020,Cash,Entertainment,"-2,800",SYP,-1.274,USD,سواح
11/11/2020,Cash,Sports,"-1,000",SYP,-0.4,USD,
11/11/2020,Cash,Transport,-300,SYP,-0.12,USD,
11/11/2020,Cash,To 'USD',"-250,000",SYP,-100,USD,ماما
11/11/2020,USD,From 'Cash',100,USD,100,USD,ماما
12/11/2020,Cash,Entertainment,"-2,500",SYP,-1,USD,سواح
12/11/2020,Cash,Eating out,"-6,000",SYP,-2.4,USD,فرانشيسكو
12/11/2020,Cash,Taxi,"-1,000",SYP,-0.4,USD,
12/11/2020,Cash,Health,"-2,300",SYP,-0.92,USD,فيتامين
12/11/2020,Cash,Eating out,"-1,200",SYP,-0.48,USD,بطاطا
12/11/2020,Cash,Taxi,"-1,500",SYP,-0.6,USD,
13/11/2020,Cash,Deposits,"-7,000",SYP,-2.8,USD,
14/11/2020,Cash,Entertainment,"-1,800",SYP,-0.72,USD,سواح
14/11/2020,Cash,Taxi,-500,SYP,-0.2,USD,
14/11/2020,Cash,Eating out,"-3,800",SYP,-1.52,USD,شاورما
14/11/2020,Cash,Shaving,"-2,000",SYP,-0.8,USD,
15/11/2020,Cash,Transport,-300,SYP,-0.12,USD,
16/11/2020,Cash,Transport,-400,SYP,-0.16,USD,
16/11/2020,Cash,Eating out,-300,SYP,-0.12,USD,فطاير
17/11/2020,Cash,Entertainment,-500,SYP,-0.2,USD,سواح
17/11/2020,Cash,Transport,-200,SYP,-0.08,USD,
17/11/2020,Cash,Salary,"128,800",SYP,51.52,USD,اضافي
18/11/2020,Cash,Eating out,"-1,100",SYP,-0.396,USD,بطاطا
18/11/2020,Cash,Sports,"-1,350",SYP,-0.486,USD,
18/11/2020,Cash,Transport,-400,SYP,-0.144,USD,
19/11/2020,Cash,Eating out,"-8,000",SYP,-2.88,USD,غالاكسي
19/11/2020,Cash,Taxi,"-2,000",SYP,-0.72,USD,
19/11/2020,Cash,Transport,-400,SYP,-0.144,USD,
19/11/2020,Cash,Entertainment,"-3,000",SYP,-1.08,USD,امرايا
19/11/2020,Cash,Entertainment,"-1,000",SYP,-0.36,USD,سواح
20/11/2020,Cash,Deposits,"-7,000",SYP,-2.52,USD,
20/11/2020,Cash,Entertainment,"-1,800",SYP,-0.648,USD,سواح
21/11/2020,Cash,Clothes,"-25,000",SYP,-9,USD,بوط
21/11/2020,Cash,Mobile,"-5,500",SYP,-1.98,USD,لزقة
22/11/2020,Cash,Entertainment,"-2,200",SYP,-0.792,USD,نسكافيه
22/11/2020,Cash,Entertainment,-800,SYP,-0.288,USD,سواح
22/11/2020,Cash,Eating out,"-9,000",SYP,-3.24,USD,غالاكسي
23/11/2020,Cash,Taxi,"-1,000",SYP,-0.36,USD,
23/11/2020,Cash,Deposits,"245,000",SYP,88.2,USD,
23/11/2020,Cash,Eating out,"-4,000",SYP,-1.44,USD,فتة
23/11/2020,Cash,Entertainment,"-5,000",SYP,-1.8,USD,حمام
23/11/2020,Cash,Eating out,"-3,000",SYP,-1.08,USD,عوامة
23/11/2020,Cash,Transport,-300,SYP,-0.108,USD,
24/11/2020,Cash,Taxi,"-1,000",SYP,-0.36,USD,
24/11/2020,Cash,Transport,-300,SYP,-0.108,USD,
26/11/2020,Cash,Taxi,"-2,000",SYP,-0.72,USD,
26/11/2020,Cash,Eating out,-700,SYP,-0.252,USD,بطاطا
26/11/2020,Cash,Transport,-300,SYP,-0.108,USD,
27/11/2020,Cash,Deposits,"-7,000",SYP,-2.52,USD,
27/11/2020,Cash,Bills,"-2,000",SYP,-0.72,USD,نغم
27/11/2020,Cash,Bills,"-2,000",SYP,-0.72,USD,جامع
27/11/2020,Cash,Bills,"-2,000",SYP,-0.72,USD,بلال
27/11/2020,Cash,Babies,"-6,000",SYP,-2.16,USD,
27/11/2020,Cash,Bills,"-2,000",SYP,-0.72,USD,حمودة
27/11/2020,Cash,Eating out,"-5,000",SYP,-1.8,USD,كريسبي
27/11/2020,Cash,Entertainment,"-4,000",SYP,-1.44,USD,مشوار
27/11/2020,Cash,Communications,"-8,100",SYP,-2.916,USD,وحدات
28/11/2020,Cash,Transport,-300,SYP,-0.108,USD,
28/11/2020,Cash,Eating out,"-1,500",SYP,-0.54,USD,تسقية
28/11/2020,Cash,Eating out,"-8,500",SYP,-3.06,USD,فريز
28/11/2020,Cash,Eating out,"-4,000",SYP,-1.44,USD,فريز
29/11/2020,Cash,Transport,-200,SYP,-0.072,USD,
30/11/2020,Cash,Transport,-200,SYP,-0.072,USD,
30/11/2020,Cash,Salary,"520,000",SYP,187.2,USD,
30/11/2020,Cash,Eating out,"-1,000",SYP,-0.36,USD,بطاطا
01/12/2020,Cash,House,"-100,000",SYP,-36,USD,
01/12/2020,Cash,Bills,"-2,000",SYP,-0.72,USD,صفاء
01/12/2020,Cash,Transport,-200,SYP,-0.072,USD,
01/12/2020,Cash,Communications,-600,SYP,-0.216,USD,ارضي
01/12/2020,Cash,Communications,"-5,200",SYP,-1.872,USD,انترنت
02/12/2020,Cash,Eating out,-300,SYP,-0.108,USD,فطاير
02/12/2020,Cash,Transport,-400,SYP,-0.144,USD,
02/12/2020,Cash,Entertainment,-500,SYP,-0.18,USD,بينغ بونغ
03/12/2020,Cash,House,"-4,000",SYP,-1.44,USD,هريسة
03/12/2020,Cash,Bills,-500,SYP,-0.18,USD,
03/12/2020,Cash,Eating out,-500,SYP,-0.18,USD,بطاطا
03/12/2020,Cash,Entertainment,"-1,300",SYP,-0.468,USD,سواح
03/12/2020,Cash,Salary,"39,600",SYP,14.256,USD,اضافي
03/12/2020,Cash,Eating out,"-1,700",SYP,-0.612,USD,شاورما
03/12/2020,Cash,Transport,-200,SYP,-0.072,USD,
04/12/2020,Cash,Deposits,"-7,000",SYP,-2.52,USD,
04/12/2020,Cash,Entertainment,"-1,500",SYP,-0.54,USD,سواح
04/12/2020,Cash,Bills,"-15,000",SYP,-5.4,USD,حمودة
04/12/2020,Cash,Transport,-100,SYP,-0.036,USD,
04/12/2020,Cash,Taxi,"-3,800",SYP,-1.368,USD,
04/12/2020,Cash,Eating out,"-7,000",SYP,-2.52,USD,غالاكسي
05/12/2020,Cash,Transport,-300,SYP,-0.108,USD,
06/12/2020,Cash,Sports,"-1,300",SYP,-0.468,USD,
06/12/2020,Cash,Transport,-200,SYP,-0.072,USD,
06/12/2020,Cash,Eating out,"-1,000",SYP,-0.36,USD,بطاطا
06/12/2020,Cash,Health,"-4,600",SYP,-1.656,USD,
07/12/2020,Cash,Transport,-400,SYP,-0.144,USD,
08/12/2020,Cash,Taxi,"-1,000",SYP,-0.36,USD,
09/12/2020,Cash,Transport,-400,SYP,-0.144,USD,
09/12/2020,Cash,Eating out,-700,SYP,-0.252,USD,فطاير
10/12/2020,Cash,Entertainment,-600,SYP,-0.216,USD,سواح
10/12/2020,Cash,Transport,-300,SYP,-0.108,USD,
10/12/2020,Cash,Eating out,"-1,500",SYP,-0.54,USD,شاورما
10/12/2020,Cash,Entertainment,"-3,000",SYP,-1.08,USD,امرايا
10/12/2020,Cash,Eating out,"-1,300",SYP,-0.468,USD,بطاطا
11/12/2020,Cash,Transport,-200,SYP,-0.072,USD,
11/12/2020,Cash,Bills,"-1,000",SYP,-0.36,USD,جامع
11/12/2020,Cash,Deposits,"-7,000",SYP,-2.52,USD,
12/12/2020,Cash,House,"-1,800",SYP,-0.648,USD,تحليل
12/12/2020,Cash,Transport,-200,SYP,-0.072,USD,
12/12/2020,Cash,Entertainment,"-3,000",SYP,-1.08,USD,صيف وشتا
13/12/2020,Cash,House,"-15,000",SYP,-5.4,USD,رغدة
13/12/2020,Cash,Taxi,"-1,500",SYP,-0.54,USD,
16/12/2020,Cash,Shaving,"-2,000",SYP,-0.72,USD,
17/12/2020,Cash,House,"-1,600",SYP,-0.576,USD,بطاطا
18/12/2020,Cash,Deposits,"-7,000",SYP,-2.52,USD,
18/12/2020,Cash,House,"-3,300",SYP,-1.188,USD,خبز
19/12/2020,Cash,Transport,-200,SYP,-0.072,USD,
19/12/2020,Cash,Entertainment,"-3,000",SYP,-1.08,USD,صيف وشتا
19/12/2020,Cash,Health,"-3,000",SYP,-1.08,USD,
19/12/2020,Cash,Taxi,"-3,000",SYP,-1.08,USD,
19/12/2020,Cash,Entertainment,"-1,500",SYP,-0.54,USD,فول
20/12/2020,Cash,Eating out,"-1,400",SYP,-0.504,USD,فطاير
20/12/2020,Cash,Transport,-400,SYP,-0.144,USD,
21/12/2020,Cash,Eating out,-300,SYP,-0.108,USD,بطاطا
21/12/2020,Cash,Transport,-500,SYP,-0.18,USD,
21/12/2020,Cash,Entertainment,"-3,000",SYP,-1.08,USD,سواح
21/12/2020,Cash,Taxi,"-1,500",SYP,-0.54,USD,
21/12/2020,Cash,Eating out,"-4,800",SYP,-1.728,USD,كرانشي
22/12/2020,Cash,Transport,-200,SYP,-0.072,USD,
23/12/2020,Cash,Transport,-400,SYP,-0.144,USD,
24/12/2020,Cash,Entertainment,"-3,500",SYP,-1.26,USD,سواح
24/12/2020,Cash,Eating out,"-5,500",SYP,-1.98,USD,شاورما
24/12/2020,Cash,Taxi,"-1,000",SYP,-0.36,USD,
24/12/2020,Cash,Transport,-350,SYP,-0.126,USD,
25/12/2020,Cash,Deposits,"-7,000",SYP,-2.52,USD,
26/12/2020,Cash,Entertainment,"-1,200",SYP,-0.432,USD,سواح
26/12/2020,Cash,Communications,"-8,800",SYP,-3.168,USD,وحدات
26/12/2020,Cash,Transport,-300,SYP,-0.108,USD,
27/12/2020,Cash,Transport,-200,SYP,-0.072,USD,
29/12/2020,Cash,Transport,-400,SYP,-0.144,USD,
29/12/2020,Cash,Eating out,"-1,500",SYP,-0.54,USD,فول
29/12/2020,Cash,Entertainment,"-2,000",SYP,-0.72,USD,سواح
29/12/2020,Cash,Transport,-600,SYP,-0.216,USD,
29/12/2020,Cash,Eating out,"-3,000",SYP,-1.08,USD,فرانشيسكو
30/12/2020,Cash,Transport,-400,SYP,-0.144,USD,
30/12/2020,Cash,Eating out,"-1,300",SYP,-0.468,USD,بطاطا
30/12/2020,Cash,Entertainment,"-3,100",SYP,-1.116,USD,سواح
30/12/2020,Cash,Communications,"-5,400",SYP,-1.944,USD,انترنت
01/01/2021,Cash,Salary,"520,000",SYP,180.44,USD,
01/01/2021,Cash,Entertainment,"-3,400",SYP,-1.179,USD,سواح
01/01/2021,Cash,Eating out,"-5,500",SYP,-1.908,USD,كرانشي
01/01/2021,Cash,Deposits,"-7,000",SYP,-2.429,USD,
01/01/2021,Cash,House,"-100,000",SYP,-34.7,USD,
02/01/2021,Cash,Bills,-500,SYP,-0.173,USD,
02/01/2021,Cash,House,"-2,500",SYP,-0.867,USD,كنافة
02/01/2021,Cash,Entertainment,"-4,000",SYP,-1.388,USD,بولينغ
02/01/2021,Cash,Entertainment,"-1,500",SYP,-0.52,USD,سواح
02/01/2021,Cash,Entertainment,"-4,000",SYP,-1.388,USD,بولينغ
02/01/2021,Cash,Eating out,"-6,300",SYP,-2.186,USD,بيغ فيلر
02/01/2021,Cash,Taxi,"-3,500",SYP,-1.214,USD,
03/01/2021,Cash,Transport,-300,SYP,-0.104,USD,
03/01/2021,Cash,Taxi,"-1,500",SYP,-0.52,USD,
03/01/2021,Cash,Entertainment,"-2,700",SYP,-0.936,USD,سواح
04/01/2021,Cash,Entertainment,"-9,300",SYP,-3.227,USD,عصير
04/01/2021,Cash,Eating out,-800,SYP,-0.277,USD,بطاطا
04/01/2021,Cash,Transport,-300,SYP,-0.104,USD,
05/01/2021,Cash,Transport,-100,SYP,-0.034,USD,
05/01/2021,Cash,Entertainment,"-2,200",SYP,-0.763,USD,سواح
06/01/2021,Cash,Entertainment,"-1,600",SYP,-0.555,USD,سواح
06/01/2021,Cash,Transport,-200,SYP,-0.069,USD,
07/01/2021,Cash,House,"-1,200",SYP,-0.416,USD,دوا
07/01/2021,Cash,Taxi,"-2,000",SYP,-0.694,USD,
07/01/2021,Cash,Eating out,"-15,000",SYP,-5.205,USD,فروج
07/01/2021,Cash,Taxi,"-1,000",SYP,-0.347,USD,
07/01/2021,Cash,Transport,-500,SYP,-0.173,USD,
08/01/2021,Cash,Entertainment,"-3,000",SYP,-1.041,USD,بولينغ
08/01/2021,Cash,Entertainment,"-3,000",SYP,-1.041,USD,سواح
08/01/2021,Cash,Eating out,"-7,500",SYP,-2.602,USD,غالاكسي
08/01/2021,Cash,Deposits,"-7,000",SYP,-2.429,USD,
08/01/2021,Cash,House,"-3,000",SYP,-1.041,USD,برغل
08/01/2021,Cash,Shaving,"-2,000",SYP,-0.694,USD,
09/01/2021,Cash,Transport,-200,SYP,-0.069,USD,
09/01/2021,Cash,House,"-2,000",SYP,-0.694,USD,برتقال
09/01/2021,Cash,Entertainment,"-2,500",SYP,-0.867,USD,سواح
09/01/2021,Cash,House,"-6,000",SYP,-2.082,USD,لحمة
10/01/2021,Cash,Salary,"183,000",SYP,63.501,USD,اضافي
10/01/2021,Cash,House,"-15,400",SYP,-5.343,USD,دجاجتي
10/01/2021,Cash,House,"-56,500",SYP,-19.605,USD,مول
10/01/2021,Cash,Transport,-400,SYP,-0.138,USD,
10/01/2021,Cash,Bills,-300,SYP,-0.104,USD,
11/01/2021,Cash,Transport,-500,SYP,-0.173,USD,
11/01/2021,Cash,Entertainment,"-2,200",SYP,-0.763,USD,سواح
11/01/2021,Cash,Eating out,"-8,800",SYP,-3.053,USD,غالاكسي
11/01/2021,Cash,Bills,-500,SYP,-0.173,USD,
13/01/2021,Cash,Entertainment,"-7,000",SYP,-2.429,USD,سواح
13/01/2021,Cash,Transport,-300,SYP,-0.104,USD,
13/01/2021,Cash,Eating out,-800,SYP,-0.277,USD,اندومي
13/01/2021,Cash,Transport,"-1,400",SYP,-0.485,USD,
13/01/2021,Cash,Taxi,"-4,000",SYP,-1.388,USD,
14/01/2021,Cash,Taxi,-800,SYP,-0.277,USD,
14/01/2021,Cash,Eating out,"-1,500",SYP,-0.52,USD,فول
14/01/2021,Cash,Taxi,"-5,000",SYP,-1.735,USD,
14/01/2021,Cash,Eating out,"-9,000",SYP,-3.123,USD,شاورما
14/01/2021,Cash,Transport,-500,SYP,-0.173,USD,
15/01/2021,Cash,Deposits,"-7,000",SYP,-2.429,USD,
15/01/2021,Cash,House,"-3,500",SYP,-1.214,USD,لبن
15/01/2021,Cash,House,"-12,500",SYP,-4.337,USD,فروج
15/01/2021,Cash,Bills,"-10,000",SYP,-3.47,USD,عقمها
16/01/2021,Cash,Entertainment,"-2,500",SYP,-0.867,USD,سواح
16/01/2021,Cash,Eating out,"-7,500",SYP,-2.602,USD,شاورما
16/01/2021,Cash,Transport,"-1,000",SYP,-0.347,USD,
16/01/2021,Cash,Gifts,"-1,500",SYP,-0.52,USD,قداحة
16/01/2021,Cash,Taxi,-500,SYP,-0.173,USD,
16/01/2021,Cash,Entertainment,"-2,500",SYP,-0.867,USD,سن روز
18/01/2021,Cash,Transport,-200,SYP,-0.069,USD,
18/01/2021,Cash,House,"-1,600",SYP,-0.555,USD,خبز
18/01/2021,Bank,To 'Cash',"-900,000",SYP,-312.3,USD,
18/01/2021,Cash,From 'Bank',"900,000",SYP,312.3,USD,
18/01/2021,Cash,To 'USD',"-287,500",SYP,-100.05,USD,
18/01/2021,USD,From 'Cash',100.05,USD,100.05,USD,
18/01/2021,Cash,Taxi,"-1,000",SYP,-0.348,USD,
18/01/2021,Cash,Transport,-300,SYP,-0.104,USD,
18/01/2021,Cash,Entertainment,"-7,400",SYP,-2.575,USD,الباب العتيق
19/01/2021,Cash,Entertainment,"-1,500",SYP,-0.522,USD,الزعيم
19/01/2021,Cash,Eating out,"-4,000",SYP,-1.392,USD,فرانشيسكو
19/01/2021,Cash,Transport,-300,SYP,-0.104,USD,
20/01/2021,Cash,Eating out,-600,SYP,-0.208,USD,فطاير
20/01/2021,Cash,Transport,-200,SYP,-0.069,USD,
21/01/2021,Cash,Transport,-300,SYP,-0.104,USD,
21/01/2021,Cash,Taxi,"-2,500",SYP,-0.87,USD,
21/01/2021,Cash,Eating out,"-7,500",SYP,-2.61,USD,شاورما
21/01/2021,Cash,Transport,-200,SYP,-0.069,USD,
21/01/2021,Cash,Food,-200,SYP,-0.069,USD,مي
21/01/2021,Cash,Entertainment,"-4,000",SYP,-1.392,USD,صيف وشتا
21/01/2021,Cash,Food,-800,SYP,-0.278,USD,كولا
21/01/2021,Cash,Transport,-300,SYP,-0.104,USD,
22/01/2021,Cash,Transport,-500,SYP,-0.174,USD,
22/01/2021,Cash,Entertainment,"-3,000",SYP,-1.044,USD,سواح
22/01/2021,Cash,Deposits,"-7,000",SYP,-2.436,USD,
22/01/2021,Cash,Eating out,"-3,500",SYP,-1.218,USD,فرانشيسكو
22/01/2021,Cash,Taxi,"-1,500",SYP,-0.522,USD,
22/01/2021,Cash,Entertainment,"-4,500",SYP,-1.566,USD,سواح
22/01/2021,Cash,Entertainment,"-4,000",SYP,-1.392,USD,امرايا
23/01/2021,Cash,Entertainment,"-2,500",SYP,-0.87,USD,صيف وشتا
23/01/2021,Cash,Food,-200,SYP,-0.069,USD,مي
23/01/2021,Cash,Transport,-600,SYP,-0.208,USD,
23/01/2021,Cash,Eating out,"-3,500",SYP,-1.218,USD,سيزر
23/01/2021,Cash,Eating out,"-4,000",SYP,-1.392,USD,شاورما
23/01/2021,Cash,Taxi,"-1,000",SYP,-0.348,USD,
23/01/2021,Cash,House,"-4,500",SYP,-1.566,USD,قهوة
24/01/2021,Cash,Transport,-300,SYP,-0.104,USD,
25/01/2021,Cash,Eating out,"-1,600",SYP,-0.556,USD,شاورما
25/01/2021,Cash,Entertainment,"-1,300",SYP,-0.452,USD,سواح
25/01/2021,Cash,Transport,-200,SYP,-0.069,USD,
26/01/2021,Cash,Salary,"135,500",SYP,47.154,USD,اضافي
27/01/2021,Cash,Communications,"-8,800",SYP,-3.062,USD,وحدات
27/01/2021,Cash,Eating out,"-1,400",SYP,-0.487,USD,فول
27/01/2021,Cash,House,"-3,000",SYP,-1.044,USD,بزر
27/01/2021,Cash,Transport,-200,SYP,-0.069,USD,
27/01/2021,Cash,Entertainment,-600,SYP,-0.208,USD,سواح
28/01/2021,Cash,Eating out,"-4,000",SYP,-1.392,USD,فرانشيسكو
28/01/2021,Cash,Transport,-200,SYP,-0.069,USD,
28/01/2021,Cash,Entertainment,"-1,400",SYP,-0.487,USD,الزعيم
28/01/2021,Cash,Entertainment,"-1,600",SYP,-0.556,USD,شدة
29/01/2021,Cash,Taxi,"-3,000",SYP,-1.044,USD,
29/01/2021,Cash,Taxi,"-1,500",SYP,-0.522,USD,
29/01/2021,Cash,Deposits,"-7,000",SYP,-2.436,USD,
29/01/2021,Cash,Eating out,"-13,500",SYP,-4.698,USD,بيت المختار
29/01/2021,Cash,Entertainment,-700,SYP,-0.243,USD,سواح
30/01/2021,Cash,Entertainment,"-4,000",SYP,-1.392,USD,صيف وشتا
30/01/2021,Cash,Entertainment,"-3,000",SYP,-1.044,USD,سواح
30/01/2021,Cash,Taxi,"-3,000",SYP,-1.044,USD,
30/01/2021,Cash,Eating out,"-8,000",SYP,-2.784,USD,شاورما
31/01/2021,Cash,Eating out,"-12,000",SYP,-4.176,USD,فروج
31/01/2021,Cash,Taxi,"-1,200",SYP,-0.417,USD,
31/01/2021,Cash,Entertainment,"-4,000",SYP,-1.392,USD,صيف وشتا
31/01/2021,Cash,Bills,-700,SYP,-0.243,USD,بهاء
31/01/2021,Cash,Transport,-500,SYP,-0.174,USD,
01/02/2021,Cash,Salary,"665,000",SYP,231.42,USD,
01/02/2021,Cash,Entertainment,"-3,100",SYP,-1.032,USD,صيف وشتا
01/02/2021,Cash,Entertainment,"-1,200",SYP,-0.399,USD,سواح
01/02/2021,Cash,Transport,-900,SYP,-0.299,USD,
01/02/2021,Cash,Bills,-500,SYP,-0.166,USD,
01/02/2021,Cash,To 'USD',"-900,000",SYP,-299.7,USD,ماما
01/02/2021,USD,From 'Cash',299.7,USD,299.7,USD,ماما
02/02/2021,Cash,House,"-100,000",SYP,-33.3,USD,
02/02/2021,Cash,Communications,"-6,000",SYP,-1.998,USD,انترنت
02/02/2021,Cash,Eating out,-300,SYP,-0.099,USD,فطاير
02/02/2021,Cash,Shaving,"-2,500",SYP,-0.832,USD,
02/02/2021,Cash,Communications,-500,SYP,-0.166,USD,ارضي
02/02/2021,Cash,Transport,-300,SYP,-0.099,USD,
02/02/2021,Cash,Electronics,"-2,000",SYP,-0.666,USD,وصلة شاحن
02/02/2021,Cash,Communications,-500,SYP,-0.166,USD,وحدات
03/02/2021,Cash,Taxi,-800,SYP,-0.266,USD,
03/02/2021,Cash,Transport,-500,SYP,-0.166,USD,
03/02/2021,Cash,Entertainment,"-2,800",SYP,-0.932,USD,صيف وشتا
03/02/2021,Cash,Entertainment,"-1,000",SYP,-0.333,USD,سواح
03/02/2021,Cash,Eating out,"-17,000",SYP,-5.661,USD,شوكو سوامب
04/02/2021,Cash,Transport,-200,SYP,-0.066,USD,
04/02/2021,Cash,Entertainment,"-2,200",SYP,-0.732,USD,سيرجيلا
04/02/2021,Cash,Eating out,"-4,000",SYP,-1.332,USD,فرانشيسكو
05/02/2021,Cash,Transport,-300,SYP,-0.099,USD,
05/02/2021,Cash,Eating out,"-2,200",SYP,-0.732,USD,شاورما
05/02/2021,Cash,Entertainment,"-1,000",SYP,-0.333,USD,سواح
05/02/2021,Cash,Deposits,"-7,000",SYP,-2.331,USD,
06/02/2021,Cash,Communications,"-10,300",SYP,-3.429,USD,وحدات
06/02/2021,Cash,Transport,-500,SYP,-0.166,USD,
06/02/2021,Cash,Entertainment,"-6,000",SYP,-1.998,USD,صيف وشتا
06/02/2021,Cash,Eating out,"-8,000",SYP,-2.664,USD,شاورما
07/02/2021,Cash,Transport,-300,SYP,-0.09,USD,
07/02/2021,Cash,House,"-5,000",SYP,-1.515,USD,راحة
08/02/2021,Cash,Transport,-300,SYP,-0.09,USD,
09/02/2021,Cash,Gifts,"-13,000",SYP,-3.939,USD,لولو
09/02/2021,Cash,Eating out,"-12,000",SYP,-3.636,USD,الرضا
09/02/2021,Cash,Transport,-400,SYP,-0.121,USD,
09/02/2021,Cash,Eating out,"-4,500",SYP,-1.363,USD,شاورما
09/02/2021,Cash,Taxi,"-2,000",SYP,-0.606,USD,
10/02/2021,Cash,To 'USD',"-330,000",SYP,-99.99,USD,ماما
10/02/2021,USD,From 'Cash',99.99,USD,99.99,USD,ماما
10/02/2021,Cash,Transport,-200,SYP,-0.06,USD,
10/02/2021,Cash,Eating out,-800,SYP,-0.242,USD,فطاير
11/02/2021,Cash,Eating out,"-5,500",SYP,-1.666,USD,شاورما
11/02/2021,Cash,Transport,-300,SYP,-0.09,USD,
11/02/2021,Cash,Taxi,"-2,500",SYP,-0.757,USD,
11/02/2021,Cash,Entertainment,-500,SYP,-0.151,USD,سواح
11/02/2021,Cash,Eating out,"-4,500",SYP,-1.363,USD,شاورما
12/02/2021,Cash,Deposits,"-7,000",SYP,-2.121,USD,
12/02/2021,Cash,Entertainment,"-3,500",SYP,-1.06,USD,صيف وشتا
12/02/2021,Cash,Entertainment,"-1,500",SYP,-0.454,USD,سواح
12/02/2021,Cash,Eating out,"-2,500",SYP,-0.757,USD,شاورما
13/02/2021,Cash,Entertainment,"-7,000",SYP,-2.121,USD,صيف وشتا
13/02/2021,Cash,Entertainment,-500,SYP,-0.151,USD,سواح
13/02/2021,Cash,Eating out,"-4,000",SYP,-1.212,USD,شاورما
13/02/2021,Cash,Eating out,"-6,000",SYP,-1.818,USD,شاورما
13/02/2021,Cash,Health,-700,SYP,-0.212,USD,
13/02/2021,Cash,Transport,-400,SYP,-0.121,USD,
14/02/2021,Cash,Entertainment,"-2,500",SYP,-0.757,USD,سواح
14/02/2021,Cash,Taxi,"-1,500",SYP,-0.454,USD,
14/02/2021,Cash,Transport,-300,SYP,-0.09,USD,
14/02/2021,Cash,Gifts,"-1,500",SYP,-0.454,USD,لولو
15/02/2021,Cash,Transport,-500,SYP,-0.151,USD,
15/02/2021,Cash,Eating out,"-4,500",SYP,-1.363,USD,سيزر
16/02/2021,Cash,Entertainment,"-2,000",SYP,-0.6,USD,سواح
16/02/2021,Cash,Transport,-300,SYP,-0.09,USD,
16/02/2021,Cash,Eating out,"-2,000",SYP,-0.6,USD,شاورما
16/02/2021,Cash,To 'USD',"-333,000",SYP,-99.9,USD,ماما
16/02/2021,USD,From 'Cash',99.9,USD,99.9,USD,ماما
17/02/2021,Cash,To 'USD',"-485,000",SYP,-199.82,USD,ماما
17/02/2021,USD,From 'Cash',199.82,USD,199.82,USD,ماما
17/02/2021,Cash,Transport,-200,SYP,-0.082,USD,
18/02/2021,Cash,Transport,-300,SYP,-0.123,USD,
18/02/2021,Cash,Entertainment,"-7,000",SYP,-2.884,USD,سواح
19/02/2021,Cash,Deposits,"-7,000",SYP,-2.884,USD,
20/02/2021,Cash,Entertainment,"-1,500",SYP,-0.618,USD,سواح
20/02/2021,Cash,Transport,-600,SYP,-0.247,USD,
20/02/2021,Cash,Eating out,"-10,000",SYP,-4.12,USD,شاورما
20/02/2021,Cash,Entertainment,"-8,000",SYP,-3.296,USD,صيف وشتا
21/02/2021,Cash,Transport,-200,SYP,-0.082,USD,
22/02/2021,Cash,Health,"-7,000",SYP,-2.884,USD,دكتور
22/02/2021,Cash,Transport,-500,SYP,-0.206,USD,
22/02/2021,Cash,Eating out,"-4,000",SYP,-1.648,USD,شاورما
22/02/2021,Cash,Taxi,-500,SYP,-0.206,USD,
23/02/2021,Cash,Eating out,"-10,000",SYP,-4.12,USD,شاورما
23/02/2021,Cash,Entertainment,"-2,600",SYP,-1.071,USD,صيف وشتا
23/02/2021,Cash,Entertainment,"-2,500",SYP,-1.03,USD,سواح
23/02/2021,Cash,Taxi,"-2,800",SYP,-1.153,USD,
23/02/2021,Cash,Transport,-200,SYP,-0.082,USD,
23/02/2021,Cash,Health,"-3,000",SYP,-1.236,USD,مرهم
23/02/2021,Cash,Salary,"364,500",SYP,150.174,USD,اضافي
24/02/2021,Cash,Transport,-400,SYP,-0.111,USD,
25/02/2021,Cash,Entertainment,"-3,600",SYP,-1,USD,صيف وشتا
25/02/2021,Cash,Eating out,"-4,000",SYP,-1.112,USD,شاورما
25/02/2021,Cash,Transport,-800,SYP,-0.222,USD,
25/02/2021,Cash,Entertainment,"-1,500",SYP,-0.417,USD,سواح
25/02/2021,Cash,Shaving,"-2,500",SYP,-0.695,USD,
26/02/2021,Cash,Deposits,"-7,000",SYP,-1.946,USD,
26/02/2021,Cash,Bills,-500,SYP,-0.139,USD,جامع
26/02/2021,Cash,Entertainment,"-1,000",SYP,-0.278,USD,سواح
26/02/2021,Cash,Taxi,"-1,000",SYP,-0.278,USD,
26/02/2021,Cash,Transport,-200,SYP,-0.055,USD,
27/02/2021,Cash,House,"-150,000",SYP,-41.7,USD,
27/02/2021,Cash,Transport,-300,SYP,-0.083,USD,
27/02/2021,Cash,House,"-5,500",SYP,-1.529,USD,قهوة
27/02/2021,Cash,Taxi,"-2,000",SYP,-0.556,USD,
27/02/2021,Cash,Eating out,"-3,700",SYP,-1.028,USD,شيش
28/02/2021,Cash,Food,-800,SYP,-0.222,USD,نسكافيه
28/02/2021,Cash,Transport,-600,SYP,-0.166,USD,
28/02/2021,Cash,Entertainment,"-1,000",SYP,-0.278,USD,سواح
28/02/2021,Cash,Taxi,"-2,500",SYP,-0.695,USD,
28/02/2021,Cash,Communications,"-6,500",SYP,-1.807,USD,انترنت
01/03/2021,Cash,Eating out,"-5,000",SYP,-1.39,USD,كرانشي
01/03/2021,Cash,Bills,"-25,000",SYP,-6.95,USD,حكيم
01/03/2021,Cash,Salary,"767,500",SYP,201.852,USD,
01/03/2021,Cash,To 'USD',"-380,000",SYP,-99.94,USD,ماما
01/03/2021,USD,From 'Cash',99.94,USD,99.94,USD,ماما
01/03/2021,Cash,House,"-100,000",SYP,-26.3,USD,
02/03/2021,Cash,Gifts,"-50,000",SYP,-12.65,USD,نورا
02/03/2021,Bank,To 'Cash',"-1,000,000",SYP,-263,USD,
02/03/2021,Cash,To 'USD',"-380,000",SYP,-99.94,USD,ماما
02/03/2021,Cash,From 'Bank',"1,000,000",SYP,263,USD,
02/03/2021,USD,From 'Cash',99.94,USD,99.94,USD,ماما
03/03/2021,Cash,Entertainment,"-1,000",SYP,-0.263,USD,بيونير
03/03/2021,Cash,Transport,-200,SYP,-0.052,USD,
03/03/2021,Cash,Taxi,-500,SYP,-0.131,USD,
03/03/2021,Cash,Eating out,"-1,800",SYP,-0.473,USD,شاورما
04/03/2021,Cash,Transport,-200,SYP,-0.052,USD,
05/03/2021,Cash,Taxi,"-4,500",SYP,-1.183,USD,
05/03/2021,Cash,Entertainment,"-5,000",SYP,-1.315,USD,درب الحجر
05/03/2021,Cash,Deposits,"-7,000",SYP,-1.841,USD,
05/03/2021,Cash,Eating out,"-10,000",SYP,-2.63,USD,اورانج
06/03/2021,Cash,Eating out,"-12,000",SYP,-3.156,USD,شاورما
06/03/2021,Cash,Entertainment,"-1,500",SYP,-0.394,USD,سواح
06/03/2021,Cash,Taxi,"-2,000",SYP,-0.526,USD,
06/03/2021,Cash,Transport,-300,SYP,-0.078,USD,
07/03/2021,Cash,Mobile,"-5,500",SYP,-1.446,USD,لزقة
07/03/2021,Cash,Mobile,"-18,000",SYP,-4.734,USD,ازرار
07/03/2021,Cash,Taxi,"-4,000",SYP,-1.052,USD,
07/03/2021,Cash,Transport,-400,SYP,-0.105,USD,
07/03/2021,Cash,Gifts,"-8,000",SYP,-2.104,USD,لولو
08/03/2021,Cash,Taxi,"-2,000",SYP,-0.526,USD,
09/03/2021,Cash,Entertainment,"-3,000",SYP,-0.789,USD,سواح
09/03/2021,Cash,Transport,-300,SYP,-0.078,USD,
09/03/2021,Cash,Eating out,"-3,500",SYP,-0.92,USD,شاورما
10/03/2021,Cash,Sports,"-1,100",SYP,-0.289,USD,
10/03/2021,Cash,Entertainment,"-1,500",SYP,-0.394,USD,سواح
10/03/2021,Cash,Transport,-200,SYP,-0.052,USD,
10/03/2021,Cash,Salary,"256,000",SYP,67.328,USD,
10/03/2021,Cash,Eating out,"-11,000",SYP,-2.893,USD,غالاكسي
11/03/2021,Cash,Eating out,"-4,000",SYP,-1.052,USD,شاورما
11/03/2021,Cash,Transport,-200,SYP,-0.052,USD,
11/03/2021,Cash,Entertainment,"-1,700",SYP,-0.447,USD,سواح
11/03/2021,Cash,Taxi,"-1,500",SYP,-0.394,USD,
12/03/2021,Cash,Deposits,"-7,000",SYP,-1.841,USD,
13/03/2021,Cash,Eating out,"-7,000",SYP,-1.841,USD,شيش
14/03/2021,Cash,Transport,-100,SYP,-0.026,USD,
15/03/2021,Cash,Salary,"349,000",SYP,80.619,USD,اضافي
16/03/2021,Cash,Transport,-200,SYP,-0.046,USD,
16/03/2021,Cash,Bills,-500,SYP,-0.115,USD,
16/03/2021,Cash,Entertainment,"-4,500",SYP,-1.039,USD,سواح
16/03/2021,Cash,Eating out,"-3,500",SYP,-0.808,USD,شاورما
17/03/2021,Cash,Eating out,-500,SYP,-0.105,USD,مرتديلا
17/03/2021,Cash,Transport,-200,SYP,-0.042,USD,
17/03/2021,Cash,Sports,"-1,100",SYP,-0.232,USD,
18/03/2021,Cash,Entertainment,"-1,500",SYP,-0.316,USD,سواح
18/03/2021,Cash,Gifts,"-44,500",SYP,-9.389,USD,لولو
18/03/2021,Cash,Bills,-500,SYP,-0.105,USD,
18/03/2021,Cash,Transport,-600,SYP,-0.126,USD,
18/03/2021,Cash,Taxi,"-1,000",SYP,-0.211,USD,
19/03/2021,Cash,Deposits,"-7,000",SYP,-1.477,USD,
19/03/2021,Cash,Bills,"-1,000",SYP,-0.211,USD,
20/03/2021,Cash,House,"-18,000",SYP,-4.158,USD,كاتو
20/03/2021,Cash,Shaving,"-3,000",SYP,-0.693,USD,
21/03/2021,Cash,Gifts,"-40,000",SYP,-9.24,USD,ماما
21/03/2021,Cash,Eating out,"-2,000",SYP,-0.462,USD,بوظة
21/03/2021,Cash,Transport,-600,SYP,-0.138,USD,
21/03/2021,Cash,Eating out,"-5,000",SYP,-1.155,USD,شاورما
21/03/2021,Cash,Entertainment,"-2,000",SYP,-0.462,USD,صيف وشتا
21/03/2021,Cash,Eating out,-800,SYP,-0.184,USD,راس العبد
21/03/2021,Cash,Taxi,"-3,500",SYP,-0.808,USD,
22/03/2021,Cash,Bills,"-2,000",SYP,-0.462,USD,سعيد
22/03/2021,Cash,Transport,-200,SYP,-0.046,USD,
23/03/2021,Cash,Entertainment,"-8,500",SYP,-1.963,USD,معسل
23/03/2021,Cash,Transport,-200,SYP,-0.046,USD,
24/03/2021,Cash,Transport,-200,SYP,-0.05,USD,
24/03/2021,Cash,Eating out,"-2,000",SYP,-0.508,USD,فطاير
24/03/2021,Cash,Salary,"43,500",SYP,11.049,USD,اضافي
24/03/2021,Cash,Sports,"-1,100",SYP,-0.279,USD,
25/03/2021,Cash,Communications,"-1,200",SYP,-0.304,USD,ارضي
25/03/2021,Cash,Bills,-400,SYP,-0.101,USD,
25/03/2021,Cash,Eating out,"-3,300",SYP,-0.838,USD,شاورما
25/03/2021,Cash,Eating out,"-14,000",SYP,-3.556,USD,شوكو سوامب
25/03/2021,Cash,Taxi,"-1,500",SYP,-0.381,USD,
25/03/2021,Cash,Transport,"-1,000",SYP,-0.254,USD,
25/03/2021,Cash,Eating out,"-6,000",SYP,-1.524,USD,شاورما
26/03/2021,Cash,Deposits,"-7,000",SYP,-1.778,USD,
26/03/2021,Cash,Taxi,"-3,000",SYP,-0.762,USD,
26/03/2021,Cash,Eating out,"-13,500",SYP,-3.429,USD,بيتزا
26/03/2021,Cash,Toiletry,"-2,000",SYP,-0.508,USD,عطر
26/03/2021,Cash,Taxi,"-2,000",SYP,-0.508,USD,
26/03/2021,Cash,Communications,"-9,300",SYP,-2.362,USD,وحدات
27/03/2021,Cash,Entertainment,"-1,500",SYP,-0.444,USD,سواح
27/03/2021,Cash,Transport,-500,SYP,-0.148,USD,
27/03/2021,Cash,Entertainment,"-2,500",SYP,-0.74,USD,ع المفرق
27/03/2021,Cash,Eating out,"-5,000",SYP,-1.48,USD,شاورما
28/03/2021,Cash,Transport,-500,SYP,-0.135,USD,
29/03/2021,Cash,Eating out,"-4,000",SYP,-1.08,USD,شاورما
29/03/2021,Cash,Transport,-200,SYP,-0.054,USD,
29/03/2021,Cash,Entertainment,"-4,000",SYP,-1.08,USD,سواح
29/03/2021,Cash,Taxi,"-3,000",SYP,-0.81,USD,
30/03/2021,Cash,Transport,-200,SYP,-0.054,USD,
31/03/2021,Cash,Gifts,"25,000",SYP,6.75,USD,عهد
31/03/2021,Cash,Transport,-200,SYP,-0.054,USD,
31/03/2021,Cash,Sports,"-1,100",SYP,-0.297,USD,
01/04/2021,Cash,Gifts,"10,000",SYP,2.7,USD,رغدة
01/04/2021,Bank,Gifts,"200,000",SYP,54,USD,ماما
01/04/2021,Cash,Gifts,"13,000",SYP,3.51,USD,ستي
01/04/2021,Cash,Gifts,"15,000",SYP,4.05,USD,محمود
01/04/2021,Cash,Transport,-300,SYP,-0.081,USD,
01/04/2021,Cash,House,"-100,000",SYP,-27,USD,
02/04/2021,Cash,Entertainment,"-4,500",SYP,-1.215,USD,قهوة مزبوطة
02/04/2021,Cash,Deposits,"-7,000",SYP,-1.89,USD,
02/04/2021,Cash,Eating out,"-3,500",SYP,-0.945,USD,فطاير
04/04/2021,Cash,Communications,"-6,000",SYP,-1.62,USD,انترنت
06/04/2021,Cash,Eating out,"-2,000",SYP,-0.54,USD,كاتو
06/04/2021,Cash,Android,"400,000",SYP,108,USD,
06/04/2021,Cash,Eating out,"-4,000",SYP,-1.08,USD,شاورما
06/04/2021,Cash,Electronics,"-5,000",SYP,-1.35,USD,وصلة
06/04/2021,Cash,Bills,"-1,000",SYP,-0.27,USD,انس
07/04/2021,Cash,Eating out,"-2,500",SYP,-0.675,USD,كاتو
07/04/2021,Cash,Sports,"-1,100",SYP,-0.297,USD,
09/04/2021,Cash,Entertainment,"-2,500",SYP,-0.675,USD,سواح
09/04/2021,Cash,Bills,"-15,000",SYP,-4.05,USD,جامع
09/04/2021,Cash,Eating out,"-1,000",SYP,-0.27,USD,فطاير
09/04/2021,Cash,Deposits,"-7,000",SYP,-1.89,USD,
10/04/2021,Cash,House,"-45,000",SYP,-13.635,USD,
11/04/2021,Cash,Sports,"-1,500",SYP,-0.462,USD,
11/04/2021,Cash,To 'USD',"-975,000",SYP,-300.3,USD,ماما
11/04/2021,USD,From 'Cash',300.3,USD,300.3,USD,ماما
11/04/2021,Cash,House,"-7,000",SYP,-2.156,USD,قهوة
11/04/2021,Cash,Salary,"767,000",SYP,236.236,USD,
12/04/2021,Cash,Communications,-500,SYP,-0.154,USD,وحدات
12/04/2021,Cash,Taxi,"-1,500",SYP,-0.462,USD,
12/04/2021,Cash,Transport,-100,SYP,-0.03,USD,
12/04/2021,Cash,Eating out,"-11,000",SYP,-3.388,USD,الرضا
12/04/2021,Cash,Entertainment,"-8,000",SYP,-2.464,USD,صيف وشتا
13/04/2021,Cash,House,"-12,000",SYP,-3.696,USD,هريسة
13/04/2021,Cash,House,"-2,600",SYP,-0.8,USD,معروك
14/04/2021,Cash,Bills,-500,SYP,-0.154,USD,
15/04/2021,Cash,Bills,-500,SYP,-0.154,USD,
15/04/2021,Cash,House,"-3,200",SYP,-0.985,USD,معروك
15/04/2021,Cash,Babies,"-1,500",SYP,-0.462,USD,
15/04/2021,Cash,House,"-2,800",SYP,-0.862,USD,فول
16/04/2021,Cash,Deposits,"-7,000",SYP,-2.156,USD,
17/04/2021,Cash,Bills,"-1,500",SYP,-0.462,USD,
17/04/2021,Cash,House,-800,SYP,-0.246,USD,سوس
17/04/2021,Cash,House,"-1,700",SYP,-0.523,USD,قطرة
17/04/2021,Cash,House,"-1,000",SYP,-0.308,USD,بندورة
18/04/2021,Cash,Entertainment,"-1,800",SYP,-0.601,USD,سواح
18/04/2021,Cash,Sports,"-1,500",SYP,-0.501,USD,
18/04/2021,Cash,House,"-5,500",SYP,-1.837,USD,بزاليا
18/04/2021,Cash,House,"-5,000",SYP,-1.67,USD,رطب
18/04/2021,Cash,House,"-5,000",SYP,-1.67,USD,عصير
19/04/2021,Cash,Communications,"-1,000",SYP,-0.341,USD,وحدات
19/04/2021,Cash,Entertainment,"-5,000",SYP,-1.705,USD,زو
19/04/2021,Cash,Communications,"-5,000",SYP,-1.705,USD,وحدات
19/04/2021,Cash,House,"-3,100",SYP,-1.057,USD,معروك
19/04/2021,Cash,To 'USD',"-293,000",SYP,-99.913,USD,ماما
19/04/2021,USD,From 'Cash',99.913,USD,99.913,USD,ماما
19/04/2021,Cash,Clothes,"-23,000",SYP,-7.843,USD,بوط
20/04/2021,Cash,House,"-2,200",SYP,-0.75,USD,معروك
20/04/2021,Cash,Bills,"-1,000",SYP,-0.341,USD,
21/04/2021,Cash,House,"-1,300",SYP,-0.443,USD,معروك
21/04/2021,Cash,Communications,-500,SYP,-0.17,USD,وحدات
21/04/2021,Cash,Taxi,"-3,000",SYP,-1.023,USD,
22/04/2021,Cash,House,"-3,500",SYP,-1.193,USD,معكرونة
22/04/2021,Cash,House,-800,SYP,-0.272,USD,بقدونس
22/04/2021,Cash,House,"-2,800",SYP,-0.954,USD,معروك
22/04/2021,Cash,Salary,"187,500",SYP,63.937,USD,اضافي
22/04/2021,Cash,Bills,-500,SYP,-0.17,USD,
23/04/2021,Cash,Entertainment,"-4,000",SYP,-1.364,USD,سواح
23/04/2021,Cash,Deposits,"-7,000",SYP,-2.387,USD,
24/04/2021,Cash,Shaving,"-3,000",SYP,-1.023,USD,
25/04/2021,Cash,Bills,-500,SYP,-0.17,USD,
25/04/2021,Cash,House,"-1,300",SYP,-0.443,USD,معروك
25/04/2021,Cash,Bills,"-10,000",SYP,-3.41,USD,
26/04/2021,Cash,Eating out,"-3,000",SYP,-1.023,USD,معروك
26/04/2021,Cash,Taxi,"-6,000",SYP,-2.046,USD,
26/04/2021,Cash,Communications,"-9,000",SYP,-3.069,USD,وحدات
27/04/2021,Cash,Entertainment,"-2,000",SYP,-0.682,USD,سواح
27/04/2021,Cash,Taxi,"-3,000",SYP,-1.023,USD,
27/04/2021,Cash,To 'USD',"-300,000",SYP,-99.9,USD,
27/04/2021,USD,From 'Cash',99.9,USD,99.9,USD,
28/04/2021,Cash,House,"-1,800",SYP,-0.599,USD,معروك
29/04/2021,Cash,Clothes,"-25,900",SYP,-8.624,USD,بيجاما
30/04/2021,Cash,Deposits,"-7,000",SYP,-2.331,USD,
30/04/2021,Cash,Entertainment,"-3,000",SYP,-0.999,USD,سواح
01/05/2021,Cash,House,"-100,000",SYP,-33.3,USD,
02/05/2021,Cash,Entertainment,"-2,000",SYP,-0.666,USD,سواح
02/05/2021,Cash,Sports,"-1,500",SYP,-0.499,USD,
03/05/2021,Cash,Bills,-500,SYP,-0.166,USD,
03/05/2021,Cash,House,"-2,300",SYP,-0.765,USD,معروك
04/05/2021,Cash,Bills,"-1,000",SYP,-0.333,USD,
04/05/2021,Cash,Entertainment,"-1,000",SYP,-0.333,USD,سواح
05/05/2021,Cash,Communications,"-6,000",SYP,-1.998,USD,انترنت
05/05/2021,Cash,Bills,"-1,000",SYP,-0.333,USD,
06/05/2021,Cash,Salary,"104,000",SYP,34.632,USD,اضافي
06/05/2021,Cash,Bills,"-1,000",SYP,-0.333,USD,
06/05/2021,Cash,House,"-4,000",SYP,-1.332,USD,معروك
06/05/2021,Cash,Taxi,"-2,000",SYP,-0.666,USD,
07/05/2021,Cash,House,"-1,000",SYP,-0.333,USD,سوس
07/05/2021,Cash,Deposits,"-7,000",SYP,-2.331,USD,
07/05/2021,Cash,House,"-9,000",SYP,-2.997,USD,بيتفور
09/05/2021,Cash,Sports,"-1,500",SYP,-0.499,USD,
09/05/2021,Cash,Entertainment,"-2,000",SYP,-0.666,USD,سواح
09/05/2021,Cash,House,"-3,300",SYP,-1.098,USD,خبز
10/05/2021,Cash,Salary,"767,000",SYP,255.411,USD,
10/05/2021,Cash,To 'USD',"-305,000",SYP,-100.04,USD,ماما
10/05/2021,USD,From 'Cash',100.04,USD,100.04,USD,ماما
12/05/2021,Cash,To 'USD',"-318,000",SYP,-99.852,USD,ماما
12/05/2021,USD,From 'Cash',99.852,USD,99.852,USD,ماما
13/05/2021,Cash,Gifts,"-10,000",SYP,-3.14,USD,نورا
13/05/2021,Cash,Gifts,"-25,000",SYP,-7.85,USD,ماما
13/05/2021,Cash,Gifts,"-2,000",SYP,-0.628,USD,بلال
13/05/2021,Cash,Gifts,"-5,000",SYP,-1.57,USD,نغم
13/05/2021,Cash,Gifts,"50,000",SYP,15.7,USD,عهد
13/05/2021,Cash,Gifts,"25,000",SYP,7.85,USD,ماما
13/05/2021,Cash,Gifts,"10,000",SYP,3.14,USD,تيتة
13/05/2021,Cash,Babies,"-6,000",SYP,-1.884,USD,
14/05/2021,Cash,Entertainment,"-6,000",SYP,-1.884,USD,صيف وشتا
14/05/2021,Cash,Deposits,"-7,000",SYP,-2.198,USD,
14/05/2021,Cash,Taxi,"-4,000",SYP,-1.256,USD,
14/05/2021,Cash,Entertainment,"-6,500",SYP,-2.041,USD,الشهبندر
14/05/2021,Cash,Taxi,"-3,000",SYP,-0.942,USD,
15/05/2021,Cash,Food,-500,SYP,-0.157,USD,علكة
15/05/2021,Cash,Taxi,"-2,500",SYP,-0.785,USD,
15/05/2021,Cash,Taxi,"-5,000",SYP,-1.57,USD,لولو
15/05/2021,Cash,Entertainment,"-6,000",SYP,-1.884,USD,الشهبندر
15/05/2021,Cash,Eating out,"-35,000",SYP,-10.99,USD,ارارات
15/05/2021,Cash,Transport,-300,SYP,-0.094,USD,
16/05/2021,Cash,Transport,-200,SYP,-0.062,USD,
16/05/2021,Cash,Entertainment,"-5,000",SYP,-1.57,USD,الشهبندر
16/05/2021,Cash,Eating out,"-3,000",SYP,-0.942,USD,كروسان
16/05/2021,Cash,Entertainment,"-3,500",SYP,-1.099,USD,سواح
16/05/2021,Cash,Sports,"-1,500",SYP,-0.471,USD,
16/05/2021,Cash,Eating out,"-11,500",SYP,-3.611,USD,الرضا
17/05/2021,Cash,Eating out,"-5,000",SYP,-1.57,USD,فرانشيسكو
18/05/2021,Cash,Toiletry,"-8,000",SYP,-2.512,USD,عطر
19/05/2021,Cash,Eating out,-600,SYP,-0.188,USD,فلافل
19/05/2021,Cash,Salary,"108,500",SYP,34.069,USD,اضافي
20/05/2021,Cash,Eating out,"-6,000",SYP,-1.884,USD,شاورما
20/05/2021,Cash,Entertainment,"-5,000",SYP,-1.57,USD,سواح
20/05/2021,Cash,Communications,"-6,600",SYP,-2.072,USD,وحدات
20/05/2021,Cash,Clothes,"-24,000",SYP,-7.536,USD,بنطلون
20/05/2021,Cash,Health,"-6,000",SYP,-1.884,USD,جلدية
21/05/2021,Cash,Taxi,"-2,500",SYP,-0.785,USD,
21/05/2021,Cash,Entertainment,"-8,000",SYP,-2.512,USD,صيف وشتا
21/05/2021,Cash,Taxi,"-3,000",SYP,-0.942,USD,
21/05/2021,Cash,Entertainment,"-2,000",SYP,-0.628,USD,سواح
21/05/2021,Cash,Eating out,"-13,000",SYP,-4.082,USD,زنجر
21/05/2021,Cash,Entertainment,"-6,000",SYP,-1.884,USD,الشهبندر
21/05/2021,Cash,Deposits,"-7,000",SYP,-2.198,USD,
21/05/2021,Cash,Food,-500,SYP,-0.157,USD,مي
22/05/2021,Cash,Entertainment,"-1,300",SYP,-0.408,USD,سواح
23/05/2021,Cash,Sports,"-1,500",SYP,-0.471,USD,
23/05/2021,Cash,Eating out,"-4,500",SYP,-1.413,USD,شاورما
23/05/2021,Cash,Health,"-11,000",SYP,-3.454,USD,تحليل
23/05/2021,Cash,Health,"-6,200",SYP,-1.946,USD,دوا
23/05/2021,Cash,Entertainment,"-13,000",SYP,-4.082,USD,ايام
23/05/2021,Cash,Taxi,"-6,000",SYP,-1.884,USD,
23/05/2021,Cash,Taxi,"-5,000",SYP,-1.57,USD,
24/05/2021,Cash,Bills,"-1,000",SYP,-0.314,USD,عماد
25/05/2021,Cash,Taxi,"-1,000",SYP,-0.314,USD,
25/05/2021,Cash,Food,"-1,000",SYP,-0.314,USD,مي
25/05/2021,Cash,Transport,-200,SYP,-0.062,USD,
25/05/2021,Cash,Eating out,"-4,000",SYP,-1.256,USD,عصير
25/05/2021,Cash,Eating out,"-9,000",SYP,-2.826,USD,شاورما
26/05/2021,Cash,Eating out,"-5,500",SYP,-1.727,USD,ليوان
26/05/2021,Cash,Entertainment,"-4,500",SYP,-1.413,USD,سواح
26/05/2021,Cash,Taxi,"-3,500",SYP,-1.099,USD,
26/05/2021,Cash,Taxi,"-1,000",SYP,-0.314,USD,
26/05/2021,Cash,Communications,"-8,800",SYP,-2.763,USD,وحدات
27/05/2021,Cash,Taxi,"-3,500",SYP,-1.099,USD,
27/05/2021,Cash,Entertainment,"-6,600",SYP,-2.072,USD,الشهبندر
27/05/2021,Cash,Transport,-300,SYP,-0.094,USD,
27/05/2021,Cash,Eating out,"-2,000",SYP,-0.628,USD,كروسان
28/05/2021,Cash,Eating out,"-4,500",SYP,-1.413,USD,شاورما
28/05/2021,Cash,Deposits,"-7,000",SYP,-2.198,USD,
29/05/2021,Cash,Entertainment,"-3,000",SYP,-0.942,USD,سواح
30/05/2021,Cash,Bills,"-5,000",SYP,-1.57,USD,حنين
30/05/2021,Cash,Food,"-1,200",SYP,-0.376,USD,شيبس
30/05/2021,Cash,Sports,"-1,500",SYP,-0.471,USD,
31/05/2021,Cash,Bills,"-1,500",SYP,-0.471,USD,عامر
01/06/2021,Cash,Eating out,"-4,700",SYP,-1.475,USD,فرانشيسكو
01/06/2021,Cash,Taxi,"-2,000",SYP,-0.628,USD,
01/06/2021,Cash,Taxi,"-4,000",SYP,-1.256,USD,
01/06/2021,Cash,Sports,"-25,000",SYP,-7.85,USD,جيم
01/06/2021,Cash,House,"-100,000",SYP,-31.4,USD,
02/06/2021,Cash,Entertainment,"-3,000",SYP,-0.942,USD,سواح
03/06/2021,Cash,Eating out,"-4,500",SYP,-1.413,USD,شاورما
03/06/2021,Cash,Entertainment,"-2,000",SYP,-0.628,USD,سواح
03/06/2021,Cash,Entertainment,"-9,000",SYP,-2.826,USD,صيف وشتا
03/06/2021,Cash,Eating out,"-3,000",SYP,-0.942,USD,شاورما
03/06/2021,Cash,Taxi,"-2,500",SYP,-0.785,USD,
04/06/2021,Cash,Transport,-200,SYP,-0.062,USD,
04/06/2021,Cash,Deposits,"-7,000",SYP,-2.198,USD,
05/06/2021,Cash,Communications,"-6,000",SYP,-1.884,USD,انترنت
05/06/2021,Cash,House,"-7,000",SYP,-2.198,USD,قهوة
05/06/2021,Cash,Transport,-300,SYP,-0.094,USD,
05/06/2021,Cash,Health,"-3,500",SYP,-1.099,USD,دوا
05/06/2021,Cash,Entertainment,"-7,000",SYP,-2.198,USD,صيف وشتا
05/06/2021,Cash,Taxi,"-3,500",SYP,-1.099,USD,
05/06/2021,Cash,Food,"-1,000",SYP,-0.314,USD,مي
05/06/2021,Cash,Eating out,"-9,000",SYP,-2.826,USD,شاورما
06/06/2021,Cash,Eating out,"-3,000",SYP,-0.942,USD,شاورما
06/06/2021,Cash,Sports,"-1,500",SYP,-0.471,USD,
06/06/2021,Cash,Android,"450,000",SYP,141.3,USD,
06/06/2021,Cash,Entertainment,"-2,200",SYP,-0.69,USD,سواح
07/06/2021,Cash,Transport,-200,SYP,-0.062,USD,
07/06/2021,Cash,Communications,"-1,000",SYP,-0.314,USD,ارضي
08/06/2021,Cash,To 'USD',"-319,000",SYP,-99.847,USD,ماما
08/06/2021,USD,From 'Cash',99.847,USD,99.847,USD,ماما
09/06/2021,Cash,Eating out,"-4,500",SYP,-1.408,USD,شاورما
09/06/2021,Cash,Taxi,"-5,000",SYP,-1.565,USD,
09/06/2021,Cash,Entertainment,"-2,000",SYP,-0.626,USD,سواح
10/06/2021,Cash,Taxi,"-2,500",SYP,-0.782,USD,
10/06/2021,Cash,Bills,"-4,000",SYP,-1.252,USD,مهنا
10/06/2021,Cash,Eating out,-500,SYP,-0.156,USD,فطاير
10/06/2021,Cash,Salary,"767,000",SYP,240.071,USD,
10/06/2021,Cash,Salary,"41,500",SYP,12.989,USD,مواصلات
10/06/2021,Cash,Taxi,"-3,000",SYP,-0.939,USD,شركة
11/06/2021,Cash,Deposits,"-7,000",SYP,-2.191,USD,
12/06/2021,Cash,To 'USD',"-321,000",SYP,-100.152,USD,ماما
12/06/2021,USD,From 'Cash',100.152,USD,100.152,USD,ماما
12/06/2021,Cash,Gifts,"-7,000",SYP,-2.184,USD,فنجان
12/06/2021,Cash,Gifts,"-10,000",SYP,-3.12,USD,عطر
12/06/2021,Cash,Entertainment,"-4,000",SYP,-1.248,USD,عصير
12/06/2021,Cash,Taxi,"-3,000",SYP,-0.936,USD,
12/06/2021,Cash,Gifts,"-40,000",SYP,-12.48,USD,بوط
13/06/2021,Cash,Sports,"-1,500",SYP,-0.468,USD,
13/06/2021,Cash,Communications,"-5,500",SYP,-1.716,USD,وحدات
14/06/2021,Cash,Taxi,"-2,500",SYP,-0.78,USD,
15/06/2021,Cash,Transport,-200,SYP,-0.062,USD,
15/06/2021,Cash,Entertainment,"-3,500",SYP,-1.092,USD,سواح
17/06/2021,Cash,Salary,"185,500",SYP,57.876,USD,اضافي
17/06/2021,Cash,Salary,"42,000",SYP,13.104,USD,اضافي
17/06/2021,Cash,Entertainment,"-5,500",SYP,-1.716,USD,لويس
17/06/2021,Cash,Eating out,"-6,000",SYP,-1.872,USD,فرانشيسكو
17/06/2021,Cash,Entertainment,"-2,000",SYP,-0.624,USD,سواح
18/06/2021,Cash,Transport,-200,SYP,-0.062,USD,
18/06/2021,Cash,Deposits,"-7,000",SYP,-2.184,USD,
18/06/2021,Cash,Taxi,"-3,500",SYP,-1.092,USD,
18/06/2021,Cash,Entertainment,"-12,500",SYP,-3.9,USD,صيف وشتا
18/06/2021,Cash,Taxi,"-3,000",SYP,-0.936,USD,
18/06/2021,Cash,Eating out,"-13,500",SYP,-4.212,USD,شاورما
18/06/2021,Cash,Communications,"-1,100",SYP,-0.343,USD,وحدات
18/06/2021,Cash,Communications,"-8,800",SYP,-2.745,USD,وحدات
19/06/2021,Cash,Eating out,"-9,500",SYP,-2.964,USD,بطاطا
19/06/2021,Cash,Entertainment,"-2,000",SYP,-0.624,USD,سواح
19/06/2021,Cash,Entertainment,"-7,500",SYP,-2.34,USD,الشهبندر
19/06/2021,Cash,Taxi,"-3,500",SYP,-1.092,USD,
19/06/2021,Cash,Communications,"-5,500",SYP,-1.716,USD,وحدات
20/06/2021,Cash,Sports,"-1,500",SYP,-0.468,USD,
20/06/2021,Cash,Bills,"25,000",SYP,7.8,USD,لابتوب
20/06/2021,Cash,Taxi,"-2,500",SYP,-0.78,USD,شركة
20/06/2021,Cash,Taxi,"-1,000",SYP,-0.312,USD,
20/06/2021,Cash,Health,"-11,000",SYP,-3.432,USD,تحليل
21/06/2021,Cash,Electronics,"-4,000",SYP,-1.248,USD,سماعات
21/06/2021,Cash,Health,"-3,000",SYP,-0.936,USD,جلدية
21/06/2021,Cash,Health,"-8,300",SYP,-2.589,USD,دوا
21/06/2021,Cash,Taxi,"-2,000",SYP,-0.624,USD,
21/06/2021,Cash,Transport,-100,SYP,-0.031,USD,
22/06/2021,Cash,Eating out,-500,SYP,-0.156,USD,فطاير
22/06/2021,Cash,Shaving,"-3,000",SYP,-0.936,USD,
22/06/2021,Cash,Taxi,"-29,500",SYP,-9.204,USD,شركة
23/06/2021,Cash,Taxi,"-1,500",SYP,-0.468,USD,
23/06/2021,Cash,House,"-22,000",SYP,-6.864,USD,سندويش
23/06/2021,Cash,Entertainment,"-2,000",SYP,-0.624,USD,سواح
24/06/2021,Cash,Entertainment,"-2,000",SYP,-0.624,USD,سواح
25/06/2021,Cash,Deposits,"-7,000",SYP,-2.184,USD,
25/06/2021,Cash,Entertainment,"-4,500",SYP,-1.404,USD,بولينغ
25/06/2021,Cash,Entertainment,"-3,000",SYP,-0.936,USD,معسل
26/06/2021,Cash,Entertainment,"-2,500",SYP,-0.78,USD,الشهبندر
26/06/2021,Cash,Eating out,"-11,000",SYP,-3.432,USD,سيزر
26/06/2021,Cash,Transport,-500,SYP,-0.156,USD,
26/06/2021,Cash,Communications,"-1,100",SYP,-0.343,USD,وحدات
27/06/2021,Cash,Sports,"-1,500",SYP,-0.468,USD,
27/06/2021,Cash,Entertainment,"-1,000",SYP,-0.312,USD,سواح
28/06/2021,Cash,House,"-4,200",SYP,-1.31,USD,خبز
29/06/2021,Cash,Entertainment,"-2,000",SYP,-0.624,USD,سواح
01/07/2021,Cash,House,"-100,000",SYP,-31.2,USD,
01/07/2021,Cash,Entertainment,"-2,000",SYP,-0.624,USD,سواح
01/07/2021,Cash,Eating out,"-7,000",SYP,-2.184,USD,فرانشيسكو
01/07/2021,Cash,Bills,-500,SYP,-0.156,USD,
01/07/2021,Cash,Sports,"-3,000",SYP,-0.936,USD,جيم
02/07/2021,Cash,Deposits,"-7,000",SYP,-2.184,USD,جديدة
03/07/2021,Cash,Electronics,"-7,000",SYP,-2.184,USD,وصلة
03/07/2021,Cash,Communications,"-5,700",SYP,-1.778,USD,انترنت
03/07/2021,Cash,Communications,-500,SYP,-0.156,USD,ارضي
03/07/2021,Cash,Entertainment,"-7,000",SYP,-2.184,USD,حمام
04/07/2021,Cash,Eating out,"-3,000",SYP,-0.936,USD,شاورما
04/07/2021,Cash,Sports,"-1,500",SYP,-0.468,USD,
04/07/2021,Cash,Sports,"-25,000",SYP,-7.8,USD,جيم
05/07/2021,Cash,Taxi,"-2,500",SYP,-0.78,USD,
05/07/2021,Cash,Health,"-2,200",SYP,-0.686,USD,مرطب
06/07/2021,Cash,Taxi,"-2,500",SYP,-0.78,USD,
07/07/2021,Cash,Taxi,"-1,000",SYP,-0.312,USD,
07/07/2021,Cash,Transport,-200,SYP,-0.062,USD,
07/07/2021,Cash,Bills,-500,SYP,-0.156,USD,
07/07/2021,Cash,Eating out,"-38,000",SYP,-11.856,USD,ارارات
08/07/2021,Cash,Transport,-200,SYP,-0.062,USD,
09/07/2021,Cash,Deposits,"-7,000",SYP,-2.184,USD,
10/07/2021,Cash,Entertainment,"-2,000",SYP,-0.624,USD,سواح
10/07/2021,Cash,Taxi,"-3,000",SYP,-0.936,USD,
10/07/2021,Cash,Mobile,"-4,000",SYP,-1.248,USD,سماعات
10/07/2021,Cash,Entertainment,"-6,000",SYP,-1.872,USD,الشهبندر
10/07/2021,Cash,Eating out,"-14,000",SYP,-4.368,USD,وينر
10/07/2021,Cash,Transport,-800,SYP,-0.249,USD,
10/07/2021,Cash,Food,-700,SYP,-0.218,USD,مي
10/07/2021,Cash,Taxi,"-2,500",SYP,-0.78,USD,
11/07/2021,Cash,Entertainment,"-4,000",SYP,-1.248,USD,سواح
11/07/2021,Cash,Bills,"-5,000",SYP,-1.56,USD,ابو وليد
11/07/2021,Cash,Eating out,"-1,500",SYP,-0.468,USD,فطاير
11/07/2021,Cash,Transport,-200,SYP,-0.062,USD,
11/07/2021,Cash,Taxi,"-12,000",SYP,-3.744,USD,شركة
11/07/2021,Cash,Taxi,"-1,000",SYP,-0.312,USD,
11/07/2021,Cash,Salary,"767,000",SYP,239.304,USD,
11/07/2021,Cash,Salary,"25,000",SYP,7.8,USD,مواصلات
12/07/2021,Cash,Taxi,"-1,000",SYP,-0.312,USD,
12/07/2021,Cash,Transport,-200,SYP,-0.062,USD,
13/07/2021,Cash,To 'USD',"-160,000",SYP,-49.92,USD,ماما
13/07/2021,USD,From 'Cash',49.92,USD,49.92,USD,ماما
13/07/2021,Cash,Taxi,"-3,000",SYP,-0.936,USD,
13/07/2021,Cash,Transport,"-1,400",SYP,-0.436,USD,
13/07/2021,Cash,Food,-800,SYP,-0.249,USD,
13/07/2021,Cash,Eating out,"-23,500",SYP,-7.332,USD,وينر
13/07/2021,Cash,Taxi,"-2,000",SYP,-0.624,USD,
14/07/2021,Cash,Eating out,"-1,000",SYP,-0.312,USD,
15/07/2021,Cash,Transport,-500,SYP,-0.156,USD,
16/07/2021,Cash,Taxi,"-3,500",SYP,-1.092,USD,
16/07/2021,Cash,Entertainment,"-9,000",SYP,-2.808,USD,
16/07/2021,Cash,Deposits,"-7,000",SYP,-2.184,USD,
16/07/2021,Cash,Entertainment,"-16,000",SYP,-4.992,USD,فندق دمشق
16/07/2021,Cash,Taxi,"-3,000",SYP,-0.936,USD,
17/07/2021,Cash,House,"-2,000",SYP,-0.622,USD,موالح
17/07/2021,Cash,To 'USD',"-321,500",SYP,-99.986,USD,ماما
17/07/2021,USD,From 'Cash',99.986,USD,99.986,USD,ماما
18/07/2021,Cash,Health,"-11,000",SYP,-3.421,USD,تحليل
18/07/2021,Cash,Health,"-3,000",SYP,-0.933,USD,
18/07/2021,Cash,Health,"-5,300",SYP,-1.648,USD,دوا
18/07/2021,Cash,Entertainment,"-3,500",SYP,-1.088,USD,سواح
18/07/2021,Cash,Food,-800,SYP,-0.248,USD,بسكوت
18/07/2021,Cash,Taxi,"-2,500",SYP,-0.777,USD,
18/07/2021,Cash,Gifts,"100,000",SYP,31.1,USD,ريم
18/07/2021,Cash,Communications,"-8,800",SYP,-2.736,USD,وحدات
18/07/2021,Cash,Taxi,"-10,000",SYP,-3.11,USD,شركة
21/07/2021,Cash,Transport,"-3,300",SYP,-1.026,USD,
22/07/2021,Cash,Babies,"-6,000",SYP,-1.866,USD,
22/07/2021,Cash,Entertainment,"-21,000",SYP,-6.531,USD,مول
23/07/2021,Cash,Deposits,"-7,000",SYP,-2.177,USD,
23/07/2021,Cash,Taxi,"-3,000",SYP,-0.933,USD,
23/07/2021,Cash,Entertainment,"-15,000",SYP,-4.665,USD,صيف وشتا
23/07/2021,Cash,Taxi,"-3,500",SYP,-1.088,USD,
24/07/2021,Cash,Entertainment,"-7,200",SYP,-2.239,USD,سواح
24/07/2021,Cash,Eating out,"-4,000",SYP,-1.244,USD,شاورما
24/07/2021,Cash,Shaving,"-3,000",SYP,-0.933,USD,
24/07/2021,Cash,To 'USD',"-161,000",SYP,-50.071,USD,ماما
24/07/2021,USD,From 'Cash',50.071,USD,50.071,USD,ماما
25/07/2021,Cash,Taxi,"-2,500",SYP,-0.777,USD,
26/07/2021,Cash,Eating out,"-7,000",SYP,-2.177,USD,سوبريم
26/07/2021,Cash,Eating out,"-1,300",SYP,-0.404,USD,فلافل
26/07/2021,Cash,Gifts,"25,000",SYP,7.775,USD,عهد
26/07/2021,Cash,Entertainment,"-8,500",SYP,-2.643,USD,صيف وشتا
26/07/2021,Cash,Transport,-200,SYP,-0.062,USD,
26/07/2021,Cash,Taxi,"-3,000",SYP,-0.933,USD,
27/07/2021,Cash,House,"-14,500",SYP,-4.509,USD,
27/07/2021,Cash,Entertainment,"-20,000",SYP,-6.22,USD,صيف وشتا
27/07/2021,Cash,Eating out,"-10,000",SYP,-3.11,USD,شوكو سوامب
28/07/2021,Cash,Food,"-1,500",SYP,-0.466,USD,بسكوت
28/07/2021,Cash,Taxi,"-2,500",SYP,-0.777,USD,
28/07/2021,Cash,Transport,-500,SYP,-0.155,USD,
29/07/2021,Cash,Taxi,"-6,000",SYP,-1.866,USD,
29/07/2021,Cash,Salary,"211,500",SYP,65.776,USD,اضافي
29/07/2021,Cash,Bills,"-2,000",SYP,-0.622,USD,عايد
29/07/2021,Cash,Entertainment,"-7,000",SYP,-2.177,USD,صيف وشتا
29/07/2021,Cash,Eating out,"-15,000",SYP,-4.665,USD,برغر
29/07/2021,Cash,Eating out,"-2,500",SYP,-0.777,USD,غوفر
29/07/2021,Cash,Food,"-1,500",SYP,-0.466,USD,مي
30/07/2021,Cash,Deposits,"-7,000",SYP,-2.177,USD,
30/07/2021,Cash,Bills,-500,SYP,-0.155,USD,
30/07/2021,Cash,Communications,"-1,000",SYP,-0.311,USD,ارضي
30/07/2021,Cash,Communications,"-6,000",SYP,-1.866,USD,انترنت
31/07/2021,Cash,Gifts,"20,000",SYP,6.22,USD,عبدو
31/07/2021,Cash,Electronics,"-225,000",SYP,-69.975,USD,مروحة
31/07/2021,Cash,Transport,-400,SYP,-0.124,USD,
31/07/2021,Cash,Entertainment,"-1,000",SYP,-0.311,USD,بسكوت
01/08/2021,Cash,House,"-100,000",SYP,-31.1,USD,
02/08/2021,Cash,Entertainment,"-2,500",SYP,-0.777,USD,سواح
02/08/2021,Cash,Eating out,-500,SYP,-0.155,USD,فطاير
02/08/2021,Cash,Eating out,"-6,500",SYP,-2.021,USD,سوبريم
02/08/2021,Cash,Taxi,"-3,000",SYP,-0.933,USD,شركة
02/08/2021,Cash,Entertainment,"-2,500",SYP,-0.777,USD,سواح
02/08/2021,Cash,Eating out,"-5,000",SYP,-1.555,USD,شاورما
04/08/2021,Cash,Taxi,"-11,500",SYP,-3.496,USD,
04/08/2021,Cash,Entertainment,"-1,000",SYP,-0.304,USD,نسكافيه
05/08/2021,Cash,Health,"-1,000",SYP,-0.304,USD,قطرة
06/08/2021,Cash,Food,"-3,500",SYP,-1.064,USD,كولا
06/08/2021,Cash,Deposits,"-7,000",SYP,-2.128,USD,
07/08/2021,Cash,Taxi,"-2,000",SYP,-0.608,USD,
07/08/2021,Cash,Transport,-200,SYP,-0.06,USD,
07/08/2021,Cash,Sports,"-25,000",SYP,-7.6,USD,جيم
08/08/2021,Cash,Deposits,"259,000",SYP,78.736,USD,
08/08/2021,Cash,Transport,-500,SYP,-0.152,USD,
08/08/2021,Cash,Entertainment,"-2,200",SYP,-0.668,USD,سواح
08/08/2021,Cash,Entertainment,"-10,500",SYP,-3.192,USD,الشهبندر
08/08/2021,Cash,Taxi,"-5,000",SYP,-1.52,USD,
08/08/2021,Cash,Eating out,"-11,500",SYP,-3.496,USD,بيت الياسمين
08/08/2021,Cash,Taxi,"-4,500",SYP,-1.368,USD,
09/08/2021,Cash,Transport,-500,SYP,-0.152,USD,
10/08/2021,Cash,Taxi,"-15,000",SYP,-4.56,USD,شركة
10/08/2021,Cash,Eating out,"-1,000",SYP,-0.304,USD,فطاير
10/08/2021,Cash,Salary,"844,000",SYP,256.576,USD,
10/08/2021,Cash,Eating out,"-8,000",SYP,-2.432,USD,شاورما
10/08/2021,Cash,Entertainment,"-2,000",SYP,-0.608,USD,سواح
10/08/2021,Cash,House,"-4,000",SYP,-1.216,USD,شحاطة
12/08/2021,Cash,Sports,"-3,000",SYP,-0.912,USD,جيم
12/08/2021,Cash,Entertainment,"-8,000",SYP,-2.432,USD,لاتيه
12/08/2021,Cash,Taxi,"-7,000",SYP,-2.128,USD,
12/08/2021,Cash,Mobile,"-8,000",SYP,-2.432,USD,لزقة
13/08/2021,Cash,Taxi,"-13,000",SYP,-3.952,USD,
13/08/2021,Cash,Taxi,"-3,500",SYP,-1.064,USD,
13/08/2021,Cash,Entertainment,"-13,500",SYP,-4.104,USD,لويس
13/08/2021,Cash,Deposits,"-7,000",SYP,-2.128,USD,
14/08/2021,Cash,Entertainment,"-4,200",SYP,-1.276,USD,سواح
14/08/2021,Cash,Eating out,"-5,500",SYP,-1.672,USD,كريسبي
14/08/2021,Cash,Eating out,"-10,500",SYP,-3.192,USD,شاورما
14/08/2021,Cash,Entertainment,"-5,000",SYP,-1.52,USD,صيف وشتا
14/08/2021,Cash,Transport,-600,SYP,-0.182,USD,
15/08/2021,Cash,Transport,-200,SYP,-0.06,USD,
15/08/2021,Cash,Entertainment,"-4,000",SYP,-1.216,USD,سواح
16/08/2021,Cash,Transport,-400,SYP,-0.121,USD,
17/08/2021,Cash,Electronics,"-50,000",SYP,-15.2,USD,باوربانك
17/08/2021,Cash,Entertainment,"-4,500",SYP,-1.368,USD,سواح
18/08/2021,Cash,Communications,"-5,500",SYP,-1.672,USD,وحدات
19/08/2021,Cash,Transport,-200,SYP,-0.06,USD,
19/08/2021,Cash,Entertainment,"-5,500",SYP,-1.672,USD,سواح
19/08/2021,Cash,Eating out,"-2,000",SYP,-0.608,USD,فطاير
19/08/2021,Cash,Health,"-4,000",SYP,-1.216,USD,جلدية
19/08/2021,Cash,Health,"-11,000",SYP,-3.344,USD,تحليل
19/08/2021,Cash,Taxi,"-6,000",SYP,-1.824,USD,
20/08/2021,Cash,Deposits,"-7,000",SYP,-2.128,USD,
20/08/2021,Cash,Shaving,"-4,000",SYP,-1.216,USD,
20/08/2021,Cash,Eating out,"-18,500",SYP,-5.624,USD,الرضا
20/08/2021,Cash,Entertainment,"-4,000",SYP,-1.216,USD,صيف وشتا
20/08/2021,Cash,Eating out,"-3,600",SYP,-1.094,USD,بوظة
20/08/2021,Cash,Transport,"-1,300",SYP,-0.395,USD,
21/08/2021,Cash,Transport,-200,SYP,-0.06,USD,
21/08/2021,Cash,Entertainment,"-7,000",SYP,-2.128,USD,سواح
21/08/2021,Cash,Eating out,"-3,000",SYP,-0.912,USD,بطاطا
22/08/2021,Cash,Entertainment,"-2,000",SYP,-0.608,USD,سواح
22/08/2021,Cash,Entertainment,"-9,000",SYP,-2.736,USD,امرايا
22/08/2021,Cash,Taxi,"-1,000",SYP,-0.304,USD,
23/08/2021,Cash,Taxi,"-4,000",SYP,-1.216,USD,
23/08/2021,Cash,Entertainment,"-2,000",SYP,-0.608,USD,سواح
24/08/2021,Cash,Transport,-200,SYP,-0.06,USD,
24/08/2021,Cash,Clothes,"-50,000",SYP,-15.2,USD,بوط
25/08/2021,Cash,Bills,-500,SYP,-0.152,USD,
25/08/2021,Cash,Transport,-200,SYP,-0.06,USD,
26/08/2021,Cash,Bills,-500,SYP,-0.152,USD,
26/08/2021,Cash,Eating out,"-5,000",SYP,-1.52,USD,شاورما
26/08/2021,Cash,Electronics,"-660,000",SYP,-200.64,USD,بطارية
26/08/2021,Cash,Transport,-200,SYP,-0.06,USD,
26/08/2021,Cash,Entertainment,"-4,000",SYP,-1.216,USD,سواح
26/08/2021,Cash,Electronics,"-412,000",SYP,-125.248,USD,انفيرتر
27/08/2021,Cash,Electronics,"-21,500",SYP,-6.536,USD,وصلات
27/08/2021,Cash,Bills,-500,SYP,-0.152,USD,
27/08/2021,Cash,Deposits,"-7,000",SYP,-2.128,USD,
27/08/2021,USD,To 'Cash',-200,USD,-200,USD,
27/08/2021,Cash,From 'USD',"700,000",SYP,200,USD,
29/08/2021,Cash,Transport,-200,SYP,-0.06,USD,
29/08/2021,Cash,Taxi,"-3,000",SYP,-0.912,USD,
29/08/2021,Cash,Electronics,"-12,000",SYP,-3.648,USD,نيون
29/08/2021,Cash,Entertainment,"-4,500",SYP,-1.368,USD,سواح
29/08/2021,Cash,Eating out,"-5,500",SYP,-1.672,USD,كريسبي
30/08/2021,Cash,Food,"-1,700",SYP,-0.516,USD,مي
30/08/2021,Cash,Taxi,"-17,000",SYP,-5.168,USD,
30/08/2021,Cash,Transport,-200,SYP,-0.06,USD,
30/08/2021,Cash,Taxi,"-1,500",SYP,-0.456,USD,
30/08/2021,Cash,Eating out,"-16,000",SYP,-4.864,USD,بلودان الجبل
30/08/2021,Cash,Salary,"77,500",SYP,23.56,USD,اضافي
30/08/2021,Cash,Transport,-300,SYP,-0.091,USD,
31/08/2021,Cash,Communications,-900,SYP,-0.246,USD,ارضي
31/08/2021,Cash,Communications,"-5,700",SYP,-1.561,USD,انترنت
01/09/2021,Cash,House,"-100,000",SYP,-27.4,USD,
01/09/2021,Cash,Entertainment,"-5,000",SYP,-1.37,USD,سواح
01/09/2021,Cash,Taxi,"-2,000",SYP,-0.548,USD,
01/09/2021,Cash,Entertainment,"-5,000",SYP,-1.37,USD,الخواجة
02/09/2021,Cash,Eating out,"-2,500",SYP,-0.685,USD,صاج
02/09/2021,Cash,Entertainment,"-5,000",SYP,-1.37,USD,سواح
03/09/2021,Cash,Deposits,"-7,000",SYP,-1.918,USD,
03/09/2021,Cash,Taxi,"-2,500",SYP,-0.685,USD,
03/09/2021,Cash,Transport,-200,SYP,-0.054,USD,
04/09/2021,Cash,Entertainment,"-5,500",SYP,-1.507,USD,سواح
04/09/2021,Cash,Eating out,"-5,500",SYP,-1.507,USD,شاورما
05/09/2021,Cash,Sports,"-2,000",SYP,-0.548,USD,
06/09/2021,Cash,Sports,"-30,000",SYP,-8.22,USD,جيم
06/09/2021,Cash,Transport,-200,SYP,-0.054,USD,
06/09/2021,Cash,Taxi,"-4,500",SYP,-1.233,USD,
06/09/2021,Cash,Eating out,"-4,000",SYP,-1.096,USD,بوظة
07/09/2021,Cash,Eating out,"-7,000",SYP,-1.918,USD,شاورما
07/09/2021,Cash,Transport,-800,SYP,-0.219,USD,
07/09/2021,Cash,Sports,"-6,000",SYP,-1.644,USD,تحليل
07/09/2021,Cash,Eating out,"-1,500",SYP,-0.411,USD,عرانيس
08/09/2021,Cash,Entertainment,"-2,200",SYP,-0.602,USD,سواح
08/09/2021,Cash,Eating out,"-2,500",SYP,-0.685,USD,كاتو
08/09/2021,Cash,Eating out,"-14,000",SYP,-3.836,USD,الرضا
08/09/2021,Cash,Transport,-900,SYP,-0.246,USD,
08/09/2021,Cash,Gifts,-500,SYP,-0.137,USD,بالون
09/09/2021,Cash,Taxi,"-3,000",SYP,-0.822,USD,
09/09/2021,Cash,Eating out,"-5,000",SYP,-1.37,USD,بوظة
09/09/2021,Cash,Transport,-600,SYP,-0.164,USD,
10/09/2021,Cash,Deposits,"-7,000",SYP,-1.918,USD,
12/09/2021,Cash,Entertainment,"-3,000",SYP,-0.822,USD,سواح
12/09/2021,Cash,Eating out,"-5,000",SYP,-1.37,USD,شاورما
12/09/2021,Cash,Entertainment,"-2,000",SYP,-0.548,USD,عصير
12/09/2021,Cash,Eating out,"-3,600",SYP,-0.986,USD,كاتو
12/09/2021,Cash,Transport,-900,SYP,-0.246,USD,
13/09/2021,Cash,Entertainment,"-2,000",SYP,-0.548,USD,سواح
13/09/2021,Cash,Entertainment,"-16,000",SYP,-4.384,USD,بولينغ
13/09/2021,Cash,Taxi,"-9,000",SYP,-2.466,USD,
13/09/2021,Cash,Entertainment,"-7,000",SYP,-1.918,USD,VR
14/09/2021,Cash,Transport,-400,SYP,-0.109,USD,
14/09/2021,Cash,Taxi,"-7,000",SYP,-1.918,USD,
14/09/2021,Cash,Eating out,"-6,000",SYP,-1.644,USD,شاورما
14/09/2021,Cash,Entertainment,"-3,000",SYP,-0.822,USD,سواح
15/09/2021,Cash,Entertainment,"-5,000",SYP,-1.37,USD,سواح
15/09/2021,Cash,Eating out,"-3,700",SYP,-1.013,USD,شاورما
17/09/2021,Cash,Deposits,"-7,000",SYP,-1.918,USD,
17/09/2021,Cash,Entertainment,"-3,000",SYP,-0.822,USD,سواح
18/09/2021,Cash,Health,"-10,000",SYP,-2.74,USD,تحليل
19/09/2021,Cash,Entertainment,"-5,500",SYP,-1.507,USD,سواح
19/09/2021,Cash,Eating out,"-3,000",SYP,-0.822,USD,صاج
19/09/2021,Cash,Entertainment,"-6,000",SYP,-1.644,USD,جليلاتي
21/09/2021,Cash,Entertainment,"-3,000",SYP,-0.822,USD,سواح
21/09/2021,Cash,Taxi,"-1,500",SYP,-0.411,USD,
21/09/2021,Cash,Eating out,"-5,500",SYP,-1.507,USD,شاورما
21/09/2021,Cash,Food,"-1,300",SYP,-0.356,USD,مي
21/09/2021,Cash,Shaving,"-4,000",SYP,-1.096,USD,
22/09/2021,Cash,Eating out,"-3,000",SYP,-0.822,USD,كروسان
22/09/2021,Cash,Clothes,"-3,000",SYP,-0.822,USD,بوط
22/09/2021,Cash,Entertainment,"-3,500",SYP,-0.959,USD,سواح
22/09/2021,Cash,Gifts,"-41,500",SYP,-11.371,USD,لولو
23/09/2021,Cash,Bills,"-18,000",SYP,-4.932,USD,نقابة
23/09/2021,Cash,Eating out,"-2,500",SYP,-0.685,USD,بطاطا
23/09/2021,Cash,Entertainment,"-2,000",SYP,-0.548,USD,سواح
24/09/2021,Cash,Deposits,"-7,000",SYP,-1.918,USD,
24/09/2021,Cash,Bills,-500,SYP,-0.137,USD,
24/09/2021,USD,To 'Cash',-100,USD,-100,USD,
24/09/2021,Cash,From 'USD',"345,000",SYP,100,USD,
25/09/2021,Cash,Entertainment,"-2,000",SYP,-0.548,USD,سواح
25/09/2021,Cash,Eating out,"-7,000",SYP,-1.918,USD,بطاطا
25/09/2021,Cash,Bills,"-1,000",SYP,-0.274,USD,
26/09/2021,Cash,Eating out,"-4,500",SYP,-1.233,USD,صاج
26/09/2021,Cash,Entertainment,"-4,000",SYP,-1.096,USD,سواح
26/09/2021,Cash,Entertainment,"-5,000",SYP,-1.37,USD,سواح
26/09/2021,Cash,Eating out,"-3,600",SYP,-0.986,USD,كاتو
28/09/2021,Cash,Taxi,"-1,500",SYP,-0.411,USD,
28/09/2021,Cash,Food,"-1,500",SYP,-0.411,USD,مي
28/09/2021,Cash,Eating out,"-2,400",SYP,-0.657,USD,كروسان
28/09/2021,Cash,Taxi,"-1,500",SYP,-0.411,USD,
28/09/2021,Cash,Eating out,"-7,000",SYP,-1.918,USD,كريسبي
28/09/2021,Cash,Entertainment,"-7,000",SYP,-1.918,USD,الشهبندر
30/09/2021,Cash,Taxi,"-3,000",SYP,-0.822,USD,
01/10/2021,Cash,Deposits,"-7,000",SYP,-1.918,USD,
02/10/2021,USD,Salary,900,USD,900,USD,
02/10/2021,USD,Salary,100,USD,100,USD,
02/10/2021,Cash,Entertainment,"-25,500",SYP,-6.987,USD,مزرعة
02/10/2021,Cash,Taxi,"-3,500",SYP,-0.959,USD,
02/10/2021,Cash,Health,"-5,500",SYP,-1.507,USD,
02/10/2021,Cash,Communications,"-8,400",SYP,-2.301,USD,انترنت
03/10/2021,Cash,Eating out,"-6,000",SYP,-1.644,USD,عرانيس
03/10/2021,Cash,Food,"-2,000",SYP,-0.548,USD,مي
03/10/2021,Cash,Health,"-3,000",SYP,-0.822,USD,محارم
04/10/2021,Cash,Entertainment,"-2,000",SYP,-0.548,USD,سواح
04/10/2021,Cash,Taxi,"-3,000",SYP,-0.822,USD,
04/10/2021,Cash,Taxi,"-4,000",SYP,-1.096,USD,
04/10/2021,Cash,Taxi,"-3,500",SYP,-0.959,USD,
04/10/2021,Cash,Eating out,"-28,500",SYP,-7.809,USD,ارارات
05/10/2021,Cash,Bills,"-10,000",SYP,-2.74,USD,
05/10/2021,Cash,Taxi,"-5,000",SYP,-1.37,USD,
05/10/2021,Cash,Babies,"-6,000",SYP,-1.644,USD,
05/10/2021,Cash,Taxi,"-3,500",SYP,-0.959,USD,
05/10/2021,Cash,Taxi,"-4,500",SYP,-1.233,USD,
05/10/2021,Cash,Salary,"483,500",SYP,132.479,USD,تعويض
05/10/2021,USD,House,-100,USD,-100,USD,
06/10/2021,Cash,Entertainment,"-2,500",SYP,-0.685,USD,سواح
07/10/2021,Cash,Entertainment,"-8,500",SYP,-2.329,USD,صيف وشتا
07/10/2021,Cash,Entertainment,"-3,000",SYP,-0.822,USD,الزعيم
07/10/2021,Cash,Eating out,"-22,000",SYP,-6.028,USD,بونو
08/10/2021,Cash,Deposits,"-7,000",SYP,-1.918,USD,
08/10/2021,Cash,Entertainment,"-2,500",SYP,-0.685,USD,شيبس
08/10/2021,Cash,Taxi,"-3,500",SYP,-0.959,USD,
08/10/2021,Cash,Taxi,"-5,000",SYP,-1.37,USD,
08/10/2021,Cash,Entertainment,"-9,000",SYP,-2.466,USD,صيف وشتا
10/10/2021,Cash,Entertainment,"-5,000",SYP,-1.37,USD,سواح
10/10/2021,Cash,Eating out,"-9,000",SYP,-2.466,USD,جزايرلي
10/10/2021,Cash,Bills,-500,SYP,-0.137,USD,
10/10/2021,Cash,Food,"-1,500",SYP,-0.411,USD,مي
10/10/2021,Cash,Taxi,"-3,000",SYP,-0.822,USD,
10/10/2021,Cash,Entertainment,"-1,500",SYP,-0.411,USD,سواح
10/10/2021,Cash,Sports,"-30,000",SYP,-8.22,USD,جيم
11/10/2021,Cash,Eating out,"-8,000",SYP,-2.192,USD,شاورما
11/10/2021,Cash,Gifts,"-24,000",SYP,-6.576,USD,لولو
11/10/2021,Cash,Taxi,"-6,000",SYP,-1.644,USD,
12/10/2021,Cash,Eating out,"-3,500",SYP,-0.959,USD,بطاطا
12/10/2021,Cash,Entertainment,"-2,500",SYP,-0.685,USD,سواح
13/10/2021,USD,To 'محمد دولار',-150,USD,-150,USD,
13/10/2021,محمد دولار,From 'USD',150,USD,150,USD,
13/10/2021,Cash,Food,"-1,500",SYP,-0.411,USD,كعك
14/10/2021,Cash,Food,"-11,500",SYP,-3.151,USD,بسكوت
14/10/2021,Cash,Health,"-2,500",SYP,-0.685,USD,كحول
14/10/2021,Cash,Entertainment,"-7,000",SYP,-1.918,USD,صيف وشتا
14/10/2021,Cash,Taxi,"-3,000",SYP,-0.822,USD,
15/10/2021,Cash,Taxi,"-2,000",SYP,-0.548,USD,
15/10/2021,Cash,Deposits,"-7,000",SYP,-1.918,USD,
15/10/2021,Cash,Communications,"-13,000",SYP,-3.562,USD,وحدات
15/10/2021,Cash,Entertainment,"-23,000",SYP,-6.302,USD,البستان
16/10/2021,Cash,Communications,"-1,000",SYP,-0.274,USD,ارضي
17/10/2021,Cash,Food,"-1,500",SYP,-0.411,USD,مي
17/10/2021,Cash,Taxi,"-7,000",SYP,-1.918,USD,
18/10/2021,Cash,Taxi,"-3,000",SYP,-0.822,USD,
18/10/2021,Cash,Entertainment,"-4,500",SYP,-1.233,USD,سواح
18/10/2021,Cash,Eating out,"-4,000",SYP,-1.096,USD,صاج
18/10/2021,Cash,Entertainment,"-13,000",SYP,-3.562,USD,صيف وشتا
18/10/2021,Cash,Gifts,"-10,000",SYP,-2.74,USD,لولو
18/10/2021,Cash,Bills,"-76,000",SYP,-20.824,USD,لولو
18/10/2021,Cash,Eating out,"-19,500",SYP,-5.343,USD,بونو
21/10/2021,Cash,Taxi,"-3,000",SYP,-0.822,USD,
21/10/2021,Cash,Entertainment,"-5,000",SYP,-1.37,USD,صيف وشتا
21/10/2021,Cash,Transport,"-1,000",SYP,-0.274,USD,
21/10/2021,Cash,Food,"-1,500",SYP,-0.411,USD,مي
21/10/2021,Cash,Health,"-6,100",SYP,-1.671,USD,
21/10/2021,Cash,Eating out,"-3,500",SYP,-0.959,USD,باونتي
21/10/2021,Cash,Taxi,"-6,000",SYP,-1.644,USD,
21/10/2021,Cash,Eating out,"-22,000",SYP,-6.028,USD,بونو
21/10/2021,USD,To 'Cash',-100,USD,-100,USD,
21/10/2021,Cash,From 'USD',"345,000",SYP,100,USD,
22/10/2021,Cash,House,"-50,000",SYP,-13.7,USD,فروج
22/10/2021,Cash,Deposits,"-7,000",SYP,-1.918,USD,
22/10/2021,Cash,Taxi,"-3,000",SYP,-0.822,USD,
23/10/2021,Cash,Electronics,"-17,000",SYP,-4.658,USD,قبضة
23/10/2021,Cash,Eating out,"-2,000",SYP,-0.548,USD,كاتو
23/10/2021,Cash,Bills,"-30,000",SYP,-8.22,USD,لولو
23/10/2021,Cash,Eating out,"-26,000",SYP,-7.124,USD,بونو
23/10/2021,Cash,Taxi,"-3,500",SYP,-0.959,USD,
23/10/2021,Cash,Entertainment,"-3,000",SYP,-0.822,USD,سواح
23/10/2021,Cash,Taxi,"-6,000",SYP,-1.644,USD,
23/10/2021,Cash,Taxi,"-3,000",SYP,-0.822,USD,
25/10/2021,Cash,Taxi,"-1,500",SYP,-0.411,USD,
25/10/2021,Cash,Sports,"-6,000",SYP,-1.644,USD,جيم
26/10/2021,Cash,Taxi,"-4,000",SYP,-1.096,USD,
27/10/2021,Cash,Entertainment,"-2,000",SYP,-0.548,USD,سواح
27/10/2021,Cash,Taxi,"-3,000",SYP,-0.822,USD,
27/10/2021,Cash,Eating out,"-9,000",SYP,-2.466,USD,شاورما
27/10/2021,Cash,Taxi,"-7,000",SYP,-1.918,USD,
28/10/2021,Cash,Entertainment,"-15,000",SYP,-4.11,USD,البستان
29/10/2021,Cash,Taxi,"-2,500",SYP,-0.685,USD,
29/10/2021,Cash,Deposits,"-7,000",SYP,-1.918,USD,
30/10/2021,Cash,Eating out,"-2,100",SYP,-0.575,USD,كروسان
30/10/2021,Cash,Entertainment,"-5,800",SYP,-1.589,USD,سواح
31/10/2021,Cash,Taxi,"-3,000",SYP,-0.822,USD,
01/11/2021,Cash,Entertainment,"-4,000",SYP,-1.096,USD,سواح
01/11/2021,Cash,Entertainment,"-26,500",SYP,-7.261,USD,ايموجي
01/11/2021,Cash,Eating out,"-3,500",SYP,-0.959,USD,شاورما
02/11/2021,Cash,Sports,"-2,500",SYP,-0.685,USD,
03/11/2021,Cash,Sports,"-4,000",SYP,-1.096,USD,
03/11/2021,Cash,Entertainment,"-2,000",SYP,-0.548,USD,سواح
04/11/2021,Cash,Communications,"-8,400",SYP,-2.301,USD,انترنت
05/11/2021,Cash,Deposits,"-7,000",SYP,-1.918,USD,
05/11/2021,USD,House,-100,USD,-100,USD,
06/11/2021,Cash,Entertainment,"-2,500",SYP,-0.685,USD,سواح
07/11/2021,Cash,Shaving,"-5,000",SYP,-1.37,USD,
07/11/2021,Cash,Taxi,"-3,000",SYP,-0.822,USD,
07/11/2021,Cash,Entertainment,"-3,500",SYP,-0.959,USD,سواح
07/11/2021,Cash,Eating out,"-2,400",SYP,-0.657,USD,كروسان
08/11/2021,Cash,Taxi,"-8,500",SYP,-2.329,USD,
08/11/2021,Cash,Entertainment,"-3,000",SYP,-0.822,USD,سواح
08/11/2021,Cash,Eating out,"-36,000",SYP,-9.864,USD,فايرمان
10/11/2021,USD,To 'Cash',-100,USD,-100,USD,
10/11/2021,Cash,From 'USD',"348,500",SYP,100,USD,
10/11/2021,Cash,Sports,"-2,000",SYP,-0.548,USD,
10/11/2021,Cash,Eating out,"-2,500",SYP,-0.685,USD,فول
11/11/2021,Cash,Entertainment,"-1,500",SYP,-0.411,USD,سواح
11/11/2021,Cash,Taxi,"-5,500",SYP,-1.507,USD,
11/11/2021,Cash,Food,"-3,000",SYP,-0.822,USD,شيبس
12/11/2021,Cash,Deposits,"-7,000",SYP,-1.918,USD,
14/11/2021,USD,To 'Cash',-100,USD,-100,USD,
14/11/2021,Cash,From 'USD',"348,000",SYP,100,USD,
14/11/2021,USD,To 'Cash',-100,USD,-100,USD,
14/11/2021,Cash,From 'USD',"349,000",SYP,100,USD,
15/11/2021,Cash,Babies,"-16,500",SYP,-4.521,USD,
15/11/2021,Cash,Communications,"-11,100",SYP,-3.041,USD,وحدات
16/11/2021,Cash,Taxi,"-8,000",SYP,-2.192,USD,
16/11/2021,Cash,Eating out,"-20,500",SYP,-5.617,USD,فريز
16/11/2021,Cash,Entertainment,"-8,500",SYP,-2.329,USD,سن روز
16/11/2021,Cash,Entertainment,"-4,500",SYP,-1.233,USD,سواح
16/11/2021,Cash,Bills,-500,SYP,-0.137,USD,
17/11/2021,Cash,Entertainment,"-1,500",SYP,-0.411,USD,سواح
17/11/2021,Cash,Sports,"-2,000",SYP,-0.548,USD,
18/11/2021,Cash,Electronics,"-42,000",SYP,-11.508,USD,سماعات
18/11/2021,Cash,Health,"-8,000",SYP,-2.192,USD,جلدية
18/11/2021,Cash,Health,"-6,700",SYP,-1.835,USD,دوا
18/11/2021,Cash,Taxi,"-9,000",SYP,-2.466,USD,
18/11/2021,USD,To 'Cash',-100,USD,-100,USD,
18/11/2021,Cash,From 'USD',"350,000",SYP,100,USD,
19/11/2021,Cash,Gifts,"-8,000",SYP,-2.192,USD,عطر
19/11/2021,Cash,Health,"-8,000",SYP,-2.192,USD,لولو
19/11/2021,Cash,Eating out,"-5,500",SYP,-1.507,USD,شاورما
19/11/2021,Cash,Deposits,"-7,000",SYP,-1.918,USD,
19/11/2021,Cash,Taxi,"-6,500",SYP,-1.781,USD,
19/11/2021,Cash,Entertainment,"-2,500",SYP,-0.685,USD,سواح
19/11/2021,Cash,Food,"-2,500",SYP,-0.685,USD,هوت شوكليت
21/11/2021,Cash,Entertainment,"-3,500",SYP,-0.959,USD,سواح
21/11/2021,Cash,Taxi,"-1,000",SYP,-0.274,USD,
24/11/2021,Cash,Sports,"-2,000",SYP,-0.548,USD,
26/11/2021,Cash,Food,"-5,000",SYP,-1.37,USD,هوت شوكليت
26/11/2021,Cash,Gifts,"-50,000",SYP,-13.7,USD,لولو
26/11/2021,Cash,Taxi,"-3,500",SYP,-0.959,USD,
26/11/2021,Cash,Deposits,"-7,000",SYP,-1.918,USD,
26/11/2021,Cash,Entertainment,"-10,000",SYP,-2.74,USD,صيف وشتا
26/11/2021,Cash,Taxi,"-6,000",SYP,-1.644,USD,
26/11/2021,Cash,Eating out,"-15,000",SYP,-4.11,USD,بونو
28/11/2021,Cash,House,"-37,000",SYP,-10.138,USD,اكل
28/11/2021,Cash,Communications,"-7,700",SYP,-2.109,USD,وحدات
28/11/2021,Cash,House,"-70,000",SYP,-19.18,USD,مول
29/11/2021,Cash,Taxi,"-3,000",SYP,-0.822,USD,
29/11/2021,Cash,Entertainment,"-2,000",SYP,-0.548,USD,سواح
30/11/2021,Cash,Shaving,"-2,500",SYP,-0.685,USD,
01/12/2021,USD,To 'Cash',-100,USD,-100,USD,
01/12/2021,Cash,From 'USD',"347,500",SYP,100,USD,
01/12/2021,Cash,Clothes,"-40,000",SYP,-10.96,USD,جواكيت
01/12/2021,Cash,Eating out,"-2,500",SYP,-0.685,USD,حمص
01/12/2021,Cash,Eating out,"-7,000",SYP,-1.918,USD,شاورما
01/12/2021,Cash,Sports,"-4,000",SYP,-1.096,USD,
02/12/2021,Cash,Entertainment,"-4,500",SYP,-1.233,USD,سواح
02/12/2021,Cash,Eating out,"-4,500",SYP,-1.233,USD,بطاطا
03/12/2021,Cash,Gifts,"-20,000",SYP,-5.48,USD,لزقة + كفر
03/12/2021,USD,To 'Cash',-100,USD,-100,USD,
03/12/2021,Cash,From 'USD',"350,000",SYP,100,USD,
03/12/2021,Cash,Eating out,"-2,500",SYP,-0.685,USD,كروسان
03/12/2021,Cash,Entertainment,"-10,000",SYP,-2.74,USD,حفلة
03/12/2021,Cash,Taxi,"-3,500",SYP,-0.959,USD,
03/12/2021,Cash,Taxi,"-11,000",SYP,-3.014,USD,
03/12/2021,Cash,Deposits,"-7,000",SYP,-1.918,USD,
04/12/2021,Cash,Communications,"-8,400",SYP,-2.301,USD,انترنت
04/12/2021,Cash,Communications,"-1,300",SYP,-0.356,USD,ارضي
04/12/2021,Cash,Eating out,"-6,000",SYP,-1.644,USD,شاورما
04/12/2021,Cash,Entertainment,"-3,500",SYP,-0.959,USD,سواح
05/12/2021,Cash,Entertainment,"-6,500",SYP,-1.781,USD,سواح
05/12/2021,Cash,Taxi,"-1,000",SYP,-0.274,USD,
07/12/2021,Cash,Eating out,"-7,000",SYP,-1.918,USD,صاج
07/12/2021,Cash,Entertainment,"-3,500",SYP,-0.959,USD,سواح
08/12/2021,USD,To 'محمد دولار',-50,USD,-50,USD,
08/12/2021,محمد دولار,From 'USD',50,USD,50,USD,
08/12/2021,Cash,To 'USD',"-175,000",SYP,-50.05,USD,
08/12/2021,USD,From 'Cash',50.05,USD,50.05,USD,
08/12/2021,USD,Salary,"2,000",USD,"2,000",USD,
08/12/2021,USD,Bills,-100,USD,-100,USD,تحويل
08/12/2021,USD,House,-100,USD,-100,USD,
08/12/2021,USD,Gifts,-200,USD,-200,USD,نورا
08/12/2021,Cash,Eating out,"-6,000",SYP,-1.716,USD,صاج
08/12/2021,Cash,Entertainment,"-4,500",SYP,-1.287,USD,سواح
08/12/2021,Cash,Eating out,"-4,500",SYP,-1.287,USD,بطاطا
09/12/2021,Cash,Taxi,"-6,000",SYP,-1.716,USD,
09/12/2021,Cash,Gifts,"-50,000",SYP,-14.3,USD,لولو
09/12/2021,Cash,Entertainment,"-1,000",SYP,-0.286,USD,سواح
09/12/2021,Cash,Eating out,"-13,000",SYP,-3.718,USD,شكرجي
10/12/2021,Cash,Deposits,"-7,000",SYP,-2.002,USD,
10/12/2021,Cash,Eating out,"-20,000",SYP,-5.72,USD,شاورما
10/12/2021,Cash,Gifts,"-5,000",SYP,-1.43,USD,هوت شوكليت
10/12/2021,Cash,Taxi,"-7,500",SYP,-2.145,USD,
10/12/2021,Cash,Gifts,"-6,000",SYP,-1.716,USD,شوكولا
10/12/2021,Cash,Entertainment,"-5,500",SYP,-1.573,USD,صيف وشتا
11/12/2021,Cash,Eating out,"-2,000",SYP,-0.572,USD,فطاير
11/12/2021,Cash,Entertainment,"-2,500",SYP,-0.715,USD,سواح
11/12/2021,Cash,Eating out,"-8,000",SYP,-2.288,USD,شاورما
11/12/2021,Cash,Taxi,"-8,500",SYP,-2.431,USD,
11/12/2021,Cash,Entertainment,"-9,500",SYP,-2.717,USD,صيف وشتا
13/12/2021,USD,To 'Cash',-100,USD,-100,USD,
13/12/2021,Cash,From 'USD',"353,000",SYP,100,USD,
15/12/2021,Cash,Eating out,"-2,300",SYP,-0.657,USD,مسبحة
15/12/2021,Cash,Mobile,"-18,000",SYP,-5.148,USD,كلاش رويال
15/12/2021,Cash,Sports,"-4,000",SYP,-1.144,USD,
15/12/2021,Cash,Communications,"-12,200",SYP,-3.489,USD,وحدات
16/12/2021,Cash,House,"-9,600",SYP,-2.745,USD,وربات
16/12/2021,Cash,House,"-7,800",SYP,-2.23,USD,كولا
16/12/2021,Cash,Entertainment,"-20,000",SYP,-5.72,USD,دندنة
16/12/2021,Cash,Bills,"-1,500",SYP,-0.429,USD,للخرية
17/12/2021,Cash,House,"-20,000",SYP,-5.72,USD,نابلسية
17/12/2021,Cash,House,"-134,000",SYP,-38.324,USD,فروج
17/12/2021,Cash,Deposits,"-7,000",SYP,-2.002,USD,
19/12/2021,Cash,Sports,"-2,000",SYP,-0.572,USD,
19/12/2021,Cash,Entertainment,"-2,000",SYP,-0.572,USD,سواح
19/12/2021,Cash,Health,"-8,700",SYP,-2.488,USD,دوا
19/12/2021,Cash,Health,"-11,000",SYP,-3.146,USD,تحليل
22/12/2021,Cash,Eating out,"-2,500",SYP,-0.715,USD,حمص
22/12/2021,Cash,Sports,"-2,000",SYP,-0.572,USD,
22/12/2021,Cash,Entertainment,"-2,000",SYP,-0.572,USD,سواح
22/12/2021,Cash,Eating out,"-3,600",SYP,-1.029,USD,كروسان
24/12/2021,Cash,Eating out,"-22,000",SYP,-6.292,USD,سلطة فواكي
24/12/2021,Cash,Taxi,"-10,500",SYP,-3.003,USD,
24/12/2021,Cash,Food,"-1,400",SYP,-0.4,USD,مي
24/12/2021,Cash,Deposits,"-7,000",SYP,-2.002,USD,
25/12/2021,Cash,Shaving,"-5,000",SYP,-1.43,USD,
25/12/2021,Cash,Entertainment,"-6,500",SYP,-1.859,USD,سواح
25/12/2021,Cash,Eating out,"-7,000",SYP,-2.002,USD,شاورما
26/12/2021,Cash,Eating out,"-4,000",SYP,-1.144,USD,بطاطا
26/12/2021,Cash,Entertainment,"-3,500",SYP,-1.001,USD,سواح
27/12/2021,Cash,Sports,"-2,500",SYP,-0.715,USD,
29/12/2021,Cash,Sports,"-2,000",SYP,-0.572,USD,
29/12/2021,Cash,Eating out,"-3,000",SYP,-0.858,USD,فول
29/12/2021,Cash,Eating out,"-7,800",SYP,-2.23,USD,شاورما
30/12/2021,Cash,Entertainment,"-4,500",SYP,-1.287,USD,سواح
30/12/2021,Cash,Eating out,"-7,000",SYP,-2.002,USD,صاج
31/12/2021,Cash,Eating out,"-65,000",SYP,-18.59,USD,فروج
31/12/2021,Cash,Deposits,"-7,000",SYP,-2.002,USD,
31/12/2021,Cash,House,"-5,000",SYP,-1.43,USD,موالح
01/01/2022,USD,House,-100,USD,-100,USD,
02/01/2022,Cash,Entertainment,"-3,500",SYP,-0.969,USD,سواح
03/01/2022,Cash,Communications,"-8,800",SYP,-2.437,USD,انترنت
03/01/2022,Cash,Sports,"-2,500",SYP,-0.692,USD,
04/01/2022,Cash,Entertainment,"-5,000",SYP,-1.385,USD,سواح
04/01/2022,Cash,Eating out,"-13,000",SYP,-3.601,USD,وايت تشكن
04/01/2022,Cash,Gifts,"-100,000",SYP,-27.7,USD,نورا
05/01/2022,Cash,Entertainment,"-2,000",SYP,-0.554,USD,سواح
05/01/2022,Cash,Sports,"-4,000",SYP,-1.108,USD,
07/01/2022,Cash,Babies,"-5,000",SYP,-1.385,USD,
07/01/2022,Cash,Entertainment,"-4,000",SYP,-1.108,USD,سواح
07/01/2022,Cash,Deposits,"-7,000",SYP,-1.939,USD,
09/01/2022,Cash,Entertainment,"-5,500",SYP,-1.523,USD,سواح
10/01/2022,Cash,Sports,"-2,500",SYP,-0.692,USD,
10/01/2022,Cash,Entertainment,"-2,500",SYP,-0.692,USD,سواح
10/01/2022,Cash,Taxi,"-6,000",SYP,-1.662,USD,
10/01/2022,Cash,House,"-20,000",SYP,-5.54,USD,نابلسية
10/01/2022,Cash,Bills,"-2,000",SYP,-0.554,USD,
11/01/2022,Cash,Taxi,"-10,500",SYP,-2.908,USD,
11/01/2022,Cash,Entertainment,"-14,000",SYP,-3.878,USD,وتر شرقي
12/01/2022,Cash,Entertainment,"-2,500",SYP,-0.692,USD,سواح
12/01/2022,Cash,Eating out,"-6,000",SYP,-1.662,USD,شاورما
12/01/2022,Cash,Sports,"-2,500",SYP,-0.692,USD,
12/01/2022,Cash,Eating out,"-5,000",SYP,-1.385,USD,حمص
13/01/2022,Cash,House,"-20,000",SYP,-5.54,USD,لبنة وجبنة
13/01/2022,USD,To 'Cash',-200,USD,-200,USD,
13/01/2022,Cash,From 'USD',"720,000",SYP,200,USD,
14/01/2022,Cash,Communications,"-12,200",SYP,-3.379,USD,وحدات
14/01/2022,Cash,Deposits,"-7,000",SYP,-1.939,USD,
15/01/2022,USD,To 'Cash',-100,USD,-100,USD,
15/01/2022,Cash,From 'USD',"360,000",SYP,100,USD,
16/01/2022,Cash,Taxi,"-3,000",SYP,-0.831,USD,
16/01/2022,Cash,Entertainment,"-2,500",SYP,-0.692,USD,سواح
17/01/2022,USD,To 'Cash',-100,USD,-100,USD,
17/01/2022,Cash,From 'USD',"355,000",SYP,100,USD,
17/01/2022,Cash,Eating out,"-14,000",SYP,-3.878,USD,شاورما
17/01/2022,Cash,Health,"-8,000",SYP,-2.216,USD,جلدية
17/01/2022,Cash,Eating out,"-6,500",SYP,-1.8,USD,فول
17/01/2022,Cash,Entertainment,"-2,500",SYP,-0.692,USD,سواح
17/01/2022,Cash,Health,"-11,000",SYP,-3.047,USD,تحليل
18/01/2022,Cash,Health,"-3,800",SYP,-1.052,USD,دوا
18/01/2022,Cash,Shaving,"-5,000",SYP,-1.385,USD,
19/01/2022,Cash,Entertainment,"-5,000",SYP,-1.385,USD,سواح
20/01/2022,Cash,Entertainment,"-4,500",SYP,-1.246,USD,سواح
20/01/2022,Cash,Eating out,"-17,000",SYP,-4.709,USD,فروج
20/01/2022,Cash,Entertainment,"-5,000",SYP,-1.385,USD,وتر شرقي
22/01/2022,Cash,Deposits,"-7,000",SYP,-1.939,USD,
22/01/2022,Cash,House,"-18,000",SYP,-4.986,USD,تاون سنتر
22/01/2022,Cash,House,"-11,000",SYP,-3.047,USD,خبز
22/01/2022,Cash,Eating out,"-18,000",SYP,-4.986,USD,بيت المختار
22/01/2022,Cash,Entertainment,"-13,000",SYP,-3.601,USD,تاون سنتر
22/01/2022,Cash,Taxi,"-24,000",SYP,-6.648,USD,
23/01/2022,Cash,Clothes,"-20,000",SYP,-5.54,USD,كنزة
26/01/2022,Cash,Eating out,"-2,000",SYP,-0.554,USD,فطاير
26/01/2022,Cash,Eating out,"-4,000",SYP,-1.108,USD,بطاطا
26/01/2022,Cash,Entertainment,"-6,000",SYP,-1.662,USD,سواح
27/01/2022,Cash,House,"-4,000",SYP,-1.108,USD,شيبس
28/01/2022,Cash,Deposits,"-7,000",SYP,-1.939,USD,
30/01/2022,Cash,Entertainment,"-8,000",SYP,-2.216,USD,سواح
31/01/2022,Cash,Sports,"-7,000",SYP,-1.939,USD,
01/02/2022,Cash,Eating out,"-4,800",SYP,-1.329,USD,كروسان
02/02/2022,Cash,Entertainment,"-4,000",SYP,-1.108,USD,
03/02/2022,Cash,Entertainment,"-11,000",SYP,-3.047,USD,سواح
03/02/2022,Cash,Eating out,"-4,000",SYP,-1.108,USD,بطاطا
04/02/2022,Cash,Deposits,"-7,000",SYP,-1.939,USD,
05/02/2022,Cash,Communications,"-8,800",SYP,-2.437,USD,انترنت
05/02/2022,Cash,Communications,"-1,100",SYP,-0.304,USD,وحدات
05/02/2022,Cash,Entertainment,"-1,500",SYP,-0.415,USD,سواح
05/02/2022,Cash,Entertainment,"-5,000",SYP,-1.385,USD,حمام
06/02/2022,Cash,Entertainment,"-3,500",SYP,-0.969,USD,سواح
06/02/2022,Cash,Communications,"-2,200",SYP,-0.609,USD,وحدات
07/02/2022,Cash,Eating out,"-11,000",SYP,-3.047,USD,شاورما
07/02/2022,Cash,Entertainment,"-2,500",SYP,-0.692,USD,سواح
07/02/2022,Cash,Sports,"-3,000",SYP,-0.831,USD,
09/02/2022,Cash,Entertainment,"-2,000",SYP,-0.554,USD,سواح
10/02/2022,Cash,Eating out,"-5,000",SYP,-1.385,USD,شيش
10/02/2022,Cash,Entertainment,"-6,000",SYP,-1.662,USD,سواح
10/02/2022,USD,Salary,"2,000",USD,"2,000",USD,
10/02/2022,USD,House,-100,USD,-100,USD,
11/02/2022,Cash,Communications,"-1,700",SYP,-0.47,USD,وحدات
11/02/2022,Cash,Deposits,"-7,000",SYP,-1.939,USD,
11/02/2022,Cash,Mobile,"-17,500",SYP,-4.847,USD,كلاش رويال
11/02/2022,Cash,Entertainment,"-35,000",SYP,-9.695,USD,مول
11/02/2022,Cash,Entertainment,"-6,000",SYP,-1.662,USD,ليزر تاغ
11/02/2022,Cash,Entertainment,"-30,000",SYP,-8.31,USD,سواح
11/02/2022,Cash,Taxi,"-10,000",SYP,-2.77,USD,
11/02/2022,Cash,House,"-8,000",SYP,-2.216,USD,
12/02/2022,Cash,Entertainment,"-18,000",SYP,-4.986,USD,مول
13/02/2022,Cash,Communications,"-11,500",SYP,-3.185,USD,وحدات
14/02/2022,Cash,Entertainment,"-5,500",SYP,-1.523,USD,سواح
14/02/2022,USD,To 'Cash',-200,USD,-200,USD,
14/02/2022,Cash,From 'USD',"715,000",SYP,200,USD,
14/02/2022,Cash,Sports,"-2,500",SYP,-0.692,USD,
15/02/2022,Cash,Entertainment,"-6,000",SYP,-1.662,USD,سواح
16/02/2022,Cash,House,"-10,000",SYP,-2.77,USD,
16/02/2022,Cash,House,"-5,000",SYP,-1.385,USD,فول
16/02/2022,Cash,Eating out,"-7,000",SYP,-1.939,USD,شاورما
16/02/2022,Cash,Health,"-47,000",SYP,-13.019,USD,تحليل
16/02/2022,Cash,Entertainment,"-4,000",SYP,-1.108,USD,سواح
16/02/2022,Cash,Transport,"-1,000",SYP,-0.277,USD,
17/02/2022,Cash,Babies,"-15,000",SYP,-4.155,USD,
18/02/2022,Cash,Deposits,"-7,000",SYP,-1.939,USD,
18/02/2022,Cash,Transport,"-4,000",SYP,-1.108,USD,
20/02/2022,Cash,Entertainment,"-4,000",SYP,-1.108,USD,سواح
20/02/2022,Cash,House,"-3,000",SYP,-0.831,USD,خبز
21/02/2022,Cash,Eating out,"-14,000",SYP,-3.878,USD,شاورما
21/02/2022,Cash,Sports,"-5,000",SYP,-1.385,USD,
21/02/2022,Cash,Entertainment,"-4,000",SYP,-1.108,USD,سواح
23/02/2022,Cash,Eating out,"-22,000",SYP,-6.094,USD,الرضا
23/02/2022,Cash,Eating out,"-5,000",SYP,-1.385,USD,شاورما
23/02/2022,Cash,Entertainment,"-4,000",SYP,-1.108,USD,سواح
25/02/2022,Cash,Eating out,"-7,000",SYP,-1.939,USD,شاورما
25/02/2022,Cash,Deposits,"-7,000",SYP,-1.939,USD,
25/02/2022,Cash,Entertainment,"-4,000",SYP,-1.108,USD,سواح
26/02/2022,Cash,Entertainment,"-9,500",SYP,-2.631,USD,حمام
26/02/2022,Cash,Entertainment,"-2,500",SYP,-0.692,USD,سواح
26/02/2022,Cash,Shaving,"-5,000",SYP,-1.385,USD,
28/02/2022,Cash,Sports,"-2,500",SYP,-0.692,USD,
01/03/2022,Cash,Mobile,"-12,000",SYP,-3.324,USD,كفر
01/03/2022,Cash,Eating out,"-4,800",SYP,-1.329,USD,كروسان
01/03/2022,Cash,Entertainment,"-3,500",SYP,-0.969,USD,سواح
01/03/2022,Cash,Eating out,"-41,000",SYP,-11.357,USD,بيت المختار
01/03/2022,Cash,Taxi,"-4,000",SYP,-1.108,USD,
01/03/2022,Cash,Gifts,"-300,000",SYP,-83.1,USD,نورا
01/03/2022,Cash,House,"-57,000",SYP,-15.789,USD,مول
02/03/2022,Cash,Eating out,"-7,000",SYP,-1.939,USD,شاورما
02/03/2022,Cash,Entertainment,"-9,000",SYP,-2.493,USD,باسكوتشي
02/03/2022,Cash,Entertainment,"-4,000",SYP,-1.108,USD,سواح
02/03/2022,Cash,Entertainment,"-13,000",SYP,-3.601,USD,بولينغ
02/03/2022,Cash,Taxi,"-8,000",SYP,-2.216,USD,
03/03/2022,USD,Salary,"1,000",USD,"1,000",USD,
03/03/2022,USD,Mobile,-930,USD,-930,USD,
03/03/2022,USD,To 'Cash',-70,USD,-70,USD,
03/03/2022,Cash,From 'USD',"252,000",SYP,70,USD,
03/03/2022,USD,House,-100,USD,-100,USD,
05/03/2022,Cash,Deposits,"-7,000",SYP,-1.778,USD,
05/03/2022,Cash,House,"-72,500",SYP,-18.415,USD,فروج
05/03/2022,Cash,Taxi,"-6,000",SYP,-1.524,USD,
05/03/2022,Cash,Entertainment,"-3,000",SYP,-0.762,USD,سواح
05/03/2022,Cash,Communications,"-8,800",SYP,-2.235,USD,انترنت
07/03/2022,USD,To 'Cash',-100,USD,-100,USD,
07/03/2022,USD,To 'Cash',-300,USD,-300,USD,
07/03/2022,Cash,From 'USD',"366,500",SYP,100,USD,
07/03/2022,Cash,From 'USD',"1,099,500",SYP,300,USD,
07/03/2022,Cash,Sports,"-2,500",SYP,-0.635,USD,
07/03/2022,Cash,Taxi,"-3,000",SYP,-0.762,USD,
07/03/2022,Cash,Eating out,"-3,500",SYP,-0.889,USD,مسبحة
07/03/2022,Cash,Sports,"-2,500",SYP,-0.635,USD,
07/03/2022,Cash,Sports,"-6,500",SYP,-1.651,USD,هويدي
08/03/2022,Cash,Bills,"-50,000",SYP,-12.7,USD,رمضان
08/03/2022,Cash,Bills,"-1,000",SYP,-0.254,USD,
08/03/2022,Cash,Mobile,"-1,463,000",SYP,-371.602,USD,جمركة
08/03/2022,Cash,Gifts,"-38,000",SYP,-9.652,USD,نورا
09/03/2022,Cash,Entertainment,"-5,000",SYP,-1.28,USD,حمام
09/03/2022,Cash,Entertainment,"-6,000",SYP,-1.536,USD,سواح
09/03/2022,Cash,To 'USD',"-195,000",SYP,-49.92,USD,
09/03/2022,USD,From 'Cash',49.92,USD,49.92,USD,
10/03/2022,Cash,House,"-22,500",SYP,-5.76,USD,شرحات
11/03/2022,Cash,Deposits,"-7,000",SYP,-1.792,USD,
11/03/2022,Cash,Entertainment,"-15,000",SYP,-3.84,USD,حفلة
11/03/2022,Cash,Taxi,"-6,000",SYP,-1.536,USD,
13/03/2022,Cash,Communications,"-12,600",SYP,-3.225,USD,وحدات
13/03/2022,Cash,Eating out,"-6,000",SYP,-1.536,USD,بطاطا
13/03/2022,Cash,Bills,"-1,000",SYP,-0.256,USD,
13/03/2022,Cash,Electronics,"-89,000",SYP,-22.784,USD,شاحن
13/03/2022,Cash,Entertainment,"-4,000",SYP,-1.024,USD,سواح
13/03/2022,Cash,Taxi,"-1,000",SYP,-0.256,USD,
14/03/2022,Cash,Entertainment,"-5,000",SYP,-1.28,USD,سواح
14/03/2022,Cash,Electronics,"-4,000",SYP,-1.024,USD,وصلات
15/03/2022,Cash,Entertainment,"-4,500",SYP,-1.152,USD,سواح
15/03/2022,Cash,Eating out,"-6,000",SYP,-1.536,USD,كروسان
15/03/2022,USD,To 'Cash',-100,USD,-100,USD,
15/03/2022,Cash,From 'USD',"390,000",SYP,100,USD,
15/03/2022,Cash,House,"-280,000",SYP,-71.68,USD,نورا
16/03/2022,Cash,Health,"-10,000",SYP,-2.56,USD,جلدية
16/03/2022,Cash,Health,"-8,600",SYP,-2.201,USD,دوا
16/03/2022,Cash,Eating out,"-7,000",SYP,-1.792,USD,شاورما
16/03/2022,Cash,Entertainment,"-3,500",SYP,-0.896,USD,سواح
17/03/2022,Cash,House,"-33,000",SYP,-8.448,USD,فروج
18/03/2022,Cash,Entertainment,"-4,000",SYP,-1.024,USD,سواح
18/03/2022,Cash,Taxi,"-4,000",SYP,-1.024,USD,
18/03/2022,Cash,Deposits,"-7,000",SYP,-1.792,USD,
20/03/2022,Cash,House,"-15,000",SYP,-3.84,USD,كلير
20/03/2022,Cash,Entertainment,"-4,000",SYP,-1.024,USD,سواح
21/03/2022,Cash,Eating out,"-6,000",SYP,-1.536,USD,بطاطا
21/03/2022,Cash,Entertainment,"-8,000",SYP,-2.048,USD,سواح
22/03/2022,Cash,Eating out,"-30,000",SYP,-7.68,USD,بيت المختار
22/03/2022,Cash,Electronics,"-5,000",SYP,-1.28,USD,قبضة
23/03/2022,Cash,Entertainment,"-5,500",SYP,-1.408,USD,سواح
24/03/2022,Cash,Taxi,"-16,000",SYP,-4.096,USD,
24/03/2022,Cash,Eating out,"-42,500",SYP,-10.88,USD,بيت المختار
24/03/2022,Cash,House,"-77,000",SYP,-19.712,USD,مول
24/03/2022,Cash,Shaving,"-5,000",SYP,-1.28,USD,
25/03/2022,Cash,Entertainment,"-15,000",SYP,-3.84,USD,حفلة
25/03/2022,Cash,Taxi,"-10,000",SYP,-2.56,USD,
25/03/2022,Cash,Deposits,"-7,000",SYP,-1.792,USD,جديدة
27/03/2022,Cash,Eating out,"-5,000",SYP,-1.28,USD,بطاطا
27/03/2022,Cash,Entertainment,"-7,500",SYP,-1.92,USD,سواح
27/03/2022,Cash,Clothes,"-70,000",SYP,-17.92,USD,بنطلون + قميص
27/03/2022,Cash,Health,"-2,500",SYP,-0.64,USD,دوا
27/03/2022,Cash,Bills,-500,SYP,-0.128,USD,
28/03/2022,Cash,Communications,"-1,700",SYP,-0.435,USD,ارضي
29/03/2022,Cash,Entertainment,"-3,000",SYP,-0.768,USD,سواح
31/03/2022,Cash,Babies,"-15,000",SYP,-3.84,USD,
31/03/2022,Cash,Gifts,"20,000",SYP,5.12,USD,رغدة
31/03/2022,Cash,Eating out,"-7,500",SYP,-1.92,USD,شاورما
31/03/2022,Cash,Entertainment,"-11,500",SYP,-2.944,USD,سواح
01/04/2022,Cash,Deposits,"-7,000",SYP,-1.792,USD,
01/04/2022,USD,Salary,"1,000",USD,"1,000",USD,
02/04/2022,Cash,Taxi,"-6,000",SYP,-1.536,USD,
02/04/2022,Cash,Eating out,"-44,000",SYP,-11.264,USD,شاورما
02/04/2022,Cash,Eating out,"-6,000",SYP,-1.536,USD,نابلسية
03/04/2022,Cash,Bills,"-1,000",SYP,-0.256,USD,
03/04/2022,Cash,Entertainment,"-4,000",SYP,-1.024,USD,سواح
03/04/2022,Cash,Communications,"-1,550",SYP,-0.396,USD,وحدات
03/04/2022,Cash,Bills,"-1,000",SYP,-0.256,USD,
04/04/2022,Cash,Bills,"-1,000",SYP,-0.256,USD,
04/04/2022,Cash,Communications,"-8,800",SYP,-2.252,USD,انترنت
05/04/2022,Cash,Eating out,"-16,500",SYP,-4.224,USD,مندي
05/04/2022,Cash,Entertainment,"-4,500",SYP,-1.152,USD,سواح
06/04/2022,Cash,House,"-15,000",SYP,-3.84,USD,كبة
06/04/2022,Cash,Entertainment,"-3,000",SYP,-0.768,USD,سواح
06/04/2022,Cash,Taxi,"-4,500",SYP,-1.152,USD,
06/04/2022,Cash,Bills,"-2,000",SYP,-0.512,USD,
08/04/2022,Cash,Deposits,"-7,000",SYP,-1.792,USD,
08/04/2022,Cash,House,"-11,000",SYP,-2.816,USD,برك
08/04/2022,Cash,Entertainment,"-8,000",SYP,-2.048,USD,بولينغ
08/04/2022,Cash,Entertainment,"-30,000",SYP,-7.68,USD,باسكوتشي
08/04/2022,Cash,Electronics,"-4,000",SYP,-1.024,USD,وصلة
09/04/2022,Cash,Entertainment,"-3,000",SYP,-0.768,USD,سواح
09/04/2022,Cash,Bills,"-3,000",SYP,-0.768,USD,
10/04/2022,Cash,House,"-100,000",SYP,-25.6,USD,نورا
10/04/2022,Cash,Communications,"-17,700",SYP,-4.531,USD,وحدات
11/04/2022,Cash,Bills,"-2,000",SYP,-0.512,USD,
11/04/2022,Cash,Entertainment,"-5,500",SYP,-1.408,USD,سواح
12/04/2022,USD,House,-100,USD,-100,USD,
13/04/2022,Cash,Bills,"-2,000",SYP,-0.512,USD,
13/04/2022,Cash,Entertainment,"-6,000",SYP,-1.536,USD,سواح
15/04/2022,Cash,Entertainment,"-14,000",SYP,-3.584,USD,بولينغ
15/04/2022,Cash,Sports,"-55,000",SYP,-14.08,USD,دنابل
15/04/2022,Cash,Deposits,"-7,000",SYP,-1.792,USD,
15/04/2022,Cash,House,"-54,500",SYP,-13.952,USD,مول
15/04/2022,Cash,House,"-14,000",SYP,-3.584,USD,قطايف
15/04/2022,Cash,House,"-20,000",SYP,-5.12,USD,لحمة
15/04/2022,Cash,Entertainment,"-20,000",SYP,-5.12,USD,باسكوتشي
15/04/2022,Cash,Bills,"-2,000",SYP,-0.512,USD,
15/04/2022,USD,To 'Cash',-200,USD,-200,USD,
15/04/2022,Cash,From 'USD',"786,000",SYP,200,USD,
17/04/2022,Cash,House,"-7,000",SYP,-1.792,USD,معروك
17/04/2022,Cash,House,"-6,000",SYP,-1.536,USD,فول
17/04/2022,Cash,House,"-5,000",SYP,-1.28,USD,لبن
17/04/2022,Cash,House,"-4,000",SYP,-1.024,USD,خبز
17/04/2022,Cash,House,"-6,000",SYP,-1.536,USD,فواكه
18/04/2022,Cash,Entertainment,"-5,500",SYP,-1.408,USD,سواح
19/04/2022,Cash,Bills,"-2,000",SYP,-0.512,USD,
21/04/2022,Cash,Taxi,"-4,000",SYP,-1.024,USD,
21/04/2022,Cash,Entertainment,"-5,500",SYP,-1.408,USD,سواح
21/04/2022,Cash,House,"-12,500",SYP,-3.2,USD,معروك
21/04/2022,Cash,Bills,"-2,000",SYP,-0.512,USD,
21/04/2022,Cash,Communications,"-1,100",SYP,-0.281,USD,وحدات
22/04/2022,Cash,Deposits,"-7,000",SYP,-1.792,USD,
22/04/2022,Cash,Bills,"-2,000",SYP,-0.512,USD,
22/04/2022,Cash,House,"-5,000",SYP,-1.28,USD,خبز
24/04/2022,Cash,Bills,"-2,000",SYP,-0.512,USD,
25/04/2022,Cash,House,"-14,000",SYP,-3.584,USD,معروك
25/04/2022,Cash,House,"-6,600",SYP,-1.689,USD,مول
25/04/2022,Cash,Clothes,"-75,000",SYP,-19.2,USD,بوط
27/04/2022,Cash,Entertainment,"-13,000",SYP,-3.328,USD,سواح
27/04/2022,Cash,Bills,"-1,000",SYP,-0.256,USD,
28/04/2022,Cash,House,"-7,000",SYP,-1.792,USD,تصوير
28/04/2022,Cash,Shaving,"-5,000",SYP,-1.28,USD,
28/04/2022,Cash,Bills,"-8,000",SYP,-2.048,USD,
29/04/2022,Cash,Deposits,"-7,000",SYP,-1.792,USD,
29/04/2022,Cash,Eating out,"-19,500",SYP,-4.992,USD,نابلسية
30/04/2022,Cash,Clothes,"-50,000",SYP,-12.8,USD,بوط
30/04/2022,Cash,House,"-48,000",SYP,-12.288,USD,مول
30/04/2022,Cash,House,"-50,000",SYP,-12.8,USD,حلويات
30/04/2022,Cash,Communications,"-47,100",SYP,-12.057,USD,كمال
01/05/2022,Cash,Bills,"-2,000",SYP,-0.512,USD,
01/05/2022,USD,Salary,"1,000",USD,"1,000",USD,
02/05/2022,Cash,Entertainment,"-3,000",SYP,-0.768,USD,سواح
02/05/2022,Cash,Entertainment,"-22,500",SYP,-5.76,USD,مومينتو
02/05/2022,Cash,Gifts,"-100,000",SYP,-25.6,USD,نورا
02/05/2022,USD,Gifts,-100,USD,-100,USD,ماما
02/05/2022,USD,House,-100,USD,-100,USD,
02/05/2022,Cash,Taxi,"-5,000",SYP,-1.28,USD,
02/05/2022,Cash,Food,"-3,500",SYP,-0.896,USD,مي
02/05/2022,Cash,Transport,"-8,500",SYP,-2.176,USD,لادقية
02/05/2022,Cash,Bills,"-1,000",SYP,-0.256,USD,
03/05/2022,Cash,Transport,"-15,000",SYP,-3.84,USD,جبلة
03/05/2022,Cash,Taxi,"-3,000",SYP,-0.768,USD,
03/05/2022,Cash,Bills,-500,SYP,-0.128,USD,
03/05/2022,Cash,Transport,-500,SYP,-0.128,USD,
03/05/2022,Cash,Entertainment,"-5,500",SYP,-1.408,USD,سواح
03/05/2022,Cash,Babies,"-30,000",SYP,-7.68,USD,
03/05/2022,Cash,Gifts,"-9,500",SYP,-2.432,USD,نغم
03/05/2022,Cash,Eating out,"-3,000",SYP,-0.768,USD,بوظة
04/05/2022,Cash,Taxi,"-5,000",SYP,-1.28,USD,
04/05/2022,Cash,Eating out,"-11,500",SYP,-2.944,USD,شاورما
04/05/2022,Cash,Entertainment,"-5,500",SYP,-1.408,USD,سواح
05/05/2022,Cash,Gifts,"50,000",SYP,12.8,USD,عبدو
05/05/2022,Cash,Gifts,"100,000",SYP,25.6,USD,ريم
06/05/2022,Cash,Gifts,"-4,000",SYP,-1.024,USD,بلال
06/05/2022,Cash,Deposits,"-7,000",SYP,-1.792,USD,
07/05/2022,Cash,Entertainment,"-40,000",SYP,-10.24,USD,سواح
07/05/2022,Cash,Taxi,"-6,000",SYP,-1.536,USD,
08/05/2022,Cash,Transport,-500,SYP,-0.128,USD,
08/05/2022,Cash,Eating out,"-5,000",SYP,-1.28,USD,فطاير
08/05/2022,Cash,Entertainment,"-7,000",SYP,-1.792,USD,سواح
09/05/2022,Cash,Eating out,"-5,000",SYP,-1.28,USD,بطاطا
09/05/2022,Cash,Entertainment,"-3,000",SYP,-0.768,USD,سواح
09/05/2022,Cash,Communications,"-17,700",SYP,-4.531,USD,وحدات
09/05/2022,Cash,Communications,"-2,000",SYP,-0.512,USD,وحدات
10/05/2022,Cash,Communications,"-8,800",SYP,-2.252,USD,انترنت
11/05/2022,Cash,Communications,"-1,000",SYP,-0.256,USD,ارضي
13/05/2022,Cash,Deposits,"-7,000",SYP,-1.792,USD,
13/05/2022,Cash,Eating out,"-20,000",SYP,-5.12,USD,كوردون
13/05/2022,Cash,Entertainment,"-5,000",SYP,-1.28,USD,سواح
15/05/2022,Cash,House,"-12,000",SYP,-3.072,USD,خبز
15/05/2022,Cash,Entertainment,"-9,000",SYP,-2.304,USD,سواح
15/05/2022,USD,To 'Cash',-100,USD,-100,USD,
15/05/2022,Cash,From 'USD',"390,000",SYP,100,USD,
16/05/2022,USD,To 'Cash',-100,USD,-100,USD,
16/05/2022,Cash,From 'USD',"390,000",SYP,100,USD,
17/05/2022,Cash,Transport,"-1,000",SYP,-0.256,USD,
17/05/2022,Cash,Health,"-16,000",SYP,-4.096,USD,
17/05/2022,Cash,Entertainment,"-5,000",SYP,-1.28,USD,سواح
18/05/2022,Cash,Entertainment,"-5,500",SYP,-1.408,USD,سواح
18/05/2022,Cash,Bills,"-50,000",SYP,-12.8,USD,
20/05/2022,Cash,Deposits,"-7,000",SYP,-1.792,USD,
21/05/2022,Cash,Entertainment,"-10,000",SYP,-2.56,USD,سواح
21/05/2022,Cash,Eating out,"-15,500",SYP,-3.968,USD,شاورما
22/05/2022,Cash,House,"-33,000",SYP,-8.448,USD,بيت المختار
23/05/2022,Cash,Entertainment,"-4,000",SYP,-1.024,USD,معسل
23/05/2022,Cash,Transport,"-34,000",SYP,-8.704,USD,
23/05/2022,Cash,Entertainment,"-7,000",SYP,-1.792,USD,سواح
24/05/2022,Cash,House,"-9,000",SYP,-2.304,USD,بوظة
24/05/2022,Cash,House,"-5,000",SYP,-1.28,USD,لزقة
24/05/2022,Cash,Entertainment,"-16,500",SYP,-4.224,USD,موالح
25/05/2022,Cash,Entertainment,"-5,000",SYP,-1.28,USD,بولينغ
25/05/2022,Cash,Entertainment,"-3,000",SYP,-0.768,USD,سواح
26/05/2022,Cash,Entertainment,"-7,000",SYP,-1.792,USD,سواح
27/05/2022,Cash,Deposits,"-7,000",SYP,-1.792,USD,
27/05/2022,Cash,House,"-25,000",SYP,-6.4,USD,فروج
27/05/2022,Cash,House,"-4,500",SYP,-1.152,USD,مسبحة
28/05/2022,Cash,Deposits,"280,000",SYP,71.68,USD,
28/05/2022,Cash,Shaving,"-5,000",SYP,-1.28,USD,
29/05/2022,Cash,Taxi,"-4,000",SYP,-1.024,USD,
29/05/2022,Cash,Eating out,"-10,500",SYP,-2.688,USD,شاورما
29/05/2022,Cash,Entertainment,"-9,500",SYP,-2.432,USD,سواح
30/05/2022,Cash,Communications,"-2,600",SYP,-0.665,USD,وحدات
31/05/2022,Cash,Entertainment,"-3,000",SYP,-0.768,USD,سواح
31/05/2022,Cash,Communications,"-1,100",SYP,-0.281,USD,ارضي
01/06/2022,USD,House,-100,USD,-100,USD,
01/06/2022,Cash,Entertainment,"-6,500",SYP,-1.664,USD,سواح
01/06/2022,Cash,Entertainment,"-15,000",SYP,-3.84,USD,بولينغ
01/06/2022,USD,Salary,"1,000",USD,"1,000",USD,
02/06/2022,Cash,Entertainment,"-5,000",SYP,-1.28,USD,سواح
03/06/2022,Cash,Communications,"-13,600",SYP,-3.481,USD,انترنت
03/06/2022,Cash,House,"-48,000",SYP,-12.288,USD,فروج
03/06/2022,Cash,Taxi,"-4,000",SYP,-1.024,USD,
03/06/2022,Cash,Deposits,"-7,000",SYP,-1.792,USD,
04/06/2022,Cash,House,"-22,000",SYP,-5.632,USD,دوش
04/06/2022,Cash,Entertainment,"-2,000",SYP,-0.512,USD,بوظة
06/06/2022,Cash,Communications,"-17,600",SYP,-4.505,USD,وحدات
06/06/2022,Cash,Entertainment,"-6,000",SYP,-1.536,USD,ايموجي
06/06/2022,Cash,Taxi,"-10,000",SYP,-2.56,USD,
07/06/2022,Cash,House,"-100,000",SYP,-25.6,USD,نورا
07/06/2022,Cash,Entertainment,"-40,000",SYP,-10.24,USD,مول
07/06/2022,Cash,Entertainment,"-6,500",SYP,-1.664,USD,سواح
08/06/2022,Cash,Entertainment,"-11,000",SYP,-2.816,USD,سواح
08/06/2022,Cash,Taxi,"-5,000",SYP,-1.28,USD,
09/06/2022,Cash,Electronics,"-12,000",SYP,-3.072,USD,قبضة
09/06/2022,Cash,Entertainment,"-3,500",SYP,-0.896,USD,سواح
10/06/2022,Cash,Deposits,"-7,000",SYP,-1.792,USD,
10/06/2022,Cash,Entertainment,"-5,000",SYP,-1.28,USD,سواح
11/06/2022,Cash,Taxi,"-6,000",SYP,-1.536,USD,
11/06/2022,Cash,House,"-100,000",SYP,-25.6,USD,نورا
11/06/2022,Cash,Eating out,"-32,500",SYP,-8.32,USD,فرانشيسكو
12/06/2022,Cash,Taxi,"-5,000",SYP,-1.28,USD,
12/06/2022,Cash,Entertainment,"-5,500",SYP,-1.408,USD,سواح
13/06/2022,Cash,House,"-4,000",SYP,-1.024,USD,خبز
13/06/2022,Cash,House,"-21,000",SYP,-5.376,USD,منظفات
13/06/2022,Cash,House,"-9,000",SYP,-2.304,USD,جبنة
13/06/2022,Cash,House,"-9,000",SYP,-2.304,USD,بهارات
16/06/2022,Cash,Entertainment,"-3,500",SYP,-0.896,USD,سواح
16/06/2022,Cash,Eating out,"-8,000",SYP,-2.048,USD,شاورما
16/06/2022,Cash,Entertainment,"-6,500",SYP,-1.664,USD,سواح
16/06/2022,Cash,Sports,"-4,000",SYP,-1.024,USD,
17/06/2022,Cash,Entertainment,"-4,500",SYP,-1.152,USD,بلياردو
17/06/2022,Cash,Bills,"-2,000",SYP,-0.512,USD,
17/06/2022,Cash,Deposits,"-7,000",SYP,-1.792,USD,
18/06/2022,USD,To 'Cash',-100,USD,-100,USD,
18/06/2022,Cash,From 'USD',"400,000",SYP,100,USD,
22/06/2022,Cash,Communications,"-5,600",SYP,-1.433,USD,وحدات
23/06/2022,Cash,Shaving,"-5,000",SYP,-1.28,USD,
23/06/2022,Cash,Eating out,"-8,500",SYP,-2.176,USD,كرانشي
23/06/2022,Cash,Entertainment,"-4,000",SYP,-1.024,USD,سواح
23/06/2022,Cash,Sports,"-4,000",SYP,-1.024,USD,
23/06/2022,Cash,Taxi,"-3,000",SYP,-0.768,USD,
24/06/2022,Cash,Transport,"-4,000",SYP,-1.024,USD,
24/06/2022,Cash,Taxi,"-7,000",SYP,-1.792,USD,
24/06/2022,Cash,Deposits,"-7,000",SYP,-1.792,USD,
26/06/2022,Cash,House,"-8,500",SYP,-2.176,USD,
26/06/2022,Cash,Eating out,"-8,500",SYP,-2.176,USD,شاورما
26/06/2022,Cash,Entertainment,"-3,500",SYP,-0.896,USD,سواح
26/06/2022,Cash,Bills,"-1,000",SYP,-0.256,USD,
29/06/2022,Cash,Bills,"-25,000",SYP,-6.4,USD,انس
29/06/2022,Cash,Eating out,"-8,000",SYP,-2.048,USD,شاورما
29/06/2022,Cash,Entertainment,"-6,500",SYP,-1.664,USD,سواح
01/07/2022,USD,Salary,"1,000",USD,"1,000",USD,
01/07/2022,USD,House,-100,USD,-100,USD,
01/07/2022,Cash,Entertainment,"-7,000",SYP,-1.792,USD,سواح
01/07/2022,Cash,Eating out,"-20,000",SYP,-5.12,USD,بيغ فيلر
01/07/2022,Cash,Sports,"-4,000",SYP,-1.024,USD,
01/07/2022,Cash,Deposits,"-7,000",SYP,-1.792,USD,
02/07/2022,Cash,Entertainment,"-6,500",SYP,-1.664,USD,سواح
02/07/2022,Cash,Eating out,"-23,500",SYP,-6.016,USD,فرانشيسكو
03/07/2022,Cash,Eating out,"-3,600",SYP,-0.921,USD,كروسان
03/07/2022,Cash,Entertainment,"-9,000",SYP,-2.304,USD,سواح
04/07/2022,Cash,House,"-100,000",SYP,-25.6,USD,نورا
04/07/2022,Cash,Communications,"-13,600",SYP,-3.481,USD,انترنت
04/07/2022,USD,To 'Cash',-200,USD,-200,USD,
04/07/2022,Cash,From 'USD',"800,000",SYP,200,USD,
05/07/2022,Cash,Communications,"-1,100",SYP,-0.281,USD,وحدات
05/07/2022,Cash,Eating out,"-19,000",SYP,-4.864,USD,فرانشيسكو
05/07/2022,Cash,Taxi,"-5,000",SYP,-1.28,USD,
05/07/2022,Cash,Entertainment,"-14,000",SYP,-3.584,USD,سواح
05/07/2022,Cash,Entertainment,"-6,000",SYP,-1.536,USD,بولينغ
06/07/2022,Cash,Entertainment,"-8,000",SYP,-2.048,USD,قهوة
08/07/2022,Cash,Transport,"-1,000",SYP,-0.256,USD,
08/07/2022,Cash,House,"-40,000",SYP,-10.24,USD,حلويات
09/07/2022,Cash,Deposits,"-7,000",SYP,-1.792,USD,
10/07/2022,Cash,Entertainment,"-87,000",SYP,-22.272,USD,مزرعة
11/07/2022,Cash,Taxi,"-14,000",SYP,-3.584,USD,
11/07/2022,Cash,Entertainment,"-13,000",SYP,-3.328,USD,بلايستيشن
11/07/2022,Cash,Entertainment,"-6,000",SYP,-1.536,USD,فريز
11/07/2022,Cash,Eating out,"-9,000",SYP,-2.304,USD,شاورما
11/07/2022,Cash,Entertainment,"-4,000",SYP,-1.024,USD,سواح
11/07/2022,Cash,Transport,"-1,500",SYP,-0.384,USD,
11/07/2022,USD,Gifts,-100,USD,-100,USD,ماما
11/07/2022,USD,Gifts,-100,USD,-100,USD,نورا
11/07/2022,Cash,House,"-14,000",SYP,-3.584,USD,شيش
12/07/2022,Cash,Babies,"-30,000",SYP,-7.68,USD,
12/07/2022,Cash,Gifts,"-10,000",SYP,-2.56,USD,نغم
12/07/2022,USD,To 'Cash',-50,USD,-50,USD,
12/07/2022,Cash,From 'USD',"160,000",SYP,50,USD,
12/07/2022,Cash,Entertainment,"-10,000",SYP,-2.56,USD,بينغ بونغ
12/07/2022,Cash,Transport,"-1,500",SYP,-0.384,USD,
14/07/2022,Cash,Entertainment,"-30,000",SYP,-7.68,USD,مشوار
14/07/2022,Cash,Sports,"-4,000",SYP,-1.024,USD,
15/07/2022,Cash,Shaving,"-3,000",SYP,-0.768,USD,
15/07/2022,Cash,Bills,"-1,000",SYP,-0.256,USD,
15/07/2022,Cash,Deposits,"-7,000",SYP,-1.792,USD,
15/07/2022,Cash,Entertainment,"-31,000",SYP,-7.936,USD,نادي المهندسين
15/07/2022,Cash,Taxi,"-6,500",SYP,-1.664,USD,
16/07/2022,Cash,Eating out,"-17,000",SYP,-4.352,USD,بيتزا
16/07/2022,Cash,Entertainment,"-9,000",SYP,-2.304,USD,سواح
18/07/2022,Cash,Communications,"-16,000",SYP,-4.096,USD,وحدات
19/07/2022,Cash,House,"-14,200",SYP,-3.635,USD,فطاير
20/07/2022,Cash,House,"-4,000",SYP,-1.024,USD,بطيخ
21/07/2022,Cash,Entertainment,"-7,000",SYP,-1.792,USD,سواح
21/07/2022,Cash,Eating out,"-18,000",SYP,-4.608,USD,سوبريم
21/07/2022,Cash,Sports,"-4,000",SYP,-1.024,USD,
21/07/2022,Cash,Communications,"-1,000",SYP,-0.256,USD,ارضي
22/07/2022,Cash,Communications,-500,SYP,-0.128,USD,وحدات
22/07/2022,Cash,Deposits,"-7,000",SYP,-1.792,USD,
24/07/2022,Cash,Sports,"-2,000",SYP,-0.512,USD,
24/07/2022,Cash,Eating out,"-11,000",SYP,-2.816,USD,شاورما
24/07/2022,Cash,Entertainment,"-4,000",SYP,-1.024,USD,سواح
27/07/2022,Cash,Eating out,"-4,000",SYP,-1.024,USD,مسبحة
28/07/2022,Cash,Entertainment,"-40,000",SYP,-10.24,USD,بوكا
28/07/2022,Cash,Eating out,"-18,000",SYP,-4.608,USD,كروسان
28/07/2022,Cash,Entertainment,"-25,000",SYP,-6.4,USD,حفلة جوزيف
28/07/2022,Cash,Entertainment,"-7,000",SYP,-1.792,USD,سواح
28/07/2022,Cash,Taxi,"-5,000",SYP,-1.28,USD,
28/07/2022,Cash,Entertainment,"-4,000",SYP,-1.024,USD,سواح
28/07/2022,Cash,Sports,"-4,000",SYP,-1.024,USD,
29/07/2022,Cash,Deposits,"-7,000",SYP,-1.792,USD,
29/07/2022,Cash,Entertainment,"-4,000",SYP,-1.024,USD,سواح
29/07/2022,Cash,Taxi,"-7,000",SYP,-1.792,USD,
29/07/2022,Cash,Eating out,"-19,500",SYP,-4.992,USD,فرانشيسكو
30/07/2022,Cash,Entertainment,"-10,000",SYP,-2.56,USD,سواح
31/07/2022,Cash,House,"-25,000",SYP,-6.4,USD,بيت المختار
31/07/2022,Cash,Entertainment,"-9,500",SYP,-2.432,USD,باسكوتشي
31/07/2022,Cash,Shaving,"-5,000",SYP,-1.28,USD,
31/07/2022,Cash,Clothes,"-20,000",SYP,-5.12,USD,نضارة
31/07/2022,Cash,House,"-21,000",SYP,-5.376,USD,فروج
31/07/2022,Cash,Communications,"-13,600",SYP,-3.481,USD,انترنت
31/07/2022,Cash,Communications,"-1,600",SYP,-0.409,USD,ارضي
31/07/2022,Cash,Taxi,"-2,000",SYP,-0.512,USD,
01/08/2022,Cash,Eating out,"-13,000",SYP,-3.328,USD,صاج
01/08/2022,Cash,Entertainment,"-8,000",SYP,-2.048,USD,سواح
01/08/2022,Cash,Transport,"-2,500",SYP,-0.64,USD,
01/08/2022,USD,Salary,"1,100",USD,"1,100",USD,
01/08/2022,USD,House,-100,USD,-100,USD,
02/08/2022,Cash,Taxi,"-11,000",SYP,-2.816,USD,
02/08/2022,Cash,Entertainment,"-8,000",SYP,-2.048,USD,سواح
02/08/2022,Cash,Entertainment,"-30,000",SYP,-7.68,USD,ايرور
02/08/2022,Cash,Taxi,"-5,000",SYP,-1.28,USD,
02/08/2022,Cash,Eating out,"-36,000",SYP,-9.216,USD,الرضا
02/08/2022,Cash,Bills,-500,SYP,-0.128,USD,
02/08/2022,Cash,Transport,-500,SYP,-0.128,USD,
03/08/2022,Cash,Bills,-500,SYP,-0.128,USD,
03/08/2022,Cash,House,"-100,000",SYP,-25.6,USD,نورا
03/08/2022,USD,To 'Cash',-100,USD,-100,USD,
03/08/2022,Cash,From 'USD',"420,000",SYP,100,USD,
04/08/2022,Cash,Entertainment,"-4,000",SYP,-0.94,USD,سواح
04/08/2022,Cash,Sports,"-4,000",SYP,-0.94,USD,
05/08/2022,Cash,Entertainment,"-23,000",SYP,-5.405,USD,جليلاتي
05/08/2022,Cash,Deposits,"-7,000",SYP,-1.645,USD,
05/08/2022,USD,Gifts,500,USD,500,USD,علا
05/08/2022,Cash,Entertainment,"-4,000",SYP,-0.94,USD,عصير
05/08/2022,Cash,Entertainment,"-4,000",SYP,-0.94,USD,سواح
05/08/2022,Cash,Babies,"-6,000",SYP,-1.41,USD,
05/08/2022,Cash,House,"-7,500",SYP,-1.762,USD,بوظة
05/08/2022,Cash,House,"-4,000",SYP,-0.94,USD,فول
05/08/2022,Cash,House,"-7,500",SYP,-1.762,USD,نابلسية
05/08/2022,USD,To 'Cash',-100,USD,-100,USD,
05/08/2022,Cash,From 'USD',"420,000",SYP,100,USD,
06/08/2022,Cash,Entertainment,"-7,000",SYP,-1.645,USD,سواح
06/08/2022,Cash,Transport,"-1,500",SYP,-0.352,USD,
06/08/2022,Cash,Transport,"-3,000",SYP,-0.705,USD,
08/08/2022,Cash,House,"-52,000",SYP,-12.22,USD,بزورية
09/08/2022,Cash,Clothes,"-60,000",SYP,-14.1,USD,بوط
09/08/2022,Cash,Entertainment,"-15,000",SYP,-3.525,USD,سواح
09/08/2022,Cash,Eating out,"-2,500",SYP,-0.587,USD,كروسان
11/08/2022,Cash,Eating out,"-11,000",SYP,-2.585,USD,شاورما
11/08/2022,Cash,Entertainment,"-8,000",SYP,-1.88,USD,سواح
11/08/2022,Cash,Sports,"-4,000",SYP,-0.94,USD,
12/08/2022,Cash,Deposits,"-7,000",SYP,-1.645,USD,
12/08/2022,Cash,Entertainment,"-9,000",SYP,-2.115,USD,قطان
12/08/2022,Cash,Transport,"-1,500",SYP,-0.352,USD,
14/08/2022,Cash,Transport,"-1,000",SYP,-0.235,USD,
14/08/2022,Cash,Entertainment,"-5,000",SYP,-1.175,USD,سواح
15/08/2022,Cash,Communications,"-20,500",SYP,-4.817,USD,وحدات
16/08/2022,Cash,Transport,"-1,000",SYP,-0.235,USD,
16/08/2022,Cash,Entertainment,"-5,000",SYP,-1.175,USD,سواح
17/08/2022,Cash,House,"-45,000",SYP,-10.575,USD,بطارية
17/08/2022,Cash,Eating out,"-13,000",SYP,-3.055,USD,اسكالوب
18/08/2022,Cash,Transport,"-1,500",SYP,-0.352,USD,
19/08/2022,Cash,Deposits,"-7,000",SYP,-1.645,USD,
19/08/2022,USD,Electronics,-19,USD,-19,USD,IPTV + clash
19/08/2022,USD,To 'Cash',-5,USD,-5,USD,
19/08/2022,Cash,From 'USD',"22,500",SYP,5,USD,
20/08/2022,Cash,Transport,"-10,000",SYP,-2.35,USD,
20/08/2022,Cash,Entertainment,"-5,000",SYP,-1.175,USD,سواح
20/08/2022,Cash,Mobile,"-150,000",SYP,-35.25,USD,موبايل
21/08/2022,Cash,Gifts,"-25,000",SYP,-5.875,USD,نغم
21/08/2022,Cash,Babies,"-25,000",SYP,-5.875,USD,ادم
21/08/2022,Cash,Sports,"-2,500",SYP,-0.587,USD,
22/08/2022,Cash,Entertainment,"-38,000",SYP,-8.93,USD,بولينغ
24/08/2022,Cash,Entertainment,"-16,000",SYP,-3.76,USD,سواح
24/08/2022,Cash,Bills,"-36,000",SYP,-8.46,USD,شهادة سواقة
24/08/2022,Cash,Clothes,"-130,000",SYP,-30.55,USD,طقم
24/08/2022,Cash,Eating out,"-25,000",SYP,-5.875,USD,اسكالوب
25/08/2022,Cash,Entertainment,"-6,000",SYP,-1.41,USD,سواح
26/08/2022,Cash,Deposits,"-7,000",SYP,-1.645,USD,
26/08/2022,Cash,Entertainment,"-48,000",SYP,-11.28,USD,مزرعة
26/08/2022,Cash,Eating out,"-18,500",SYP,-4.347,USD,بيتزا
28/08/2022,Cash,Entertainment,"-12,000",SYP,-2.82,USD,سواح
29/08/2022,USD,To 'Cash',-90,USD,-90,USD,
29/08/2022,Cash,From 'USD',"399,999.999",SYP,90,USD,
30/08/2022,Cash,Shaving,"-6,000",SYP,-1.41,USD,
30/08/2022,Cash,Clothes,"-14,000",SYP,-3.29,USD,قشاط
30/08/2022,Cash,Clothes,"-36,000",SYP,-8.46,USD,بوط
30/08/2022,Cash,Entertainment,"-7,000",SYP,-1.645,USD,سواح
30/08/2022,Cash,Eating out,"-5,500",SYP,-1.292,USD,بطاطا
30/08/2022,Cash,Communications,"-12,500",SYP,-2.937,USD,انترنت
30/08/2022,Cash,Communications,"-1,600",SYP,-0.376,USD,ارضي
31/08/2022,Cash,Entertainment,"-5,000",SYP,-1.175,USD,سواح
31/08/2022,Cash,Taxi,"-5,000",SYP,-1.175,USD,
31/08/2022,Cash,Entertainment,"-19,050",SYP,-4.476,USD,جعفر
01/09/2022,Cash,Communications,"-27,350",SYP,-6.427,USD,وحدات
02/09/2022,USD,To 'Cash',-5,USD,-5,USD,
02/09/2022,Cash,From 'USD',"22,250",SYP,5,USD,
02/09/2022,USD,Electronics,-5,USD,-5,USD,كلاش
02/09/2022,Cash,Entertainment,"-3,000",SYP,-0.705,USD,سواح
02/09/2022,Cash,Sports,"-12,000",SYP,-2.82,USD,
02/09/2022,Cash,Taxi,"-5,000",SYP,-1.175,USD,
05/09/2022,USD,Salary,"1,100",USD,"1,100",USD,
05/09/2022,USD,House,-100,USD,-100,USD,
05/09/2022,Cash,Clothes,"-10,000",SYP,-2.35,USD,كرافة
05/09/2022,Cash,House,"-100,000",SYP,-23.5,USD,نورا
05/09/2022,USD,To 'Cash',-400,USD,-400,USD,
05/09/2022,Cash,From 'USD',"1,780,000",SYP,400,USD,
05/09/2022,Cash,Eating out,"-3,000",SYP,-0.705,USD,كروسان
05/09/2022,Cash,Entertainment,"-3,000",SYP,-0.705,USD,سواح
07/09/2022,Cash,Transport,"-1,500",SYP,-0.352,USD,
07/09/2022,Cash,Eating out,"-12,500",SYP,-2.937,USD,اسكالوب
07/09/2022,Cash,Entertainment,"-13,000",SYP,-3.055,USD,سواح
09/09/2022,Cash,Deposits,"-7,000",SYP,-1.645,USD,
11/09/2022,Cash,Sports,"-2,000",SYP,-0.47,USD,
11/09/2022,Cash,Eating out,"-13,000",SYP,-3.055,USD,اسكالوب
11/09/2022,Cash,Entertainment,"-3,000",SYP,-0.705,USD,سواح
11/09/2022,Cash,House,"-4,500",SYP,-1.057,USD,رز
11/09/2022,Cash,Babies,"-5,500",SYP,-1.292,USD,
13/09/2022,Cash,Eating out,"-14,500",SYP,-3.407,USD,فرانشيسكو
13/09/2022,Cash,Eating out,"-14,000",SYP,-3.29,USD,مندي
13/09/2022,Cash,Entertainment,"-11,500",SYP,-2.702,USD,سواح
14/09/2022,Cash,House,"-4,800",SYP,-1.128,USD,
14/09/2022,USD,To 'Cash',-5,USD,-5,USD,
14/09/2022,Cash,From 'USD',"22,500",SYP,5,USD,
15/09/2022,Cash,House,"-30,000",SYP,-6.6,USD,بيض + جبنة
16/09/2022,Cash,Deposits,"-7,000",SYP,-1.54,USD,
16/09/2022,Cash,Entertainment,"-6,000",SYP,-1.32,USD,سواح
16/09/2022,Cash,Taxi,"-6,000",SYP,-1.32,USD,
16/09/2022,Cash,Eating out,"-13,500",SYP,-2.97,USD,مندي
16/09/2022,Cash,Sports,"-5,000",SYP,-1.1,USD,
18/09/2022,Cash,Eating out,"-5,000",SYP,-1.1,USD,مسبحة
18/09/2022,Cash,Eating out,"-14,000",SYP,-3.08,USD,اسكالوب
18/09/2022,Cash,Sports,"-4,000",SYP,-0.88,USD,
18/09/2022,Cash,Entertainment,"-3,000",SYP,-0.66,USD,سواح
19/09/2022,Cash,Debt,"-176,000",SYP,-38.72,USD,مشكاوي
19/09/2022,Cash,Entertainment,"-9,000",SYP,-1.98,USD,سواح
21/09/2022,Cash,Entertainment,"-7,000",SYP,-1.54,USD,سواح
21/09/2022,Cash,Communications,"-1,500",SYP,-0.33,USD,ارضي
22/09/2022,Cash,Sports,"-4,000",SYP,-0.88,USD,
23/09/2022,Cash,Deposits,"-7,000",SYP,-1.54,USD,
23/09/2022,Cash,Eating out,"-19,000",SYP,-4.18,USD,شاورما
23/09/2022,Cash,Transport,"-2,000",SYP,-0.44,USD,
23/09/2022,Cash,Entertainment,"-4,500",SYP,-0.99,USD,سواح
24/09/2022,Cash,House,"-32,500",SYP,-7.15,USD,
24/09/2022,Cash,Babies,"-6,000",SYP,-1.32,USD,
25/09/2022,Cash,Sports,"-7,500",SYP,-1.65,USD,
25/09/2022,Cash,Shaving,"-6,000",SYP,-1.32,USD,
26/09/2022,Cash,Entertainment,"-10,000",SYP,-2.2,USD,سواح
26/09/2022,Cash,Bills,"-18,000",SYP,-3.96,USD,نقابة
27/09/2022,Cash,Transport,"-1,000",SYP,-0.22,USD,
27/09/2022,Cash,Eating out,"-11,000",SYP,-2.42,USD,شاورما
27/09/2022,Cash,Entertainment,"-6,000",SYP,-1.32,USD,سواح
28/09/2022,Cash,Transport,"-1,000",SYP,-0.206,USD,
28/09/2022,Cash,Transport,"-4,000",SYP,-0.824,USD,
28/09/2022,Cash,Entertainment,"-45,000",SYP,-9.27,USD,كاتو
30/09/2022,Cash,Deposits,"-7,000",SYP,-1.442,USD,
30/09/2022,Cash,House,"-80,000",SYP,-16.48,USD,مول
30/09/2022,Cash,Bills,"-2,000",SYP,-0.412,USD,
01/10/2022,USD,Salary,"1,150",USD,"1,150",USD,
02/10/2022,Cash,Eating out,"-14,000",SYP,-2.884,USD,اسكالوب
02/10/2022,Cash,Entertainment,"-6,000",SYP,-1.236,USD,سواح
02/10/2022,Cash,Sports,"-2,000",SYP,-0.412,USD,
04/10/2022,Cash,Entertainment,"-5,000",SYP,-1.03,USD,سواح
05/10/2022,Cash,Communications,"-12,500",SYP,-2.575,USD,انترنت
05/10/2022,Cash,Taxi,"-7,000",SYP,-1.442,USD,
05/10/2022,Cash,Entertainment,"-12,000",SYP,-2.472,USD,احلى لمة
05/10/2022,Cash,Eating out,"-16,000",SYP,-3.296,USD,بطاطا
05/10/2022,Cash,Eating out,"-6,500",SYP,-1.339,USD,بطاطا
05/10/2022,Cash,Entertainment,"-7,500",SYP,-1.545,USD,سواح
05/10/2022,Cash,House,"-25,000",SYP,-5.15,USD,هريسة
06/10/2022,Cash,House,"-77,000",SYP,-15.862,USD,جواز
07/10/2022,Cash,Deposits,"-7,000",SYP,-1.442,USD,
07/10/2022,Cash,Entertainment,"-67,000",SYP,-13.802,USD,بلودان
09/10/2022,Cash,Eating out,"-13,000",SYP,-2.678,USD,مندي
09/10/2022,Cash,Entertainment,"-5,000",SYP,-1.03,USD,سواح
10/10/2022,Cash,Entertainment,"-7,000",SYP,-1.442,USD,مول
10/10/2022,Cash,House,"-100,000",SYP,-20.6,USD,نورا
11/10/2022,Cash,Entertainment,"-3,000",SYP,-0.618,USD,سواح
13/10/2022,Cash,Taxi,"-6,000",SYP,-1.236,USD,
13/10/2022,Cash,Entertainment,"-10,500",SYP,-2.163,USD,سواح
13/10/2022,Cash,Eating out,"-35,000",SYP,-7.21,USD,اسكالوب
13/10/2022,Cash,House,"-27,000",SYP,-5.562,USD,بوط نورا
13/10/2022,Cash,Entertainment,"-6,000",SYP,-1.236,USD,سواح
13/10/2022,Cash,Eating out,"-20,000",SYP,-4.12,USD,اسكالوب
14/10/2022,Cash,Deposits,"-7,000",SYP,-1.442,USD,
14/10/2022,USD,House,-100,USD,-100,USD,
14/10/2022,Cash,Entertainment,"-3,000",SYP,-0.618,USD,سواح
16/10/2022,Cash,Communications,"-18,100",SYP,-3.728,USD,وحدات
16/10/2022,Cash,Entertainment,"-7,000",SYP,-1.442,USD,نابلسية
16/10/2022,Cash,Entertainment,"-3,000",SYP,-0.618,USD,سواح
16/10/2022,Cash,Eating out,"-13,000",SYP,-2.678,USD,اسكالوب
16/10/2022,USD,To 'Cash',-10,USD,-10,USD,
16/10/2022,Cash,From 'USD',"50,000",SYP,10,USD,
16/10/2022,USD,Electronics,-5,USD,-5,USD,كلاش
16/10/2022,Cash,Clothes,"-170,000",SYP,-35.02,USD,بوط
17/10/2022,Cash,Sports,"-6,000",SYP,-1.236,USD,
17/10/2022,Cash,Entertainment,"-8,000",SYP,-1.648,USD,سواح
17/10/2022,Cash,Eating out,"-12,000",SYP,-2.472,USD,شاورما
17/10/2022,Cash,Eating out,"-6,000",SYP,-1.236,USD,بطاطا
18/10/2022,Cash,House,"-20,000",SYP,-4.12,USD,لحمة
18/10/2022,Cash,House,"-15,500",SYP,-3.193,USD,زيت
18/10/2022,Cash,House,"-22,500",SYP,-4.635,USD,فروج
18/10/2022,Cash,Shaving,"-6,000",SYP,-1.236,USD,
19/10/2022,Cash,Eating out,"-3,500",SYP,-0.721,USD,فول
19/10/2022,Cash,Transport,"-1,500",SYP,-0.309,USD,
19/10/2022,Cash,Entertainment,"-6,000",SYP,-1.236,USD,سواح
20/10/2022,Cash,House,"-16,000",SYP,-3.296,USD,فطاير
20/10/2022,Cash,House,"-22,000",SYP,-4.532,USD,هريسة
20/10/2022,Cash,Transport,"-6,000",SYP,-1.236,USD,
21/10/2022,Cash,Deposits,"-7,000",SYP,-1.442,USD,
22/10/2022,Cash,Transport,"-1,000",SYP,-0.206,USD,
22/10/2022,Cash,Transport,"-12,000",SYP,-2.472,USD,
22/10/2022,Cash,Entertainment,"-7,000",SYP,-1.442,USD,سواح
22/10/2022,Cash,Eating out,"-14,000",SYP,-2.884,USD,اسكالوب
23/10/2022,Cash,Entertainment,"-5,000",SYP,-1.03,USD,سواح
25/10/2022,Cash,Communications,"-2,200",SYP,-0.424,USD,وحدات
25/10/2022,Cash,Entertainment,"-6,000",SYP,-1.158,USD,سواح
25/10/2022,Cash,House,"-1,500",SYP,-0.289,USD,خبز
26/10/2022,Cash,Eating out,"-6,000",SYP,-1.158,USD,بطاطا
27/10/2022,Cash,Entertainment,"-18,000",SYP,-3.474,USD,سواح
27/10/2022,Cash,Clothes,"-3,000",SYP,-0.579,USD,بوط
27/10/2022,Cash,Eating out,"-6,000",SYP,-1.158,USD,كريب
28/10/2022,Cash,Deposits,"-7,000",SYP,-1.351,USD,
28/10/2022,Cash,Eating out,"-65,000",SYP,-12.545,USD,بيت المختار
28/10/2022,Cash,House,"-125,000",SYP,-24.125,USD,مول
29/10/2022,Cash,Entertainment,"-6,000",SYP,-1.158,USD,سواح
29/10/2022,Cash,Transport,"-1,000",SYP,-0.193,USD,
30/10/2022,Cash,Entertainment,"-3,000",SYP,-0.579,USD,سواح
30/10/2022,Cash,Electronics,"-25,000",SYP,-4.825,USD,قبضة
31/10/2022,Cash,Entertainment,"-7,000",SYP,-1.351,USD,سواح
01/11/2022,Cash,House,"-100,000",SYP,-19.3,USD,نورا
01/11/2022,USD,To 'Cash',-200,USD,-200,USD,
01/11/2022,Cash,From 'USD',"1,031,000",SYP,200,USD,
01/11/2022,Cash,Communications,"-12,500",SYP,-2.412,USD,انترنت
02/11/2022,Cash,Entertainment,"-11,000",SYP,-2.123,USD,سواح
02/11/2022,Cash,Eating out,"-14,500",SYP,-2.798,USD,اسكالوب
02/11/2022,Cash,Taxi,"-2,000",SYP,-0.386,USD,
03/11/2022,Cash,Entertainment,"-4,000",SYP,-0.772,USD,نقاريش
03/11/2022,USD,Salary,"1,100",USD,"1,100",USD,
04/11/2022,Cash,Entertainment,"-10,000",SYP,-1.93,USD,احمد
04/11/2022,Cash,Deposits,"-7,000",SYP,-1.351,USD,
04/11/2022,Cash,House,"-3,000",SYP,-0.579,USD,بيض
05/11/2022,Cash,Taxi,"-15,000",SYP,-2.895,USD,
05/11/2022,Cash,House,"-28,500",SYP,-5.5,USD,جبنة
05/11/2022,Cash,Shaving,"-5,000",SYP,-0.965,USD,
07/11/2022,USD,House,-100,USD,-100,USD,
07/11/2022,USD,Electronics,-5,USD,-5,USD,كلاش
07/11/2022,USD,To 'Cash',-10,USD,-10,USD,
07/11/2022,Cash,From 'USD',"52,000",SYP,10,USD,
08/11/2022,Cash,Entertainment,"-12,000",SYP,-2.316,USD,بولينغ
08/11/2022,Cash,Eating out,"-26,000",SYP,-5.018,USD,بيتزا
08/11/2022,Cash,Entertainment,"-1,000",SYP,-0.193,USD,سواح
09/11/2022,USD,To 'Cash',-61,USD,-61,USD,
09/11/2022,Cash,From 'USD',"314,999.999",SYP,61,USD,
11/11/2022,Cash,Entertainment,"-20,000",SYP,-3.86,USD,منقرشات
11/11/2022,Cash,Taxi,"-28,000",SYP,-5.404,USD,
11/11/2022,Cash,Deposits,"-7,000",SYP,-1.351,USD,
11/11/2022,Cash,Entertainment,"-3,000",SYP,-0.579,USD,سواح
12/11/2022,Cash,House,"-31,000",SYP,-5.983,USD,سكر
13/11/2022,Cash,Entertainment,"-11,000",SYP,-2.123,USD,سواح
13/11/2022,Cash,Communications,"-1,600",SYP,-0.308,USD,ارضي
13/11/2022,Cash,Communications,"-18,100",SYP,-3.493,USD,وحدات
14/11/2022,Cash,Entertainment,"-9,000",SYP,-1.737,USD,سواح
14/11/2022,Cash,Eating out,"-19,000",SYP,-3.667,USD,الرضا
14/11/2022,Cash,House,"-26,000",SYP,-5.018,USD,قهوة
16/11/2022,Cash,Communications,"-5,500",SYP,-1.061,USD,انترنت
16/11/2022,Cash,Communications,"-13,000",SYP,-2.509,USD,شاحن
16/11/2022,Cash,Entertainment,"-10,000",SYP,-1.93,USD,سواح
16/11/2022,Cash,Eating out,"-21,000",SYP,-4.053,USD,الرضا
18/11/2022,Cash,Entertainment,"-3,500",SYP,-0.675,USD,سواح
18/11/2022,Cash,Deposits,"-7,000",SYP,-1.351,USD,
20/11/2022,Cash,Eating out,"-12,500",SYP,-2.412,USD,شاورما
20/11/2022,Cash,Entertainment,"-6,500",SYP,-1.254,USD,سواح
21/11/2022,Cash,Entertainment,"-3,500",SYP,-0.675,USD,سواح
22/11/2022,Cash,Sports,"-40,000",SYP,-7.72,USD,كنزة
22/11/2022,Cash,Entertainment,"-12,000",SYP,-2.316,USD,سواح
22/11/2022,Cash,Eating out,"-6,500",SYP,-1.254,USD,بطاطا
23/11/2022,Cash,Entertainment,"-3,000",SYP,-0.543,USD,سواح
24/11/2022,Cash,Entertainment,"-3,000",SYP,-0.543,USD,سواح
24/11/2022,Cash,Shaving,"-7,000",SYP,-1.267,USD,
25/11/2022,Cash,Taxi,"-9,000",SYP,-1.629,USD,
25/11/2022,Cash,Deposits,"-7,000",SYP,-1.267,USD,
25/11/2022,Cash,Entertainment,"-15,000",SYP,-2.715,USD,اروما
25/11/2022,Cash,Entertainment,"-6,000",SYP,-1.086,USD,سواح
26/11/2022,Cash,Eating out,"-6,500",SYP,-1.176,USD,بطاطا
26/11/2022,Cash,Entertainment,"-6,500",SYP,-1.176,USD,سواح
28/11/2022,Cash,Communications,"-2,100",SYP,-0.38,USD,وحدات
28/11/2022,Cash,Eating out,"-6,500",SYP,-1.176,USD,بطاطا
28/11/2022,Cash,Transport,"-2,000",SYP,-0.362,USD,
28/11/2022,Cash,Entertainment,"-11,000",SYP,-1.991,USD,سواح
29/11/2022,Cash,Eating out,"-4,000",SYP,-0.724,USD,بطاطا
29/11/2022,Cash,Eating out,"-7,500",SYP,-1.357,USD,شاورما
29/11/2022,Cash,Entertainment,"-13,000",SYP,-2.353,USD,سواح
01/12/2022,USD,Salary,"1,200",USD,"1,200",USD,
01/12/2022,Cash,Entertainment,"-17,000",SYP,-3.077,USD,سواح
01/12/2022,Cash,Eating out,"-12,000",SYP,-2.172,USD,شاورما
02/12/2022,Cash,Deposits,"-7,000",SYP,-1.267,USD,
02/12/2022,Cash,Taxi,"-8,000",SYP,-1.448,USD,
02/12/2022,Cash,Eating out,"-4,000",SYP,-0.724,USD,بطاطا
02/12/2022,Cash,Entertainment,"-7,000",SYP,-1.267,USD,سواح
04/12/2022,Cash,Eating out,"-8,000",SYP,-1.448,USD,شاورما
04/12/2022,Cash,Entertainment,"-10,000",SYP,-1.81,USD,سواح
05/12/2022,Cash,Communications,"-10,000",SYP,-1.81,USD,انترنت
06/12/2022,Cash,Entertainment,"-10,000",SYP,-1.71,USD,سواح
07/12/2022,USD,To 'Cash',-65,USD,-65,USD,
07/12/2022,Cash,From 'USD',"380,250",SYP,65,USD,
07/12/2022,USD,To 'Cash',-100,USD,-100,USD,
07/12/2022,Cash,From 'USD',"572,000",SYP,100,USD,
07/12/2022,USD,House,-100,USD,-100,USD,
07/12/2022,Cash,Communications,"-1,500",SYP,-0.256,USD,ارضي
07/12/2022,Cash,Communications,"-18,000",SYP,-3.078,USD,وحدات
07/12/2022,Cash,House,"-100,000",SYP,-17.1,USD,نورا
09/12/2022,Cash,Entertainment,"-3,500",SYP,-0.598,USD,سواح
10/12/2022,Cash,Entertainment,"-9,000",SYP,-1.539,USD,سواح
10/12/2022,Cash,Eating out,"-12,000",SYP,-2.052,USD,شاورما
10/12/2022,Cash,Communications,"-8,000",SYP,-1.368,USD,انترنت
10/12/2022,Cash,House,"-10,000",SYP,-1.71,USD,موالح
10/12/2022,Cash,Deposits,"-7,000",SYP,-1.197,USD,
11/12/2022,Cash,Eating out,"-27,000",SYP,-4.374,USD,اسكالوب
11/12/2022,Cash,Sports,"-4,000",SYP,-0.648,USD,
11/12/2022,Cash,House,"-48,000",SYP,-7.776,USD,شاورما
11/12/2022,Cash,House,"-38,000",SYP,-6.156,USD,
12/12/2022,Cash,Entertainment,"-7,000",SYP,-1.134,USD,سواح
12/12/2022,Cash,Communications,"-2,100",SYP,-0.34,USD,وحدات
13/12/2022,Cash,Entertainment,"-12,000",SYP,-1.944,USD,سواح
13/12/2022,Cash,Eating out,"-7,000",SYP,-1.134,USD,بطاطا
16/12/2022,Cash,Entertainment,"-15,000",SYP,-2.43,USD,سواح
16/12/2022,Cash,Eating out,"-3,000",SYP,-0.486,USD,بطاطا
16/12/2022,Cash,Entertainment,"-8,000",SYP,-1.296,USD,سواح
16/12/2022,Cash,Deposits,"-7,000",SYP,-1.134,USD,
16/12/2022,Cash,Eating out,"-3,000",SYP,-0.486,USD,فطاير
16/12/2022,Cash,House,"-122,000",SYP,-19.764,USD,فروج
16/12/2022,Cash,House,"-9,000",SYP,-1.458,USD,كولا
17/12/2022,USD,Electronics,-5,USD,-5,USD,كلاش
17/12/2022,USD,House,-20,USD,-20,USD,شوكولا
17/12/2022,USD,To 'Cash',-57,USD,-57,USD,
17/12/2022,Cash,From 'USD',"342,000",SYP,57,USD,
17/12/2022,Cash,Entertainment,"-35,000",SYP,-5.67,USD,سواح
18/12/2022,Cash,Electronics,"-11,000",SYP,-1.782,USD,شاحن
18/12/2022,Cash,Eating out,"-40,000",SYP,-6.48,USD,نابلسية
18/12/2022,Cash,Taxi,"-6,000",SYP,-0.972,USD,
18/12/2022,Cash,Babies,"-20,000",SYP,-3.24,USD,نابلسية
18/12/2022,Cash,House,"-20,000",SYP,-3.24,USD,
19/12/2022,Cash,Electronics,"-18,000",SYP,-2.916,USD,موبايل
19/12/2022,Cash,Entertainment,"-10,000",SYP,-1.62,USD,سواح
21/12/2022,Cash,Eating out,"-13,000",SYP,-2.106,USD,شاورما
21/12/2022,Cash,Entertainment,"-9,000",SYP,-1.458,USD,سواح
22/12/2022,Cash,Entertainment,"-9,000",SYP,-1.458,USD,سواح
22/12/2022,Cash,Taxi,"-2,500",SYP,-0.405,USD,
23/12/2022,Cash,Deposits,"-7,000",SYP,-1.134,USD,
23/12/2022,Cash,Bills,"-2,000",SYP,-0.324,USD,
24/12/2022,Cash,Eating out,"-4,000",SYP,-0.648,USD,بطاطا
24/12/2022,Cash,Entertainment,"-10,000",SYP,-1.62,USD,سواح
25/12/2022,Cash,Sports,"-4,000",SYP,-0.616,USD,
25/12/2022,Cash,Shaving,"-8,000",SYP,-1.232,USD,
26/12/2022,Cash,Transport,"-3,600",SYP,-0.554,USD,
26/12/2022,Cash,Babies,"-7,500",SYP,-1.155,USD,
26/12/2022,Cash,House,"-18,000",SYP,-2.772,USD,
26/12/2022,Cash,Eating out,"-20,000",SYP,-3.08,USD,الرضا
26/12/2022,Cash,Entertainment,"-9,000",SYP,-1.386,USD,سواح
28/12/2022,Cash,Eating out,"-4,500",SYP,-0.693,USD,بطاطا
28/12/2022,Cash,Entertainment,"-9,000",SYP,-1.386,USD,سواح
29/12/2022,Cash,Eating out,"-23,000",SYP,-3.542,USD,فطاير
29/12/2022,Cash,Entertainment,"-6,000",SYP,-0.924,USD,بلاستيك
30/12/2022,USD,Salary,"1,200",USD,"1,200",USD,
30/12/2022,Cash,Taxi,"-30,000",SYP,-4.62,USD,
31/12/2022,Cash,Entertainment,"-6,000",SYP,-0.87,USD,سواح
01/01/2023,Cash,House,"-100,000",SYP,-15,USD,نورا
01/01/2023,Cash,Sports,"-4,000",SYP,-0.6,USD,
01/01/2023,Cash,Communications,"-21,900",SYP,-3.285,USD,انترنت
02/01/2023,Cash,House,"-4,000",SYP,-0.6,USD,رمان
02/01/2023,Cash,House,"-1,500",SYP,-0.225,USD,خبز
03/01/2023,Cash,Entertainment,"-11,500",SYP,-1.725,USD,سواح
03/01/2023,Cash,Eating out,"-7,500",SYP,-1.125,USD,بطاطا
04/01/2023,USD,Electronics,-5,USD,-5,USD,كلاش
04/01/2023,USD,To 'Cash',-5,USD,-5,USD,
04/01/2023,Cash,From 'USD',"30,000",SYP,5,USD,
04/01/2023,USD,To 'Cash',-5,USD,-5,USD,
04/01/2023,Cash,From 'USD',"35,000",SYP,5,USD,
04/01/2023,USD,House,-100,USD,-100,USD,
05/01/2023,Cash,Eating out,"-15,000",SYP,-2.46,USD,شيش
05/01/2023,Cash,Entertainment,"-8,000",SYP,-1.312,USD,سواح
06/01/2023,Cash,Deposits,"-10,500",SYP,-1.722,USD,جديدة
06/01/2023,Cash,House,"-3,000",SYP,-0.492,USD,فلافل
06/01/2023,Cash,Bills,"-3,000",SYP,-0.492,USD,
07/01/2023,Cash,House,"-220,000",SYP,-36.08,USD,مازوت
07/01/2023,Cash,House,"-12,000",SYP,-1.968,USD,نابلسية
08/01/2023,Cash,Eating out,"-15,500",SYP,-2.542,USD,اسكالوب
08/01/2023,Cash,Entertainment,"-9,000",SYP,-1.476,USD,سواح
08/01/2023,Cash,House,"-5,000",SYP,-0.82,USD,صاج
09/01/2023,Cash,House,"-12,000",SYP,-1.968,USD,ساحر
09/01/2023,Cash,House,"-16,600",SYP,-2.722,USD,رز
09/01/2023,Cash,Communications,"-1,100",SYP,-0.18,USD,وحدات
10/01/2023,Cash,Entertainment,"-12,000",SYP,-1.8,USD,سواح
10/01/2023,Cash,Eating out,"-23,000",SYP,-3.45,USD,اسكالوب
11/01/2023,Cash,Entertainment,"-4,500",SYP,-0.675,USD,سواح
11/01/2023,Cash,Transport,"-2,500",SYP,-0.375,USD,
12/01/2023,Cash,Entertainment,"-7,000",SYP,-1.05,USD,سواح
12/01/2023,Cash,Communications,"-12,100",SYP,-1.815,USD,وحدات
12/01/2023,Cash,Bills,"-5,000",SYP,-0.75,USD,
13/01/2023,Cash,Bills,"-4,000",SYP,-0.6,USD,
13/01/2023,Cash,Deposits,"-10,500",SYP,-1.575,USD,
13/01/2023,Cash,Eating out,"-31,000",SYP,-4.65,USD,اسكالوب
13/01/2023,Cash,Entertainment,"-8,500",SYP,-1.275,USD,سواح
13/01/2023,Cash,Transport,"-2,500",SYP,-0.375,USD,
13/01/2023,Cash,House,"-10,000",SYP,-1.5,USD,فواكه
14/01/2023,Cash,House,"-14,500",SYP,-2.175,USD,دوا
15/01/2023,Cash,Entertainment,"-8,000",SYP,-1.2,USD,سواح
15/01/2023,Cash,Sports,"-3,000",SYP,-0.45,USD,
15/01/2023,Cash,Bills,"-5,000",SYP,-0.75,USD,
15/01/2023,Cash,Transport,"-3,000",SYP,-0.45,USD,
16/01/2023,Cash,Entertainment,"-15,000",SYP,-2.25,USD,سواح
16/01/2023,Cash,Transport,"-5,000",SYP,-0.75,USD,
17/01/2023,Cash,Entertainment,"-7,000",SYP,-1.05,USD,سواح
19/01/2023,Cash,Eating out,"-20,000",SYP,-3,USD,شيش
19/01/2023,Cash,House,"-61,500",SYP,-9.225,USD,
19/01/2023,Cash,Entertainment,"-11,000",SYP,-1.65,USD,شاورما
20/01/2023,Cash,Deposits,"-10,500",SYP,-1.575,USD,
20/01/2023,Cash,House,"-5,500",SYP,-0.825,USD,
20/01/2023,Cash,Entertainment,"-4,000",SYP,-0.6,USD,سواح
21/01/2023,Cash,Communications,"-10,100",SYP,-1.515,USD,ارضي
22/01/2023,Cash,Entertainment,"-6,000",SYP,-0.9,USD,سواح
24/01/2023,Cash,Entertainment,"-20,000",SYP,-3,USD,بولينغ
24/01/2023,Cash,Entertainment,"-12,000",SYP,-1.8,USD,سواح
24/01/2023,Cash,Eating out,"-17,000",SYP,-2.55,USD,شاورما
26/01/2023,Cash,Entertainment,"-9,000",SYP,-1.35,USD,سواح
27/01/2023,Cash,Deposits,"-10,500",SYP,-1.575,USD,
27/01/2023,Cash,Bills,"-2,000",SYP,-0.3,USD,
27/01/2023,Cash,Entertainment,"-5,000",SYP,-0.75,USD,سواح
27/01/2023,Cash,Transport,"-1,000",SYP,-0.15,USD,
28/01/2023,Cash,Entertainment,"-12,000",SYP,-1.8,USD,سواح
28/01/2023,Cash,House,"-7,000",SYP,-1.05,USD,دوا
29/01/2023,Cash,House,"-3,000",SYP,-0.45,USD,خبز
29/01/2023,Cash,Sports,"-3,000",SYP,-0.45,USD,
31/01/2023,Cash,Transport,"-6,000",SYP,-0.9,USD,
31/01/2023,Cash,Eating out,"-15,000",SYP,-2.25,USD,كروسان
01/02/2023,Cash,Communications,"-20,000",SYP,-3,USD,انترنت
01/02/2023,Cash,Entertainment,"-9,000",SYP,-1.35,USD,سواح
01/02/2023,Cash,House,"-250,000",SYP,-37.5,USD,مازوت
01/02/2023,Cash,Transport,"-1,700",SYP,-0.255,USD,
01/02/2023,Cash,House,"-50,000",SYP,-7.5,USD,
01/02/2023,USD,Salary,"1,200",USD,"1,200",USD,
01/02/2023,USD,House,-100,USD,-100,USD,
02/02/2023,Cash,Bills,"-5,000",SYP,-0.75,USD,
02/02/2023,Cash,House,"-2,500",SYP,-0.375,USD,خبز
02/02/2023,Cash,House,"-235,000",SYP,-35.25,USD,
02/02/2023,Cash,Entertainment,"-10,000",SYP,-1.5,USD,سواح
02/02/2023,Cash,Electronics,"-115,000",SYP,-17.25,USD,بطارية
03/02/2023,USD,To 'Cash',-200,USD,-200,USD,
03/02/2023,Cash,From 'USD',"1,360,000",SYP,200,USD,
03/02/2023,USD,To 'Cash',-100,USD,-100,USD,
03/02/2023,Cash,From 'USD',"680,000",SYP,100,USD,
03/02/2023,Cash,Bills,"-4,000",SYP,-0.6,USD,
03/02/2023,Cash,Transport,"-2,500",SYP,-0.375,USD,
03/02/2023,Cash,Eating out,"-15,000",SYP,-2.25,USD,شاورما
03/02/2023,Cash,Deposits,"-10,500",SYP,-1.575,USD,
03/02/2023,Cash,Entertainment,"-4,000",SYP,-0.6,USD,سواح
05/02/2023,Cash,House,"-15,000",SYP,-2.07,USD,
05/02/2023,Cash,Entertainment,"-12,000",SYP,-1.656,USD,سواح
05/02/2023,Cash,Eating out,"-25,000",SYP,-3.45,USD,الرضا
05/02/2023,Cash,Transport,"-3,000",SYP,-0.414,USD,
06/02/2023,Cash,Eating out,"-12,000",SYP,-1.656,USD,شاورما
06/02/2023,Cash,Entertainment,"-11,000",SYP,-1.518,USD,سواح
06/02/2023,Cash,Electronics,"-2,000",SYP,-0.276,USD,بطاريات
07/02/2023,USD,To 'Cash',-200,USD,-200,USD,
07/02/2023,Cash,From 'USD',"1,400,000",SYP,200,USD,
07/02/2023,Cash,Communications,"-7,000",SYP,-0.966,USD,ارضي
07/02/2023,Cash,Clothes,"-80,000",SYP,-11.04,USD,بوط
07/02/2023,Cash,House,"-24,000",SYP,-3.312,USD,نابلسية
07/02/2023,Cash,House,"-22,000",SYP,-3.036,USD,
07/02/2023,Cash,House,"-215,000",SYP,-29.67,USD,
08/02/2023,Cash,Bills,"-150,000",SYP,-20.7,USD,
08/02/2023,Cash,Eating out,"-26,000",SYP,-3.588,USD,شاورما
08/02/2023,Cash,Entertainment,"-11,000",SYP,-1.518,USD,سواح
09/02/2023,Cash,Electronics,"-1,750,000",SYP,-241.5,USD,بطارية
09/02/2023,Cash,Sports,"-4,000",SYP,-0.552,USD,
10/02/2023,Cash,House,"-13,000",SYP,-1.794,USD,
10/02/2023,Cash,Shaving,"-8,000",SYP,-1.104,USD,
10/02/2023,Cash,Deposits,"-10,500",SYP,-1.449,USD,
11/02/2023,Cash,Entertainment,"-23,000",SYP,-3.174,USD,سواح
11/02/2023,Cash,Eating out,"-25,000",SYP,-3.45,USD,الرضا
12/02/2023,Cash,Sports,"-3,000",SYP,-0.447,USD,
12/02/2023,Cash,Eating out,"-16,000",SYP,-2.384,USD,اسكالوب
12/02/2023,Cash,Entertainment,"-8,000",SYP,-1.192,USD,سواح
12/02/2023,Cash,Deposits,"336,000",SYP,50.064,USD,
13/02/2023,Cash,Communications,"-20,150",SYP,-3.002,USD,وحدات
14/02/2023,Cash,Eating out,"-4,200",SYP,-0.625,USD,بطاطا
14/02/2023,Cash,Entertainment,"-12,000",SYP,-1.788,USD,سواح
14/02/2023,Cash,House,"-21,000",SYP,-3.129,USD,
14/02/2023,Cash,House,"-180,000",SYP,-26.82,USD,مازوت
14/02/2023,Cash,House,"-100,000",SYP,-14.9,USD,نورا
14/02/2023,USD,To 'Cash',-200,USD,-200,USD,
14/02/2023,Cash,From 'USD',"1,415,000",SYP,200,USD,
15/02/2023,Cash,House,"-83,500",SYP,-11.272,USD,
16/02/2023,Cash,Entertainment,"-8,000",SYP,-1.08,USD,سواح
17/02/2023,Cash,Deposits,"-10,500",SYP,-1.417,USD,
17/02/2023,Cash,Entertainment,"-8,000",SYP,-1.08,USD,سواح
20/02/2023,Cash,Communications,"-9,700",SYP,-1.309,USD,مهند
21/02/2023,Cash,House,"-4,000",SYP,-0.54,USD,خبز
21/02/2023,Cash,Eating out,"-17,000",SYP,-2.295,USD,اسكالوب
21/02/2023,Cash,Entertainment,"-13,000",SYP,-1.755,USD,سواح
22/02/2023,Cash,Entertainment,"-9,000",SYP,-1.215,USD,سواح
24/02/2023,Cash,Bills,"-2,000",SYP,-0.27,USD,
24/02/2023,Cash,Deposits,"-10,500",SYP,-1.417,USD,
24/02/2023,Cash,Entertainment,"-9,000",SYP,-1.215,USD,سواح
25/02/2023,Cash,Communications,"-20,000",SYP,-2.7,USD,انترنت
26/02/2023,Cash,Sports,"-3,000",SYP,-0.405,USD,
27/02/2023,Cash,Entertainment,"-9,000",SYP,-1.215,USD,سواح
28/02/2023,Cash,Entertainment,"-25,000",SYP,-3.375,USD,ايرور
28/02/2023,Cash,Gifts,"-18,000",SYP,-2.43,USD,نورا
28/02/2023,Cash,Transport,"-2,000",SYP,-0.27,USD,
28/02/2023,Cash,Eating out,"-15,000",SYP,-2.025,USD,فرانشيسكو
28/02/2023,Cash,Gifts,"-100,000",SYP,-13.5,USD,نورا
01/03/2023,Cash,House,"-100,000",SYP,-13.5,USD,نورا
02/03/2023,Cash,Entertainment,"-35,000",SYP,-4.725,USD,مول
02/03/2023,Cash,Entertainment,"-8,000",SYP,-1.08,USD,سواح
03/03/2023,Cash,Shaving,"-8,000",SYP,-1.08,USD,
03/03/2023,Cash,Taxi,"-8,000",SYP,-1.08,USD,
03/03/2023,Cash,Deposits,"-10,500",SYP,-1.417,USD,
03/03/2023,Cash,Bills,"-3,000",SYP,-0.405,USD,
03/03/2023,Cash,Eating out,"-65,000",SYP,-8.775,USD,
03/03/2023,USD,House,-100,USD,-100,USD,
03/03/2023,USD,Bills,-100,USD,-100,USD,زكاة
03/03/2023,USD,To 'Cash',-100,USD,-100,USD,
03/03/2023,Cash,From 'USD',"700,000",SYP,100,USD,
03/03/2023,Cash,Bills,"-1,300,000",SYP,-175.5,USD,زكاة
03/03/2023,USD,Salary,"1,200",USD,"1,200",USD,
04/03/2023,Cash,Entertainment,"-5,000",SYP,-0.675,USD,سواح
05/03/2023,Cash,Bills,"-50,000",SYP,-6.75,USD,تيمو
05/03/2023,Cash,Entertainment,"-9,000",SYP,-1.215,USD,سواح
05/03/2023,Cash,Entertainment,"-6,000",SYP,-0.81,USD,كروسان
08/03/2023,Cash,Entertainment,"-15,000",SYP,-2.025,USD,سواح
08/03/2023,Cash,Eating out,"-15,000",SYP,-2.025,USD,بطاطا
08/03/2023,Cash,Bills,"-2,000",SYP,-0.27,USD,
10/03/2023,Cash,Deposits,"-10,500",SYP,-1.417,USD,
10/03/2023,Cash,Bills,"-6,000",SYP,-0.81,USD,
10/03/2023,USD,To 'Cash',-100,USD,-100,USD,
10/03/2023,Cash,From 'USD',"745,000",SYP,100,USD,
12/03/2023,Cash,House,"-42,000",SYP,-5.67,USD,
12/03/2023,Cash,Eating out,"-70,000",SYP,-9.45,USD,مول
12/03/2023,Cash,Communications,"-19,050",SYP,-2.571,USD,وحدات
13/03/2023,Cash,Eating out,"-44,000",SYP,-5.94,USD,الرضا
13/03/2023,Cash,Entertainment,"-15,000",SYP,-2.025,USD,سواح
14/03/2023,Cash,Sports,"-25,000",SYP,-3.375,USD,جيم
16/03/2023,Cash,Bills,"-8,000",SYP,-1.08,USD,
16/03/2023,Cash,Entertainment,"-8,000",SYP,-1.08,USD,سواح
16/03/2023,Cash,Eating out,"-30,000",SYP,-4.05,USD,فتافيت
17/03/2023,Cash,House,"-123,000",SYP,-16.605,USD,
17/03/2023,Cash,Deposits,"-10,500",SYP,-1.417,USD,
17/03/2023,Cash,Bills,"-6,000",SYP,-0.81,USD,
18/03/2023,Cash,House,"-25,000",SYP,-3.375,USD,لحمة
18/03/2023,Cash,House,"-65,000",SYP,-8.775,USD,اجبان
19/03/2023,Cash,Sports,"-7,000",SYP,-0.945,USD,قفل
19/03/2023,Cash,House,"-400,000",SYP,-54,USD,
19/03/2023,Cash,Gifts,"-220,000",SYP,-29.7,USD,
19/03/2023,Cash,Gifts,"-55,000",SYP,-7.425,USD,
19/03/2023,Cash,Sports,"-3,000",SYP,-0.405,USD,
19/03/2023,Cash,Eating out,"-18,000",SYP,-2.43,USD,فرانشيسكو
19/03/2023,Cash,Entertainment,"-13,000",SYP,-1.755,USD,سواح
19/03/2023,Cash,Babies,"-20,000",SYP,-2.7,USD,
21/03/2023,Cash,Babies,"-6,000",SYP,-0.81,USD,
22/03/2023,Cash,Entertainment,"-4,000",SYP,-0.54,USD,سواح
24/03/2023,Cash,Deposits,"-10,500",SYP,-1.417,USD,
24/03/2023,Cash,Bills,"-3,000",SYP,-0.405,USD,
24/03/2023,Cash,Babies,"-6,000",SYP,-0.81,USD,
26/03/2023,Cash,Sports,"-6,000",SYP,-0.81,USD,
26/03/2023,Cash,House,"-10,500",SYP,-1.417,USD,
26/03/2023,USD,To 'Cash',-100,USD,-100,USD,
26/03/2023,Cash,From 'USD',"747,500",SYP,100,USD,
27/03/2023,Cash,Entertainment,"-12,000",SYP,-1.62,USD,سواح
27/03/2023,Cash,House,"-160,000",SYP,-21.6,USD,مازوت
30/03/2023,Cash,House,"-42,000",SYP,-5.67,USD,نابلسية
30/03/2023,Cash,House,"-17,000",SYP,-2.295,USD,هريسة
30/03/2023,Cash,House,"-8,500",SYP,-1.147,USD,
31/03/2023,Cash,Deposits,"-10,500",SYP,-1.417,USD,
31/03/2023,Cash,House,"-40,000",SYP,-5.4,USD,لحمة
01/04/2023,Cash,Communications,"-1,700",SYP,-0.229,USD,ارضي
01/04/2023,Cash,Eating out,"-36,000",SYP,-4.86,USD,مندي
01/04/2023,Cash,Entertainment,"-12,000",SYP,-1.62,USD,سواح
01/04/2023,Cash,Gifts,"200,000",SYP,27,USD,ماما
01/04/2023,Cash,Gifts,"-20,000",SYP,-2.7,USD,تيتة
01/04/2023,Cash,House,"-100,000",SYP,-13.5,USD,نورا
01/04/2023,USD,House,-100,USD,-100,USD,
01/04/2023,USD,Salary,"1,200",USD,"1,200",USD,
01/04/2023,USD,To 'Cash',-100,USD,-100,USD,
01/04/2023,Cash,From 'USD',"754,500",SYP,100,USD,
02/04/2023,Cash,Gifts,"50,000",SYP,6.75,USD,رغدة
02/04/2023,Cash,Sports,"-3,000",SYP,-0.405,USD,
02/04/2023,USD,Gifts,-100,USD,-100,USD,ماما
03/04/2023,Cash,Communications,"-20,000",SYP,-2.7,USD,انترنت
04/04/2023,Cash,Entertainment,"-6,000",SYP,-0.81,USD,سواح
04/04/2023,Cash,Babies,"-15,000",SYP,-2.025,USD,
04/04/2023,USD,To 'Cash',"-1,000",USD,"-1,000",USD,
04/04/2023,Cash,From 'USD',"7,537,500",SYP,"1,000",USD,
05/04/2023,Cash,Entertainment,"-8,000",SYP,-1.08,USD,سواح
06/04/2023,Cash,Eating out,"-106,000",SYP,-14.31,USD,قصر كيوان
06/04/2023,Cash,Gold,"-7,080,000",SYP,-955.8,USD,دهب
06/04/2023,Gold(grams),Savings,16,EUR,16,USD,ليرتين
07/04/2023,Cash,Entertainment,"-42,000",SYP,-5.67,USD,تيمو
07/04/2023,Cash,Deposits,"-10,500",SYP,-1.417,USD,
07/04/2023,Cash,House,"-18,000",SYP,-2.43,USD,معروك
07/04/2023,Cash,Bills,"-10,000",SYP,-1.35,USD,
08/04/2023,Cash,Entertainment,"-8,000",SYP,-1.08,USD,سواح
09/04/2023,Cash,Sports,"-9,000",SYP,-1.215,USD,
09/04/2023,Cash,House,"-24,000",SYP,-3.24,USD,معروك
09/04/2023,Cash,House,"-30,000",SYP,-4.05,USD,لحمة
09/04/2023,Cash,House,"-24,000",SYP,-3.24,USD,
10/04/2023,Cash,Communications,"-13,300",SYP,-1.795,USD,وحدات
12/04/2023,Cash,Entertainment,"-9,000",SYP,-1.215,USD,سواح
13/04/2023,Cash,House,"-35,500",SYP,-4.792,USD,
13/04/2023,Cash,House,"-7,200",SYP,-0.972,USD,
14/04/2023,Cash,Deposits,"-10,500",SYP,-1.417,USD,
14/04/2023,Cash,Bills,"-14,000",SYP,-1.89,USD,
14/04/2023,Cash,House,"-54,000",SYP,-7.29,USD,
14/04/2023,Cash,Communications,"-1,800",SYP,-0.243,USD,وحدات
15/04/2023,Cash,Entertainment,"-9,000",SYP,-1.215,USD,سواح
15/04/2023,Cash,House,"-31,000",SYP,-4.185,USD,
15/04/2023,Cash,Bills,"-1,000",SYP,-0.135,USD,
16/04/2023,Cash,Sports,"-3,000",SYP,-0.405,USD,
16/04/2023,Cash,House,"-16,000",SYP,-2.16,USD,معروك
17/04/2023,Cash,Shaving,"-10,000",SYP,-1.35,USD,
17/04/2023,Cash,Bills,"-10,000",SYP,-1.35,USD,
18/04/2023,Cash,Eating out,"-28,000",SYP,-3.78,USD,نابلسية
20/04/2023,USD,To 'Cash',"-3,350",USD,"-3,350",USD,
20/04/2023,Cash,From 'USD',"25,125,000",SYP,"3,350",USD,
21/04/2023,Cash,Bills,"-10,000",SYP,-1.35,USD,
21/04/2023,Cash,Deposits,"-10,500",SYP,-1.417,USD,
22/04/2023,Cash,Clothes,"-35,000",SYP,-4.725,USD,نضارة
23/04/2023,Cash,Entertainment,"-9,000",SYP,-1.215,USD,نص البلد
23/04/2023,Cash,Eating out,"-20,000",SYP,-2.7,USD,اسكالوب
23/04/2023,Cash,Entertainment,"-30,000",SYP,-4.05,USD,غاردن
23/04/2023,Cash,Taxi,"-10,000",SYP,-1.35,USD,
24/04/2023,Cash,Eating out,"-9,500",SYP,-1.282,USD,بطاطا
24/04/2023,Cash,Entertainment,"-10,000",SYP,-1.35,USD,سواح
24/04/2023,Cash,Gifts,"50,000",SYP,6.75,USD,عبدو
24/04/2023,Cash,Babies,"-30,000",SYP,-4.05,USD,
24/04/2023,Cash,Gifts,"-200,000",SYP,-27,USD,ماما
24/04/2023,Cash,Gifts,"-200,000",SYP,-27,USD,نورا
25/04/2023,Cash,Bills,"-50,000",SYP,-6.75,USD,غندور
25/04/2023,Cash,Entertainment,"-18,000",SYP,-2.43,USD,مزرعة
25/04/2023,Cash,House,"-5,000",SYP,-0.675,USD,دوا
25/04/2023,Cash,Bills,"-2,000",SYP,-0.27,USD,
26/04/2023,Cash,Babies,"-12,000",SYP,-1.512,USD,
26/04/2023,Cash,Entertainment,"-10,000",SYP,-1.26,USD,سواح
26/04/2023,Cash,Eating out,"-20,000",SYP,-2.52,USD,شاورما
27/04/2023,Cash,House,"-20,000",SYP,-2.52,USD,كعك
27/04/2023,Cash,Gifts,"-10,000",SYP,-1.26,USD,بلال
27/04/2023,Cash,Gifts,"-25,000",SYP,-3.15,USD,نغم
27/04/2023,Cash,Communications,"-29,000",SYP,-3.654,USD,انترنت
28/04/2023,Cash,House,"-3,000",SYP,-0.378,USD,
28/04/2023,Cash,Bills,"-5,000",SYP,-0.63,USD,
28/04/2023,Cash,Deposits,"-10,500",SYP,-1.323,USD,
29/04/2023,Cash,House,"-8,000",SYP,-1.008,USD,
29/04/2023,Cash,Eating out,"-31,000",SYP,-3.906,USD,وايت تشكن
29/04/2023,Cash,Entertainment,"-5,000",SYP,-0.63,USD,سواح
30/04/2023,Cash,Sports,"-3,000",SYP,-0.378,USD,
01/05/2023,USD,To 'Cash',"-2,600",USD,"-2,600",USD,
01/05/2023,Cash,From 'USD',"21,125,000",SYP,"2,600",USD,
01/05/2023,Cash,Real estate,"-16,000",SYP,-2.016,USD,قفل
01/05/2023,USD,Salary,"1,500",USD,"1,500",USD,
01/05/2023,Cash,Real estate,"-46,000,000",SYP,"-5,796",USD,بيت
01/05/2023,Cash,Real estate,"-100,000",SYP,-12.6,USD,مكتب
02/05/2023,Cash,Entertainment,"-13,000",SYP,-1.638,USD,سواح
02/05/2023,Cash,Eating out,"-9,500",SYP,-1.197,USD,بطاطا
02/05/2023,Cash,Transport,"-1,000",SYP,-0.126,USD,
03/05/2023,Cash,House,"-29,500",SYP,-3.481,USD,بوظة
03/05/2023,Cash,Babies,"-39,000",SYP,-4.602,USD,
03/05/2023,Cash,Transport,"-2,000",SYP,-0.236,USD,
03/05/2023,USD,House,-100,USD,-100,USD,
04/05/2023,Cash,Babies,"-14,200",SYP,-1.675,USD,
04/05/2023,Cash,Entertainment,"-20,000",SYP,-2.36,USD,
04/05/2023,Cash,Bills,"-50,000",SYP,-5.9,USD,جعفر
05/05/2023,Cash,Deposits,"-10,500",SYP,-1.239,USD,
05/05/2023,Cash,Transport,"-2,000",SYP,-0.236,USD,
05/05/2023,Cash,Entertainment,"-10,000",SYP,-1.18,USD,سواح
05/05/2023,Cash,Communications,"-2,500",SYP,-0.295,USD,ارضي
07/05/2023,Cash,Sports,"-4,000",SYP,-0.472,USD,
07/05/2023,Cash,Entertainment,"-10,000",SYP,-1.18,USD,سواح
07/05/2023,Cash,Eating out,"-24,500",SYP,-2.891,USD,دجاجتي
09/05/2023,Cash,Eating out,"-10,000",SYP,-1.18,USD,بطاطا
09/05/2023,Cash,Entertainment,"-10,000",SYP,-1.18,USD,سواح
09/05/2023,Cash,Transport,"-1,000",SYP,-0.118,USD,
10/05/2023,Cash,House,"-13,500",SYP,-1.471,USD,فطاير
10/05/2023,Cash,House,"-29,500",SYP,-3.215,USD,
10/05/2023,Cash,House,"-100,000",SYP,-10.9,USD,نورا
10/05/2023,USD,To 'Cash',-50,USD,-50,USD,
10/05/2023,Cash,From 'USD',"407,500",SYP,50,USD,
11/05/2023,USD,To 'Cash',-100,USD,-100,USD,
11/05/2023,Cash,From 'USD',"925,000",SYP,100,USD,
11/05/2023,Cash,Real estate,"-240,000",SYP,-26.16,USD,معاملة
11/05/2023,Cash,Real estate,"-8,000",SYP,-0.872,USD,مواصلات
12/05/2023,Cash,Deposits,"-10,500",SYP,-1.144,USD,
12/05/2023,Cash,Bills,"-4,000",SYP,-0.436,USD,
12/05/2023,Cash,House,"-8,000",SYP,-0.872,USD,كاسات
12/05/2023,Cash,House,"-20,000",SYP,-2.18,USD,جانرك
12/05/2023,Cash,House,"-4,000",SYP,-0.436,USD,لبن
12/05/2023,Cash,Eating out,"-179,000",SYP,-19.511,USD,جليلاتي
13/05/2023,Cash,Entertainment,"-10,000",SYP,-1.09,USD,سواح
14/05/2023,Cash,Communications,"-19,050",SYP,-2.076,USD,وحدات
15/05/2023,Cash,Health,"-12,500",SYP,-1.362,USD,
15/05/2023,Cash,Eating out,"-8,000",SYP,-0.872,USD,بطاطا
15/05/2023,Cash,Entertainment,"-15,000",SYP,-1.635,USD,سواح
15/05/2023,Cash,House,"-11,000",SYP,-1.199,USD,
15/05/2023,Cash,House,"-26,000",SYP,-2.834,USD,
15/05/2023,Cash,Health,"-8,000",SYP,-0.872,USD,
16/05/2023,Cash,Entertainment,"-22,000",SYP,-2.398,USD,مول
16/05/2023,Cash,Entertainment,"-39,000",SYP,-4.251,USD,منتزه
18/05/2023,Cash,Entertainment,"-38,500",SYP,-4.466,USD,سواح
19/05/2023,Cash,Deposits,"-10,500",SYP,-1.218,USD,
19/05/2023,Cash,House,"-70,000",SYP,-8.12,USD,بوظة
19/05/2023,Cash,House,"-35,000",SYP,-4.06,USD,
19/05/2023,Cash,Babies,"-15,000",SYP,-1.74,USD,
19/05/2023,Cash,Sports,"-7,500",SYP,-0.87,USD,
20/05/2023,Cash,Entertainment,"-24,000",SYP,-2.784,USD,سواح
21/05/2023,Cash,Eating out,"-17,500",SYP,-2.03,USD,دونت
21/05/2023,Cash,Eating out,"-58,000",SYP,-6.728,USD,الرضا
21/05/2023,Cash,Entertainment,"-28,000",SYP,-3.248,USD,سواح
24/05/2023,USD,Investment,-500,USD,-500,USD,ثروة
24/05/2023,USD,To 'Cash',-100,USD,-100,USD,
24/05/2023,Cash,From 'USD',"827,700",SYP,100,USD,
24/05/2023,Cash,Eating out,"-120,000",SYP,-13.92,USD,رود هاوس
24/05/2023,Cash,Entertainment,"-7,000",SYP,-0.812,USD,سواح
24/05/2023,Cash,House,"-86,500",SYP,-10.034,USD,
24/05/2023,Cash,Sports,"-9,000",SYP,-1.044,USD,
25/05/2023,Cash,House,"-10,000",SYP,-1.16,USD,
25/05/2023,Cash,Bills,"-1,000",SYP,-0.116,USD,لا حكم عليه
25/05/2023,Cash,Communications,"-27,000",SYP,-3.132,USD,انترنت
27/05/2023,Cash,Entertainment,"-10,000",SYP,-1.16,USD,سواح
27/05/2023,Cash,House,"-31,500",SYP,-3.654,USD,فطاير
28/05/2023,Cash,Sports,"-4,500",SYP,-0.522,USD,
28/05/2023,Cash,Health,"-10,000",SYP,-1.16,USD,
28/05/2023,Cash,House,"-38,000",SYP,-4.408,USD,
28/05/2023,Cash,Babies,"-5,000",SYP,-0.58,USD,
30/05/2023,Cash,Entertainment,"-10,000",SYP,-1.16,USD,سواح
30/05/2023,Cash,Eating out,"-15,000",SYP,-1.74,USD,فطاير
30/05/2023,Cash,Transport,"-3,500",SYP,-0.406,USD,
30/05/2023,Cash,Entertainment,"-8,000",SYP,-0.928,USD,قهوة
30/05/2023,Cash,Bills,"-2,000",SYP,-0.232,USD,
31/05/2023,Cash,Entertainment,"-43,000",SYP,-4.988,USD,سواح
31/05/2023,Cash,Transport,"-1,500",SYP,-0.174,USD,
01/06/2023,Cash,House,"-12,500",SYP,-1.45,USD,بيض
01/06/2023,Cash,House,"-6,000",SYP,-0.696,USD,
01/06/2023,Cash,Entertainment,"-10,000",SYP,-1.16,USD,سواح
01/06/2023,Cash,Sports,"-18,000",SYP,-2.088,USD,
01/06/2023,Cash,Rent,"825,000",SYP,95.7,USD,
01/06/2023,Cash,Real estate,"-200,000",SYP,-23.2,USD,تصليحات
01/06/2023,Cash,Real estate,"-10,000",SYP,-1.16,USD,مخفر
01/06/2023,Cash,Real estate,"-70,000",SYP,-8.12,USD,مكتب
01/06/2023,Cash,Health,"-9,000",SYP,-1.044,USD,
01/06/2023,USD,Salary,"1,500",USD,"1,500",USD,
01/06/2023,USD,To 'Cash',-50,USD,-50,USD,
01/06/2023,Cash,From 'USD',"446,250",SYP,50,USD,
01/06/2023,Cash,Communications,"-3,500",SYP,-0.406,USD,ارضي
01/06/2023,Cash,Communications,"-17,700",SYP,-2.053,USD,ارضي
02/06/2023,Cash,Deposits,"-10,500",SYP,-1.218,USD,
02/06/2023,Cash,Bills,"-5,000",SYP,-0.58,USD,
02/06/2023,Cash,House,"-52,500",SYP,-6.09,USD,فطاير
02/06/2023,Cash,House,"-30,000",SYP,-3.48,USD,فول
02/06/2023,Cash,House,"-13,000",SYP,-1.508,USD,خبز
03/06/2023,Cash,Health,"-8,500",SYP,-0.986,USD,
03/06/2023,USD,House,-19,USD,-19,USD,شوكولا
03/06/2023,Cash,Entertainment,"-17,000",SYP,-1.972,USD,سواح
03/06/2023,Cash,Transport,"-1,000",SYP,-0.116,USD,
04/06/2023,Cash,Sports,"-4,500",SYP,-0.522,USD,
04/06/2023,Cash,House,"-20,000",SYP,-2.32,USD,فريز
04/06/2023,Cash,House,"-16,000",SYP,-1.856,USD,بزاليا
04/06/2023,Cash,House,"-5,500",SYP,-0.638,USD,
04/06/2023,USD,House,-100,USD,-100,USD,
04/06/2023,Cash,House,"-100,000",SYP,-11.6,USD,نورا
05/06/2023,Cash,Entertainment,"-15,000",SYP,-1.74,USD,سواح
05/06/2023,Cash,Eating out,"-21,500",SYP,-2.494,USD,اسكالوب
08/06/2023,Cash,House,"-110,000",SYP,-12.76,USD,
09/06/2023,Cash,Deposits,"-10,500",SYP,-1.218,USD,
09/06/2023,Cash,Transport,"-1,000",SYP,-0.116,USD,
09/06/2023,Cash,Sports,"-50,000",SYP,-5.8,USD,
09/06/2023,Cash,Bills,"-5,000",SYP,-0.58,USD,
09/06/2023,Cash,House,"-30,000",SYP,-3.48,USD,
10/06/2023,Cash,House,"-9,500",SYP,-1.102,USD,
10/06/2023,Cash,Entertainment,"-10,000",SYP,-1.16,USD,سواح
10/06/2023,Cash,Eating out,"-22,000",SYP,-2.552,USD,اسكالوب
11/06/2023,Cash,Babies,"-150,000",SYP,-17.4,USD,
11/06/2023,Cash,Sports,"-4,500",SYP,-0.522,USD,
13/06/2023,Cash,Communications,"-18,450",SYP,-2.14,USD,وحدات
13/06/2023,Cash,Entertainment,"-20,000",SYP,-2.32,USD,سواح
15/06/2023,Cash,Sports,"-13,000",SYP,-1.508,USD,
15/06/2023,Cash,Entertainment,"-10,000",SYP,-1.16,USD,سواح
16/06/2023,Cash,Bills,"-4,000",SYP,-0.464,USD,
16/06/2023,Cash,House,"-18,000",SYP,-2.088,USD,بطيخ
16/06/2023,Cash,House,"-8,500",SYP,-0.986,USD,
17/06/2023,USD,Investment,-100,USD,-100,USD,ثروة
17/06/2023,USD,Bills,-11,USD,-11,USD,تحويل
17/06/2023,USD,To 'Cash',-12,USD,-12,USD,
17/06/2023,Cash,From 'USD',"107,400",SYP,12,USD,
18/06/2023,Cash,Sports,"-4,500",SYP,-0.522,USD,
18/06/2023,Cash,Entertainment,"-5,000",SYP,-0.58,USD,سواح
18/06/2023,Cash,Bills,"-4,000",SYP,-0.464,USD,
19/06/2023,Cash,House,"-17,500",SYP,-2.03,USD,منظفات
19/06/2023,Cash,House,"-5,000",SYP,-0.58,USD,خياط
19/06/2023,Cash,Entertainment,"-20,000",SYP,-2.32,USD,سواح
19/06/2023,Cash,Bills,"-2,000",SYP,-0.232,USD,
19/06/2023,Cash,Transport,"-1,000",SYP,-0.116,USD,
19/06/2023,Cash,Health,"-1,000",SYP,-0.116,USD,
20/06/2023,Cash,Entertainment,"-10,000",SYP,-1.16,USD,سواح
20/06/2023,Cash,Eating out,"-9,000",SYP,-1.044,USD,بطاطا
21/06/2023,USD,To 'Cash',-50,USD,-50,USD,
21/06/2023,Cash,From 'USD',"447,500",SYP,50,USD,
23/06/2023,Cash,Deposits,"-10,500",SYP,-1.218,USD,
23/06/2023,Cash,Entertainment,"-125,000",SYP,-14.5,USD,مزرعة
24/06/2023,Cash,Entertainment,"-40,000",SYP,-4.64,USD,سواح
24/06/2023,Cash,Transport,"-5,000",SYP,-0.58,USD,
25/06/2023,Cash,Entertainment,"-10,000",SYP,-1.16,USD,قطان
25/06/2023,Cash,Bills,"-25,000",SYP,-2.9,USD,عبد الوهاب
26/06/2023,Cash,House,"-107,500",SYP,-12.47,USD,
27/06/2023,Cash,House,"-24,500",SYP,-2.842,USD,
28/06/2023,Cash,Eating out,"-42,000",SYP,-4.872,USD,مندي
28/06/2023,Cash,Entertainment,"-12,000",SYP,-1.392,USD,سواح
28/06/2023,USD,Gifts,-100,USD,-100,USD,ماما
28/06/2023,USD,Gifts,-100,USD,-100,USD,نورا
28/06/2023,Cash,Babies,"-45,000",SYP,-5.22,USD,
28/06/2023,Cash,Bills,"-15,000",SYP,-1.74,USD,بلال
28/06/2023,Cash,Bills,"-25,000",SYP,-2.9,USD,نغم
29/06/2023,Cash,Taxi,"-5,000",SYP,-0.58,USD,
29/06/2023,Cash,Eating out,"-17,000",SYP,-1.972,USD,نابلسية
29/06/2023,Cash,Food,"-6,000",SYP,-0.696,USD,قهوة
29/06/2023,Cash,Entertainment,"-5,000",SYP,-0.58,USD,بوظة
30/06/2023,Cash,Deposits,"-10,500",SYP,-1.218,USD,
30/06/2023,Cash,Bills,"-5,000",SYP,-0.58,USD,
30/06/2023,Cash,Taxi,"-5,000",SYP,-0.58,USD,
30/06/2023,Cash,Sports,"-13,000",SYP,-1.508,USD,
01/07/2023,Cash,Entertainment,"-33,000",SYP,-3.828,USD,سواح
01/07/2023,Cash,Taxi,"-50,000",SYP,-5.8,USD,
01/07/2023,Cash,Eating out,"-58,000",SYP,-6.728,USD,مول
01/07/2023,Cash,House,"-98,000",SYP,-11.368,USD,مول
01/07/2023,Cash,House,"-100,000",SYP,-11.6,USD,نورا
01/07/2023,USD,Salary,"1,500",USD,"1,500",USD,
01/07/2023,USD,House,-100,USD,-100,USD,
01/07/2023,USD,Investment,-100,USD,-100,USD,ثروة
01/07/2023,USD,Investment,-400,USD,-400,USD,ستيك
02/07/2023,Cash,Sports,"-5,000",SYP,-0.58,USD,
02/07/2023,Cash,Entertainment,"-8,000",SYP,-0.928,USD,سواح
03/07/2023,Cash,Communications,"-2,400",SYP,-0.259,USD,وحدات
03/07/2023,Cash,Communications,"-30,000",SYP,-3.24,USD,انترنت
04/07/2023,Cash,Mobile,"-12,000",SYP,-1.296,USD,لزقة
05/07/2023,Cash,Entertainment,"-10,000",SYP,-1.08,USD,سواح
05/07/2023,Cash,Eating out,"-6,000",SYP,-0.648,USD,كروسان
07/07/2023,Cash,Deposits,"-10,500",SYP,-1.134,USD,
07/07/2023,Cash,Bills,"-5,000",SYP,-0.54,USD,
07/07/2023,Cash,House,"-13,000",SYP,-1.404,USD,
08/07/2023,Cash,Entertainment,"-130,000",SYP,-14.04,USD,باندا
08/07/2023,Cash,Taxi,"-5,000",SYP,-0.54,USD,
08/07/2023,Cash,House,"-35,000",SYP,-3.78,USD,فروج
08/07/2023,Cash,House,"-26,500",SYP,-2.862,USD,لبنة
08/07/2023,Cash,House,"-8,000",SYP,-0.864,USD,
09/07/2023,Cash,Entertainment,"-45,000",SYP,-4.86,USD,الروضة الشامية
09/07/2023,Cash,Sports,"-5,000",SYP,-0.54,USD,
10/07/2023,Cash,House,"-15,000",SYP,-1.515,USD,مشمش
10/07/2023,Cash,Entertainment,"-10,000",SYP,-1.01,USD,سواح
10/07/2023,Cash,Eating out,"-22,000",SYP,-2.222,USD,اسكالوب
11/07/2023,Cash,Shaving,"-10,000",SYP,-1.01,USD,
13/07/2023,USD,To 'Cash',-200,USD,-200,USD,
13/07/2023,Cash,From 'USD',"1,900,000",SYP,200,USD,
13/07/2023,Cash,Communications,"-18,000",SYP,-1.818,USD,وحدات
14/07/2023,Cash,Deposits,"-10,500",SYP,-1.06,USD,
14/07/2023,Cash,Eating out,"-12,000",SYP,-1.212,USD,فطاير
14/07/2023,Cash,Entertainment,"-10,000",SYP,-1.01,USD,سواح
14/07/2023,Cash,Eating out,"-81,000",SYP,-8.181,USD,فروج
14/07/2023,Cash,Transport,"-1,500",SYP,-0.151,USD,
14/07/2023,Cash,Bills,"-1,000",SYP,-0.101,USD,
14/07/2023,Cash,To 'USD',"-14,000",SYP,-14,USD,
14/07/2023,USD,From 'Cash',14,USD,14,USD,
15/07/2023,Cash,Entertainment,"-37,000",SYP,-37,USD,سواح
15/07/2023,Cash,Transport,"-1,500",SYP,-1.5,USD,
15/07/2023,Cash,House,"-16,500",SYP,-16.5,USD,كعك
16/07/2023,Cash,Sports,"-6,000",SYP,-0.57,USD,
17/07/2023,Cash,Eating out,"-25,000",SYP,-2.375,USD,كريسبي
17/07/2023,Cash,Entertainment,"-20,000",SYP,-1.9,USD,سواح
18/07/2023,Cash,Electronics,"-7,500",SYP,-0.667,USD,مقطرة
18/07/2023,Cash,House,"-6,500",SYP,-0.578,USD,خبز
19/07/2023,Cash,Entertainment,"-12,000",SYP,-1.068,USD,سواح
21/07/2023,Cash,Deposits,"-10,500",SYP,-0.871,USD,
21/07/2023,Cash,Bills,"-4,000",SYP,-0.332,USD,
21/07/2023,Cash,House,"-8,500",SYP,-0.705,USD,حليب
21/07/2023,Cash,Entertainment,"-12,000",SYP,-0.996,USD,سواح
22/07/2023,Cash,Communications,"-1,700",SYP,-0.141,USD,وحدات
22/07/2023,Cash,Babies,"-20,000",SYP,-1.66,USD,بوظة
22/07/2023,Cash,Health,"-8,000",SYP,-0.664,USD,
23/07/2023,Cash,Sports,"-5,000",SYP,-0.415,USD,
26/07/2023,Cash,Entertainment,"-18,000",SYP,-1.404,USD,سواح
28/07/2023,Cash,Bills,"-4,000",SYP,-0.3,USD,
28/07/2023,Cash,House,"-4,500",SYP,-0.337,USD,خبز
28/07/2023,Cash,Eating out,"-52,000",SYP,-3.9,USD,مندي
28/07/2023,Cash,Entertainment,"-5,000",SYP,-0.375,USD,سواح
28/07/2023,Cash,Deposits,"-10,500",SYP,-0.787,USD,
29/07/2023,USD,Gifts,50,USD,50,USD,ياسين
29/07/2023,Cash,Health,"-19,500",SYP,-1.462,USD,
29/07/2023,Cash,Entertainment,"-5,000",SYP,-0.375,USD,سواح
30/07/2023,Cash,Sports,"-5,000",SYP,-0.375,USD,
31/07/2023,Cash,Eating out,"-50,000",SYP,-4.05,USD,فرانشيسكو
01/08/2023,USD,House,-100,USD,-100,USD,
01/08/2023,Cash,Communications,"-27,000",SYP,-2.187,USD,انترنت
01/08/2023,Cash,Communications,"-5,000",SYP,-0.405,USD,ارضي
02/08/2023,Cash,Eating out,"-34,500",SYP,-2.898,USD,شاورما
02/08/2023,Cash,Entertainment,"-30,000",SYP,-2.52,USD,سواح
03/08/2023,Cash,Entertainment,"-100,000",SYP,-8.4,USD,حفلة جوزيف
03/08/2023,Cash,Food,"-12,000",SYP,-1.008,USD,عصير
04/08/2023,Cash,Deposits,"-10,500",SYP,-0.882,USD,
04/08/2023,Cash,Transport,"-6,000",SYP,-0.504,USD,
04/08/2023,Cash,Eating out,"-28,000",SYP,-2.352,USD,منقرشات
04/08/2023,Cash,Babies,"-50,000",SYP,-4.2,USD,
04/08/2023,Cash,House,"-40,000",SYP,-3.36,USD,
05/08/2023,Cash,Entertainment,"-12,000",SYP,-1.008,USD,سواح
05/08/2023,Cash,Eating out,"-30,000",SYP,-2.52,USD,الرضا
06/08/2023,Cash,House,"-37,000",SYP,-3.108,USD,منظفات
07/08/2023,Cash,Eating out,"-20,000",SYP,-1.56,USD,كروسان
07/08/2023,Cash,Entertainment,"-8,000",SYP,-0.624,USD,سواح
08/08/2023,Cash,Sports,"-12,000",SYP,-0.936,USD,
09/08/2023,Cash,Communications,"-1,200",SYP,-0.088,USD,وحدات
10/08/2023,USD,To 'Cash',-100,USD,-100,USD,
10/08/2023,Cash,From 'USD',"1,330,000",SYP,100,USD,
10/08/2023,USD,Salary,"1,500",USD,"1,500",USD,
10/08/2023,USD,Investment,-200,USD,-200,USD,ستيك
10/08/2023,USD,Investment,-100,USD,-100,USD,ثروة
10/08/2023,Cash,Entertainment,"-32,000",SYP,-2.368,USD,سواح
10/08/2023,Cash,Communications,"-25,400",SYP,-1.879,USD,وحدات
11/08/2023,Cash,Deposits,"-10,500",SYP,-0.777,USD,
11/08/2023,Cash,Entertainment,"-170,000",SYP,-12.58,USD,مزرعة
12/08/2023,Cash,House,"-7,500",SYP,-0.555,USD,خبز
12/08/2023,Cash,House,"-100,000",SYP,-7.4,USD,نورا
12/08/2023,Cash,Sports,"-598,500",SYP,-44.289,USD,بوط
13/08/2023,Cash,House,"-20,000",SYP,-1.48,USD,كولا
14/08/2023,Cash,House,"-32,500",SYP,-2.405,USD,منظفات
14/08/2023,Cash,House,"-6,000",SYP,-0.444,USD,عنب
15/08/2023,Cash,Eating out,"-25,000",SYP,-1.75,USD,ماليبو
15/08/2023,Cash,Sports,"-11,500",SYP,-0.805,USD,
15/08/2023,Cash,Entertainment,"-21,000",SYP,-1.47,USD,سواح
15/08/2023,Cash,House,"-16,000",SYP,-1.12,USD,زعتر
17/08/2023,Cash,Entertainment,"-35,000",SYP,-2.45,USD,سواح
18/08/2023,Cash,Deposits,"-14,000",SYP,-0.98,USD,جديدة
18/08/2023,Cash,Bills,"-4,000",SYP,-0.28,USD,
18/08/2023,Cash,Entertainment,"-8,000",SYP,-0.56,USD,سواح
18/08/2023,Cash,Entertainment,"-35,000",SYP,-2.45,USD,مساكن
19/08/2023,Cash,Entertainment,"-17,000",SYP,-1.19,USD,سواح
19/08/2023,Cash,Eating out,"-65,000",SYP,-4.55,USD,بيت المختار
22/08/2023,Cash,Taxi,"-35,000",SYP,-2.52,USD,
22/08/2023,Cash,Entertainment,"-18,000",SYP,-1.296,USD,موالح
22/08/2023,Cash,Food,"-4,500",SYP,-0.324,USD,تلج
22/08/2023,Cash,Entertainment,"-8,000",SYP,-0.576,USD,سواح
24/08/2023,Cash,Entertainment,"-16,000",SYP,-1.2,USD,سواح
25/08/2023,Cash,Shaving,"-15,000",SYP,-1.125,USD,
25/08/2023,Cash,Eating out,"-20,000",SYP,-1.5,USD,كروسان
25/08/2023,Cash,Entertainment,"-10,000",SYP,-0.75,USD,عصير
25/08/2023,Cash,Transport,"-10,000",SYP,-0.75,USD,
25/08/2023,Cash,House,"-5,000",SYP,-0.375,USD,عنب
25/08/2023,Cash,House,"-6,000",SYP,-0.45,USD,خبز
25/08/2023,Cash,Deposits,"-14,000",SYP,-1.05,USD,
25/08/2023,Cash,Bills,"-5,000",SYP,-0.375,USD,
26/08/2023,Cash,Eating out,"-25,000",SYP,-1.875,USD,شاورما
26/08/2023,Cash,Entertainment,"-16,000",SYP,-1.2,USD,سواح
27/08/2023,Cash,Entertainment,"-16,000",SYP,-1.12,USD,سواح
28/08/2023,Cash,Eating out,"-35,000",SYP,-2.38,USD,شيش
29/08/2023,Cash,Entertainment,"-16,000",SYP,-1.12,USD,سواح
30/08/2023,Cash,House,"-87,500",SYP,-6.475,USD,
30/08/2023,Cash,Gifts,"-12,000",SYP,-0.888,USD,بلال
31/08/2023,Cash,Communications,"-28,000",SYP,-2.128,USD,انترنت
31/08/2023,Cash,Eating out,"-17,000",SYP,-1.292,USD,فطاير
31/08/2023,Cash,Eating out,"-14,000",SYP,-1.064,USD,بطاطا
31/08/2023,Cash,Eating out,"-20,000",SYP,-1.52,USD,دونات
31/08/2023,Cash,Entertainment,"-30,000",SYP,-2.28,USD,سواح
01/09/2023,Cash,Deposits,"-14,000",SYP,-1.064,USD,
01/09/2023,Cash,Bills,"-5,000",SYP,-0.38,USD,
01/09/2023,USD,Salary,"1,500",USD,"1,500",USD,
01/09/2023,Cash,House,"-200,000",SYP,-15.2,USD,نورا
01/09/2023,USD,House,-100,USD,-100,USD,
01/09/2023,Cash,Eating out,"-54,000",SYP,-4.104,USD,كروسان
01/09/2023,Cash,Taxi,"-40,000",SYP,-3.04,USD,
02/09/2023,Cash,Entertainment,"-27,000",SYP,-2.052,USD,سواح
02/09/2023,Cash,Eating out,"-30,000",SYP,-2.28,USD,الرضا
02/09/2023,Cash,Clothes,"-10,000",SYP,-0.76,USD,ضبان
02/09/2023,Cash,House,"-71,000",SYP,-5.396,USD,فروج
02/09/2023,Cash,House,"-5,000",SYP,-0.38,USD,كلور
03/09/2023,USD,Investment,-200,USD,-200,USD,ستيك
03/09/2023,USD,To 'Cash',-100,USD,-100,USD,
03/09/2023,Cash,From 'USD',"1,350,000",SYP,100,USD,
03/09/2023,Cash,Sports,"-5,000",SYP,-0.36,USD,
04/09/2023,Cash,Entertainment,"-20,000",SYP,-1.44,USD,سواح
04/09/2023,Cash,Transport,"-2,000",SYP,-0.144,USD,
04/09/2023,Cash,Clothes,"-45,000",SYP,-3.24,USD,شورت
04/09/2023,Cash,Clothes,"-75,000",SYP,-5.4,USD,بنطلون
04/09/2023,Bank,To 'Cash',"-200,000",SYP,-14.4,USD,
04/09/2023,Cash,From 'Bank',"200,000",SYP,14.4,USD,
05/09/2023,Cash,Entertainment,"-9,000",SYP,-0.648,USD,شدة
05/09/2023,Cash,Entertainment,"-35,000",SYP,-2.52,USD,سواح
05/09/2023,Cash,Eating out,"-34,000",SYP,-2.448,USD,كريسبي
05/09/2023,Cash,Clothes,"-94,000",SYP,-6.768,USD,بنطلون
06/09/2023,Cash,Communications,"-21,000",SYP,-1.512,USD,ارضي
06/09/2023,Cash,Communications,"-19,050",SYP,-1.371,USD,وحدات
07/09/2023,Cash,Entertainment,"-10,000",SYP,-0.72,USD,سواح
07/09/2023,Cash,Bills,"-5,000",SYP,-0.36,USD,
07/09/2023,Cash,House,"-43,000",SYP,-3.096,USD,منظفات
08/09/2023,Cash,House,"-49,000",SYP,-3.528,USD,
08/09/2023,Cash,Bills,"-5,000",SYP,-0.36,USD,
08/09/2023,Cash,Deposits,"-14,000",SYP,-1.008,USD,
08/09/2023,Cash,Eating out,"-130,000",SYP,-9.36,USD,كريسبي
08/09/2023,Cash,Entertainment,"-10,000",SYP,-0.72,USD,سواح
08/09/2023,Cash,House,"-13,000",SYP,-0.936,USD,كولا
09/09/2023,Cash,House,"-67,000",SYP,-4.824,USD,قهوة
09/09/2023,Cash,House,"-10,000",SYP,-0.72,USD,بسكوت
10/09/2023,Cash,Sports,"-6,000",SYP,-0.432,USD,
10/09/2023,Cash,Entertainment,"-17,000",SYP,-1.224,USD,سواح
11/09/2023,Cash,Communications,"-1,800",SYP,-0.129,USD,وحدات
12/09/2023,Cash,Entertainment,"-30,000",SYP,-2.16,USD,سواح
14/09/2023,Cash,Entertainment,"-25,000",SYP,-1.8,USD,سواح
14/09/2023,Cash,Eating out,"-62,000",SYP,-4.464,USD,فرانشيسكو
15/09/2023,Cash,Deposits,"-14,000",SYP,-1.008,USD,
15/09/2023,Cash,House,"-50,000",SYP,-3.6,USD,حلويات
15/09/2023,Cash,House,"-13,000",SYP,-0.936,USD,جزر
15/09/2023,Cash,Taxi,"-70,000",SYP,-5.04,USD,
15/09/2023,Cash,Taxi,"-62,000",SYP,-4.464,USD,
15/09/2023,Cash,House,"-300,000",SYP,-21.6,USD,مازوت
15/09/2023,USD,To 'Cash',-100,USD,-100,USD,
15/09/2023,Cash,From 'USD',"1,360,000",SYP,100,USD,
16/09/2023,Cash,Entertainment,"-17,000",SYP,-1.224,USD,سواح
17/09/2023,Cash,Sports,"-4,000",SYP,-0.288,USD,
19/09/2023,Cash,Health,"-15,000",SYP,-1.08,USD,دوا
19/09/2023,Cash,House,"-29,000",SYP,-2.088,USD,اجبان
19/09/2023,Cash,House,"-50,000",SYP,-3.6,USD,منظفات
21/09/2023,Cash,Entertainment,"-16,000",SYP,-1.152,USD,سواح
22/09/2023,Cash,Eating out,"-118,000",SYP,-8.496,USD,فطور
22/09/2023,Cash,Deposits,"-14,000",SYP,-1.008,USD,
22/09/2023,Cash,Gifts,"-48,000",SYP,-3.456,USD,يارا
22/09/2023,Cash,Communications,"-1,200",SYP,-0.086,USD,وحدات
22/09/2023,Cash,Transport,"-6,000",SYP,-0.432,USD,
22/09/2023,Cash,House,"-20,000",SYP,-1.44,USD,سوزوكي
24/09/2023,Cash,Sports,"-6,000",SYP,-0.432,USD,
24/09/2023,Cash,Entertainment,"-16,000",SYP,-1.152,USD,سواح
26/09/2023,Cash,House,"-60,000",SYP,-4.32,USD,منظفات
26/09/2023,Cash,Bills,"-18,000",SYP,-1.296,USD,نقابة
26/09/2023,Cash,Entertainment,"-24,000",SYP,-1.728,USD,سواح
28/09/2023,Cash,Bills,"-10,000",SYP,-0.72,USD,
28/09/2023,Cash,Entertainment,"-25,500",SYP,-1.836,USD,سواح
29/09/2023,Cash,Deposits,"-14,000",SYP,-1.008,USD,
29/09/2023,Cash,Sports,"-10,000",SYP,-0.72,USD,
29/09/2023,Cash,Entertainment,"-10,000",SYP,-0.72,USD,سواح
29/09/2023,Cash,Bills,"-5,000",SYP,-0.36,USD,
29/09/2023,Cash,House,"-7,000",SYP,-0.504,USD,بندورة
29/09/2023,Cash,Entertainment,"-40,000",SYP,-2.88,USD,عصير
30/09/2023,Cash,Clothes,"-10,000",SYP,-0.75,USD,بوط
01/10/2023,USD,Salary,"1,500",USD,"1,500",USD,
01/10/2023,Cash,Communications,"-20,000",SYP,-1.5,USD,هاتف
01/10/2023,Cash,Sports,"-6,000",SYP,-0.45,USD,
01/10/2023,Cash,Entertainment,"-14,000",SYP,-1.05,USD,سواح
01/10/2023,Cash,Eating out,"-27,000",SYP,-2.025,USD,شاورما
01/10/2023,Cash,House,"-20,000",SYP,-1.5,USD,حلويات
01/10/2023,Cash,House,"-13,000",SYP,-0.975,USD,كولا
02/10/2023,USD,House,-100,USD,-100,USD,
02/10/2023,Cash,House,"-200,000",SYP,-15,USD,نورا
02/10/2023,Cash,Communications,"-4,000",SYP,-0.3,USD,ارضي
02/10/2023,Cash,Communications,"-30,000",SYP,-2.25,USD,انترنت
02/10/2023,Cash,House,"-119,000",SYP,-8.925,USD,
03/10/2023,Cash,Entertainment,"-31,500",SYP,-2.362,USD,سواح
04/10/2023,USD,To 'Cash',-100,USD,-100,USD,
04/10/2023,Cash,From 'USD',"1,350,000",SYP,100,USD,
04/10/2023,Cash,Entertainment,"-16,000",SYP,-1.2,USD,بوظة
04/10/2023,Cash,House,"-36,500",SYP,-2.737,USD,مول
04/10/2023,Cash,Bills,-500,SYP,-0.037,USD,
05/10/2023,Cash,Entertainment,"-12,000",SYP,-0.9,USD,سواح
06/10/2023,Cash,Deposits,"-14,000",SYP,-1.05,USD,
06/10/2023,Cash,Bills,"-5,000",SYP,-0.375,USD,
06/10/2023,Cash,Eating out,"-65,000",SYP,-4.875,USD,شاورما
06/10/2023,Cash,Entertainment,"-12,000",SYP,-0.9,USD,سواح
07/10/2023,Cash,Entertainment,"-13,000",SYP,-0.975,USD,سواح
08/10/2023,Cash,Sports,"-7,000",SYP,-0.525,USD,
08/10/2023,Cash,House,"-23,000",SYP,-1.725,USD,قشقوان
11/10/2023,Cash,Entertainment,"-29,000",SYP,-2.146,USD,سواح
12/10/2023,Cash,House,"-86,000",SYP,-6.364,USD,
12/10/2023,Cash,House,"-16,000",SYP,-1.184,USD,كولا
13/10/2023,Cash,Deposits,"-14,000",SYP,-1.036,USD,
13/10/2023,Cash,Eating out,"-42,500",SYP,-3.145,USD,الرضا
13/10/2023,Cash,Entertainment,"-13,000",SYP,-0.962,USD,سواح
14/10/2023,Cash,Communications,"-5,750",SYP,-0.425,USD,وحدات
14/10/2023,Cash,Communications,"-1,800",SYP,-0.133,USD,وحدات
14/10/2023,Cash,Communications,"-6,350",SYP,-0.469,USD,وحدات
14/10/2023,Cash,Mobile,"-15,000",SYP,-1.11,USD,لزقة
14/10/2023,Cash,House,"-20,000",SYP,-1.48,USD,
15/10/2023,Cash,House,"-60,000",SYP,-4.44,USD,حلويات
15/10/2023,Cash,House,"-52,000",SYP,-3.848,USD,
15/10/2023,Cash,Babies,"-5,000",SYP,-0.37,USD,
15/10/2023,Cash,Sports,"-6,000",SYP,-0.444,USD,
15/10/2023,Cash,Entertainment,"-8,000",SYP,-0.592,USD,سواح
16/10/2023,Cash,Entertainment,"-15,000",SYP,-1.11,USD,سواح
17/10/2023,Cash,Shaving,"-20,000",SYP,-1.48,USD,
18/10/2023,Cash,Entertainment,"-13,000",SYP,-0.962,USD,سواح
19/10/2023,Cash,Babies,"-30,000",SYP,-2.22,USD,
19/10/2023,Cash,Eating out,"-43,000",SYP,-3.182,USD,شيش
19/10/2023,Cash,House,"-36,000",SYP,-2.664,USD,منظفات
20/10/2023,Cash,Deposits,"-14,000",SYP,-1.036,USD,
20/10/2023,Cash,Bills,"-5,000",SYP,-0.37,USD,
20/10/2023,Cash,House,"-5,000",SYP,-0.37,USD,
20/10/2023,Cash,Entertainment,"-6,000",SYP,-0.444,USD,سواح
21/10/2023,Cash,Bills,"-2,000",SYP,-0.148,USD,
21/10/2023,Cash,House,"-50,000",SYP,-3.7,USD,لحمة
21/10/2023,Cash,House,"-5,500",SYP,-0.407,USD,بندورة
22/10/2023,Cash,Sports,"-6,000",SYP,-0.444,USD,
22/10/2023,Cash,Entertainment,"-12,000",SYP,-0.888,USD,سواح
24/10/2023,Cash,Entertainment,"-12,000",SYP,-0.888,USD,سواح
24/10/2023,Cash,Eating out,"-34,000",SYP,-2.516,USD,سوبريم
25/10/2023,Cash,House,"-40,000",SYP,-2.96,USD,منظفات
25/10/2023,Cash,House,"-40,000",SYP,-2.96,USD,بزورية
25/10/2023,Cash,House,"-40,000",SYP,-2.96,USD,حلويات
25/10/2023,Cash,Communications,"-3,000",SYP,-0.222,USD,وحدات
26/10/2023,Cash,House,"-16,000",SYP,-1.184,USD,كولا
26/10/2023,Cash,Communications,"-1,200",SYP,-0.088,USD,وحدات
27/10/2023,USD,To 'Cash',-100,USD,-100,USD,
27/10/2023,Cash,From 'USD',"1,400,000",SYP,100,USD,
27/10/2023,Cash,Eating out,"-31,000",SYP,-2.294,USD,سوبريم
27/10/2023,Cash,Deposits,"-14,000",SYP,-1.036,USD,
27/10/2023,Cash,Entertainment,"-20,000",SYP,-1.48,USD,سواح
27/10/2023,Cash,Bills,"-5,000",SYP,-0.37,USD,
27/10/2023,Cash,House,"-11,000",SYP,-0.814,USD,
28/10/2023,Cash,House,"-36,000",SYP,-2.664,USD,لحمة
28/10/2023,Cash,House,"-67,500",SYP,-4.995,USD,فروج
28/10/2023,Cash,House,"-29,000",SYP,-2.146,USD,بيض
28/10/2023,Cash,House,"-15,000",SYP,-1.11,USD,شوكولا
28/10/2023,Cash,House,"-25,000",SYP,-1.85,USD,زعتر
28/10/2023,Cash,House,"-6,000",SYP,-0.444,USD,فول
28/10/2023,Cash,House,"-11,000",SYP,-0.814,USD,بندورة
28/10/2023,Cash,House,"-10,000",SYP,-0.74,USD,فليفلة
28/10/2023,Cash,House,"-11,000",SYP,-0.814,USD,بطاطا
28/10/2023,Cash,Eating out,"-14,000",SYP,-1.036,USD,مسبحة
28/10/2023,Cash,Eating out,"-32,000",SYP,-2.368,USD,شاورما
29/10/2023,Cash,House,"-70,000",SYP,-5.18,USD,قشقوان
29/10/2023,Cash,Sports,"-6,000",SYP,-0.444,USD,
31/10/2023,Cash,Electronics,"-350,000",SYP,-25.9,USD,لابتوب
31/10/2023,Cash,Entertainment,"-13,000",SYP,-0.962,USD,سواح
01/11/2023,Cash,Communications,"-37,000",SYP,-2.738,USD,انترنت
01/11/2023,Cash,House,"-200,000",SYP,-14.8,USD,نورا
01/11/2023,USD,House,-100,USD,-100,USD,
01/11/2023,USD,Salary,"1,500",USD,"1,500",USD,
02/11/2023,USD,Electronics,-25,USD,-25,USD,فيفا
02/11/2023,Cash,House,"-20,000",SYP,-1.48,USD,منظفات
03/11/2023,Cash,Deposits,"-14,000",SYP,-1.036,USD,
03/11/2023,Cash,Bills,"-5,000",SYP,-0.37,USD,
03/11/2023,Cash,House,"-10,000",SYP,-0.74,USD,برتقال
03/11/2023,Cash,House,"-10,000",SYP,-0.74,USD,بندورة
03/11/2023,Cash,House,"-14,000",SYP,-1.036,USD,قطايف
03/11/2023,Cash,House,"-36,500",SYP,-2.701,USD,بزورية
03/11/2023,Cash,Eating out,"-35,000",SYP,-2.59,USD,فرانشيسكو
03/11/2023,Cash,Entertainment,"-10,000",SYP,-0.74,USD,شدة
03/11/2023,Cash,Entertainment,"-18,000",SYP,-1.332,USD,سواح
05/11/2023,Cash,Sports,"-7,500",SYP,-0.555,USD,
05/11/2023,Cash,Entertainment,"-6,000",SYP,-0.444,USD,سواح
07/11/2023,Cash,Bills,"-1,000",SYP,-0.074,USD,
07/11/2023,Cash,Entertainment,"-13,000",SYP,-0.962,USD,سواح
09/11/2023,Cash,Bills,"-20,000",SYP,-1.44,USD,
10/11/2023,Cash,Communications,"-1,800",SYP,-0.129,USD,وحدات
10/11/2023,Cash,Entertainment,"-6,000",SYP,-0.432,USD,سواح
10/11/2023,Cash,Bills,"-5,000",SYP,-0.36,USD,
10/11/2023,Cash,Deposits,"-14,000",SYP,-1.008,USD,
11/11/2023,Cash,Entertainment,"-13,000",SYP,-0.936,USD,سواح
12/11/2023,Cash,Sports,"-7,000",SYP,-0.504,USD,
12/11/2023,Cash,House,"-75,000",SYP,-5.4,USD,قشقوان
14/11/2023,USD,Investment,-500,USD,-500,USD,ستيك
15/11/2023,Cash,Entertainment,"-28,000",SYP,-2.016,USD,سواح
16/11/2023,Cash,Entertainment,"-5,000",SYP,-0.36,USD,منتزه
16/11/2023,Cash,Entertainment,"-6,000",SYP,-0.432,USD,سواح
16/11/2023,Cash,Bills,"-3,000",SYP,-0.216,USD,
17/11/2023,Cash,Deposits,"-14,000",SYP,-1.008,USD,
18/11/2023,Cash,Entertainment,"-216,000",SYP,-15.552,USD,مشوار
18/11/2023,Cash,House,"-59,000",SYP,-4.248,USD,قهوة
18/11/2023,Cash,House,"-23,000",SYP,-1.656,USD,حلويات
18/11/2023,USD,To 'Cash',-100,USD,-100,USD,
18/11/2023,Cash,From 'USD',"1,430,000",SYP,100,USD,
18/11/2023,Cash,Electronics,"-10,000",SYP,-0.72,USD,وصلة
19/11/2023,Cash,House,"-300,000",SYP,-21.6,USD,مازوت
19/11/2023,Cash,Sports,"-8,000",SYP,-0.576,USD,
20/11/2023,Cash,Entertainment,"-19,000",SYP,-1.368,USD,سواح
20/11/2023,Cash,Eating out,"-34,000",SYP,-2.448,USD,ماليبو
20/11/2023,Cash,Bills,"-10,000",SYP,-0.72,USD,
21/11/2023,Cash,House,"-40,000",SYP,-2.88,USD,
24/11/2023,Cash,Deposits,"-14,000",SYP,-1.008,USD,
24/11/2023,Cash,Bills,"-5,000",SYP,-0.36,USD,
24/11/2023,Cash,House,"-16,000",SYP,-1.152,USD,لبن
24/11/2023,Cash,House,"-13,000",SYP,-0.936,USD,مسبحة
25/11/2023,Cash,House,"-52,000",SYP,-3.744,USD,فطور
25/11/2023,Cash,Eating out,"-260,000",SYP,-18.72,USD,شاورما
25/11/2023,Cash,House,"-5,000",SYP,-0.36,USD,نسكافيه
26/11/2023,Cash,Sports,"-7,000",SYP,-0.504,USD,
26/11/2023,Cash,House,"-50,000",SYP,-3.6,USD,قشقوان
27/11/2023,Cash,House,"-12,000",SYP,-0.864,USD,كولا
27/11/2023,Cash,House,"-20,000",SYP,-1.44,USD,كوكيز
27/11/2023,Cash,Entertainment,"-13,000",SYP,-0.936,USD,سواح
28/11/2023,Cash,Shaving,"-20,000",SYP,-1.44,USD,
29/11/2023,Cash,Entertainment,"-13,000",SYP,-0.936,USD,سواح
29/11/2023,Cash,Rent,"975,000",SYP,70.2,USD,
29/11/2023,Cash,Real estate,"-25,000",SYP,-1.8,USD,رسوم
01/12/2023,Cash,Eating out,"-7,500",SYP,-0.54,USD,بطاطا
01/12/2023,Cash,Bills,"-5,000",SYP,-0.36,USD,
01/12/2023,Cash,Deposits,"-14,000",SYP,-1.008,USD,
01/12/2023,Cash,House,"-200,000",SYP,-14.4,USD,نورا
01/12/2023,Cash,House,"-21,000",SYP,-1.512,USD,
01/12/2023,Cash,House,"-19,000",SYP,-1.368,USD,
01/12/2023,USD,Salary,"1,500",USD,"1,500",USD,
01/12/2023,USD,Gifts,-100,USD,-100,USD,ماسة
01/12/2023,USD,House,-100,USD,-100,USD,
08/12/2023,Cash,Deposits,"-14,000",SYP,-1.008,USD,
08/12/2023,Cash,Bills,"-5,000",SYP,-0.36,USD,
09/12/2023,Cash,Communications,"-37,000",SYP,-2.664,USD,انترنت
09/12/2023,Cash,Electronics,"-15,000",SYP,-1.08,USD,وصلات
09/12/2023,Cash,Debt,"-36,000",SYP,-2.592,USD,ابو عدنان
09/12/2023,Cash,Communications,"-30,000",SYP,-2.16,USD,وحدات
11/12/2023,Cash,Entertainment,"-12,000",SYP,-0.864,USD,سواح
12/12/2023,Cash,Entertainment,"-12,000",SYP,-0.864,USD,سواح
12/12/2023,Cash,Communications,"-4,500",SYP,-0.324,USD,ارضي
14/12/2023,Cash,Entertainment,"-18,000",SYP,-1.296,USD,سواح
15/12/2023,Cash,Deposits,"-14,000",SYP,-1.008,USD,
15/12/2023,Cash,Bills,"-5,000",SYP,-0.36,USD,
16/12/2023,Cash,Sports,"-12,000",SYP,-0.864,USD,
17/12/2023,Cash,Entertainment,"-6,000",SYP,-0.432,USD,سواح
17/12/2023,Cash,Sports,"-10,000",SYP,-0.72,USD,ملعب
19/12/2023,Cash,Entertainment,"-30,000",SYP,-2.16,USD,سواح
20/12/2023,Cash,House,"-60,000",SYP,-4.32,USD,حلويات
21/12/2023,Cash,House,"-500,000",SYP,-36,USD,
21/12/2023,Cash,Eating out,"-10,000",SYP,-0.72,USD,بطاطا
21/12/2023,Cash,Entertainment,"-6,000",SYP,-0.432,USD,سواح
21/12/2023,Cash,Bills,"-10,000",SYP,-0.72,USD,
22/12/2023,Cash,House,"-10,000",SYP,-0.72,USD,يقطين
22/12/2023,Cash,Deposits,"-14,000",SYP,-1.008,USD,
22/12/2023,Cash,Bills,"-5,000",SYP,-0.36,USD,
22/12/2023,Cash,Entertainment,"-6,000",SYP,-0.432,USD,سواح
23/12/2023,Cash,House,"-30,000",SYP,-2.16,USD,منظفات
23/12/2023,Cash,House,"-30,000",SYP,-2.16,USD,فطاير
24/12/2023,Cash,Sports,"-10,000",SYP,-0.72,USD,
25/12/2023,Cash,House,"-155,000",SYP,-11.16,USD,مول
26/12/2023,Cash,Eating out,"-40,000",SYP,-2.88,USD,سوبريم
26/12/2023,Cash,Entertainment,"-13,000",SYP,-0.936,USD,سواح
27/12/2023,Cash,Eating out,"-53,000",SYP,-3.816,USD,فطاير
28/12/2023,USD,To 'Cash',-200,USD,-200,USD,
28/12/2023,Cash,From 'USD',"2,860,000",SYP,200,USD,
28/12/2023,Cash,Entertainment,"-20,000",SYP,-1.44,USD,سواح
29/12/2023,Cash,Gifts,"-200,000",SYP,-14.4,USD,غندور
29/12/2023,Cash,Sports,"-10,000",SYP,-0.72,USD,
29/12/2023,Cash,Bills,"-5,000",SYP,-0.36,USD,
29/12/2023,Cash,Deposits,"-14,000",SYP,-1.008,USD,
30/12/2023,Cash,House,"-120,000",SYP,-8.64,USD,زيت
30/12/2023,Cash,House,"-265,000",SYP,-19.08,USD,مازوت
30/12/2023,Cash,Eating out,"-21,000",SYP,-1.512,USD,بطاطا
30/12/2023,Cash,Entertainment,"-13,000",SYP,-0.936,USD,سواح
31/12/2023,Cash,Eating out,"-40,000",SYP,-2.88,USD,مندي
31/12/2023,Cash,House,"-50,000",SYP,-3.6,USD,حلويات
31/12/2023,Cash,Eating out,"-25,000",SYP,-1.8,USD,حلويات
31/12/2023,Cash,Communications,"-37,000",SYP,-2.664,USD,انترنت
02/01/2024,Cash,Gifts,"-250,000",SYP,-17.25,USD,نورا
02/01/2024,USD,Salary,"1,600",USD,"1,600",USD,
02/01/2024,USD,House,-200,USD,-200,USD,
02/01/2024,Cash,Entertainment,"-13,000",SYP,-0.897,USD,سواح
03/01/2024,Cash,Entertainment,"-10,000",SYP,-0.69,USD,مقرمشات
04/01/2024,Cash,Entertainment,"-15,000",SYP,-1.035,USD,سواح
05/01/2024,Cash,Bills,"-5,000",SYP,-0.345,USD,
05/01/2024,Cash,Sports,"-11,000",SYP,-0.759,USD,
05/01/2024,Cash,Deposits,"-14,000",SYP,-0.966,USD,
07/01/2024,Cash,Sports,"-10,000",SYP,-0.69,USD,
08/01/2024,Cash,Eating out,"-50,000",SYP,-3.45,USD,فرانشيسكو
08/01/2024,Cash,Entertainment,"-15,000",SYP,-1.035,USD,سواح
09/01/2024,Cash,Entertainment,"-12,000",SYP,-0.828,USD,سواح
11/01/2024,Cash,Eating out,"-10,500",SYP,-0.724,USD,بيض
12/01/2024,Cash,Deposits,"-14,000",SYP,-0.966,USD,
12/01/2024,Cash,Eating out,"-20,000",SYP,-1.38,USD,فطاير
12/01/2024,Cash,Entertainment,"-6,000",SYP,-0.414,USD,سواح
14/01/2024,Cash,Sports,"-10,000",SYP,-0.69,USD,
14/01/2024,Cash,Entertainment,"-6,000",SYP,-0.414,USD,سواح
15/01/2024,Cash,Health,"-50,000",SYP,-3.45,USD,مشدات
15/01/2024,Cash,Entertainment,"-13,000",SYP,-0.897,USD,سواح
15/01/2024,Cash,Communications,"-35,400",SYP,-2.442,USD,وحدات
18/01/2024,Cash,Entertainment,"-13,000",SYP,-0.871,USD,سواح
20/01/2024,Cash,Bills,"-5,000",SYP,-0.335,USD,
20/01/2024,Cash,Deposits,"-14,000",SYP,-0.938,USD,
20/01/2024,Cash,Taxi,"-17,500",SYP,-1.172,USD,
20/01/2024,Cash,Taxi,"-30,000",SYP,-2.01,USD,
20/01/2024,Cash,Entertainment,"-18,000",SYP,-1.206,USD,نص البلد
20/01/2024,Cash,Sports,"-10,000",SYP,-0.67,USD,
21/01/2024,Cash,Sports,"-10,000",SYP,-0.67,USD,
23/01/2024,USD,To 'Cash',-17,USD,-17,USD,
23/01/2024,Cash,From 'USD',"255,000",SYP,17,USD,
23/01/2024,USD,Bills,-22,USD,-22,USD,تحويل
24/01/2024,Cash,House,"-50,000",SYP,-3.35,USD,منظفات
24/01/2024,Cash,Health,"-30,000",SYP,-2.01,USD,مشدات
24/01/2024,Cash,Entertainment,"-15,000",SYP,-1.005,USD,سواح
24/01/2024,Cash,Eating out,"-12,000",SYP,-0.804,USD,بطاطا
27/01/2024,Cash,Deposits,"-14,000",SYP,-0.938,USD,
27/01/2024,Cash,Bills,"-5,000",SYP,-0.335,USD,
29/01/2024,Cash,Sports,"-10,000",SYP,-0.67,USD,
29/01/2024,Cash,Babies,"-450,000",SYP,-30.15,USD,
30/01/2024,Cash,Entertainment,"-22,000",SYP,-1.474,USD,سواح
30/01/2024,Cash,House,"-25,000",SYP,-1.675,USD,نابلسية
01/02/2024,Cash,Taxi,"-15,000",SYP,-1.005,USD,
01/02/2024,Cash,Eating out,"-50,000",SYP,-3.35,USD,حلويات
01/02/2024,Cash,Bills,"-25,000",SYP,-1.675,USD,دياب
01/02/2024,Cash,Communications,"-31,200",SYP,-2.09,USD,وحدات
01/02/2024,Cash,House,"-250,000",SYP,-16.75,USD,مازوت
01/02/2024,Cash,House,"-200,000",SYP,-13.4,USD,نورا
01/02/2024,USD,Salary,"1,600",USD,"1,600",USD,
01/02/2024,USD,House,-200,USD,-200,USD,
02/02/2024,Cash,Deposits,"-14,000",SYP,-0.938,USD,
02/02/2024,Cash,Bills,"-5,000",SYP,-0.335,USD,
04/02/2024,Cash,Sports,"-10,000",SYP,-0.67,USD,
05/02/2024,Cash,House,"-71,500",SYP,-4.79,USD,فطاير
05/02/2024,Cash,Health,"-55,000",SYP,-3.685,USD,صورة بانوراما
05/02/2024,Cash,Communications,"-1,800",SYP,-0.12,USD,وحدات
05/02/2024,Cash,Communications,"-37,000",SYP,-2.479,USD,انترنت
07/02/2024,USD,To 'Cash',-400,USD,-400,USD,
07/02/2024,Cash,From 'USD',"6,000,000",SYP,400,USD,
07/02/2024,Cash,Bills,"-6,000,000",SYP,-402,USD,زكاة
07/02/2024,USD,Gifts,-100,USD,-100,USD,محمد
10/02/2024,Cash,Deposits,"-14,000",SYP,-0.938,USD,
10/02/2024,Cash,Health,"-100,000",SYP,-6.7,USD,اسنان
10/02/2024,Cash,Entertainment,"-18,000",SYP,-1.206,USD,سواح
10/02/2024,Cash,Eating out,"-10,000",SYP,-0.67,USD,بطاطا
11/02/2024,USD,To 'Cash',-200,USD,-200,USD,
11/02/2024,Cash,From 'USD',"2,900,000",SYP,200,USD,
11/02/2024,Cash,Communications,"-4,000",SYP,-0.268,USD,ارضي
12/02/2024,Cash,Sports,"-10,000",SYP,-0.67,USD,
14/02/2024,Cash,Entertainment,"-20,000",SYP,-1.34,USD,سواح
16/02/2024,Cash,Bills,"-10,000",SYP,-0.67,USD,
16/02/2024,Cash,Entertainment,"-10,000",SYP,-0.67,USD,سواح
17/02/2024,Cash,Deposits,"-14,000",SYP,-0.938,USD,
17/02/2024,Cash,Bills,"-5,000",SYP,-0.335,USD,
17/02/2024,Cash,Health,"-50,000",SYP,-3.35,USD,اسنان
18/02/2024,Cash,Sports,"-10,000",SYP,-0.67,USD,
19/02/2024,Cash,Entertainment,"-20,000",SYP,-1.34,USD,سواح
21/02/2024,Cash,House,"-650,000",SYP,-43.55,USD,مازوت
23/02/2024,Cash,Deposits,"-14,000",SYP,-0.938,USD,
23/02/2024,Cash,Bills,"-5,000",SYP,-0.335,USD,
25/02/2024,Cash,Sports,"-10,000",SYP,-0.67,USD,
26/02/2024,Cash,Entertainment,"-20,000",SYP,-1.34,USD,سواح
28/02/2024,Cash,Entertainment,"-20,000",SYP,-1.34,USD,سواح
01/03/2024,USD,Salary,"1,600",USD,"1,600",USD,
01/03/2024,Cash,Deposits,"-14,000",SYP,-0.938,USD,
01/03/2024,Cash,Bills,"-5,000",SYP,-0.335,USD,
01/03/2024,Cash,Communications,"-42,500",SYP,-2.847,USD,وحدات
01/03/2024,USD,Investment,-250,USD,-250,USD,ثروة
01/03/2024,USD,Investment,-250,USD,-250,USD,ستيك
01/03/2024,USD,House,-200,USD,-200,USD,
01/03/2024,USD,Gifts,-100,USD,-100,USD,نورا
03/03/2024,Cash,Sports,"-10,000",SYP,-0.7,USD,
04/03/2024,Cash,Entertainment,"-40,000",SYP,-2.8,USD,مول
04/03/2024,Cash,Eating out,"-70,000",SYP,-4.9,USD,ماليبو
04/03/2024,Cash,Entertainment,"-10,000",SYP,-0.7,USD,سواح
05/03/2024,Cash,Electronics,"-200,000",SYP,-14,USD,لابتوب
05/03/2024,Cash,Taxi,"-20,000",SYP,-1.4,USD,
05/03/2024,Cash,Entertainment,"-55,000",SYP,-3.85,USD,سرجلة
05/03/2024,Cash,Eating out,"-14,000",SYP,-0.98,USD,كروسان
05/03/2024,Cash,Electronics,"-15,000",SYP,-1.05,USD,وصلة
05/03/2024,Cash,Electronics,"-40,000",SYP,-2.8,USD,سماعات
05/03/2024,Cash,Bills,"-1,000",SYP,-0.07,USD,
05/03/2024,Cash,Entertainment,"-25,000",SYP,-1.75,USD,سواح
05/03/2024,Cash,Communications,"-50,000",SYP,-3.5,USD,انترنت
06/03/2024,USD,Gifts,-100,USD,-100,USD,عمار
06/03/2024,Cash,House,"-25,000",SYP,-1.75,USD,كعك
08/03/2024,Cash,Deposits,"-14,000",SYP,-0.98,USD,
08/03/2024,Cash,Bills,"-5,000",SYP,-0.35,USD,
10/03/2024,Cash,Sports,"-10,000",SYP,-0.7,USD,
12/03/2024,Cash,Entertainment,"-30,000",SYP,-2.1,USD,سواح
14/03/2024,Cash,Entertainment,"-30,000",SYP,-2.1,USD,سواح
15/03/2024,USD,To 'Cash',-100,USD,-100,USD,
15/03/2024,Cash,From 'USD',"1,420,000",SYP,100,USD,
17/03/2024,Cash,Sports,"-10,000",SYP,-0.7,USD,
18/03/2024,Cash,Entertainment,"-15,000",SYP,-1.05,USD,سواح
22/03/2024,Cash,Bills,"-5,000",SYP,-0.35,USD,
22/03/2024,Cash,Deposits,"-14,000",SYP,-0.98,USD,جديدة
24/03/2024,Cash,Sports,"-10,000",SYP,-0.7,USD,
24/03/2024,Cash,Communications,"-1,800",SYP,-0.126,USD,وحدات
25/03/2024,Cash,Entertainment,"-20,000",SYP,-1.4,USD,سواح
27/03/2024,Cash,Entertainment,"-30,000",SYP,-2.1,USD,سواح
28/03/2024,Cash,Eating out,"-65,000",SYP,-4.55,USD,كريسبي
28/03/2024,Cash,Entertainment,"-30,000",SYP,-2.1,USD,سواح
29/03/2024,Cash,Deposits,"-14,000",SYP,-0.98,USD,
29/03/2024,Cash,Bills,"-5,000",SYP,-0.35,USD,
29/03/2024,Cash,Communications,"-42,600",SYP,-2.982,USD,وحدات
31/03/2024,Cash,Sports,"-10,000",SYP,-0.7,USD,
31/03/2024,Cash,House,"-332,000",SYP,-23.24,USD,كريسبي
01/04/2024,Cash,Gifts,"50,000",SYP,3.5,USD,رغدة
01/04/2024,Cash,Gifts,"30,000",SYP,2.1,USD,تيتة
01/04/2024,USD,Salary,"1,600",USD,"1,600",USD,
02/04/2024,USD,Investment,-250,USD,-250,USD,ستيك
02/04/2024,USD,Investment,-250,USD,-250,USD,ثروة
02/04/2024,USD,Clothes,-130,USD,-130,USD,بوط
06/04/2024,USD,To 'Cash',-600,USD,-600,USD,
06/04/2024,Cash,From 'USD',"8,400,000",SYP,600,USD,
06/04/2024,Cash,Gifts,"-7,375,000",SYP,-516.25,USD,ماما
06/04/2024,Cash,Electronics,"-525,000",SYP,-36.75,USD,مروحة
06/04/2024,Cash,Shaving,"-25,000",SYP,-1.75,USD,
06/04/2024,Cash,Taxi,"-25,000",SYP,-1.75,USD,
06/04/2024,Cash,House,"-200,000",SYP,-14,USD,نورا
06/04/2024,Cash,House,"-50,000",SYP,-3.5,USD,معروك
06/04/2024,Cash,Entertainment,"-50,000",SYP,-3.5,USD,سواح
06/04/2024,Cash,Communications,"-50,000",SYP,-3.5,USD,انترنت
06/04/2024,Cash,Communications,"-66,500",SYP,-4.655,USD,وحدات
06/04/2024,Cash,Bills,"-15,000",SYP,-1.05,USD,
06/04/2024,USD,House,-200,USD,-200,USD,
06/04/2024,Cash,Entertainment,"-105,000",SYP,-7.35,USD,اروما
06/04/2024,Cash,Taxi,"-20,000",SYP,-1.4,USD,
06/04/2024,Cash,Entertainment,"-10,000",SYP,-0.7,USD,سواح
07/04/2024,Cash,Sports,"-10,000",SYP,-0.7,USD,
07/04/2024,Cash,Mobile,"-30,000",SYP,-2.1,USD,كفر
08/04/2024,Cash,Eating out,"-37,500",SYP,-2.625,USD,نمورة
08/04/2024,Cash,Entertainment,"-8,000",SYP,-0.56,USD,جلاب
09/04/2024,Cash,Entertainment,"-20,000",SYP,-1.4,USD,سواح
10/04/2024,Cash,Babies,"-75,000",SYP,-5.25,USD,عيدية
11/04/2024,Cash,Taxi,"-75,000",SYP,-5.25,USD,
11/04/2024,Cash,Entertainment,"-80,000",SYP,-5.6,USD,بولينغ
11/04/2024,Cash,Entertainment,"-52,000",SYP,-3.64,USD,ام كلثوم
12/04/2024,Cash,Deposits,"-14,000",SYP,-0.98,USD,
12/04/2024,Cash,Bills,"-5,000",SYP,-0.35,USD,
12/04/2024,Cash,Entertainment,"-25,000",SYP,-1.75,USD,سواح
13/04/2024,Cash,Entertainment,"-25,000",SYP,-1.75,USD,سواح
13/04/2024,Cash,Eating out,"-85,000",SYP,-5.95,USD,ماليبو
13/04/2024,Cash,Gifts,"-25,000",SYP,-1.75,USD,نغم
13/04/2024,USD,Gifts,-100,USD,-100,USD,نورا
13/04/2024,USD,Gifts,-100,USD,-100,USD,ماما
13/04/2024,Cash,Gifts,"100,000",SYP,7,USD,عبدو
14/04/2024,Cash,Sports,"-10,000",SYP,-0.7,USD,
16/04/2024,Cash,Eating out,"-42,500",SYP,-2.975,USD,ماليبو
16/04/2024,Cash,Entertainment,"-20,000",SYP,-1.4,USD,سواح
16/04/2024,Cash,Gifts,"-180,000",SYP,-12.6,USD,ريال
18/04/2024,Cash,Communications,"-5,000",SYP,-0.35,USD,ارضي
19/04/2024,Cash,Entertainment,"-25,000",SYP,-1.75,USD,سواح
19/04/2024,Cash,Deposits,"-14,000",SYP,-0.98,USD,
19/04/2024,Cash,Bills,"-5,000",SYP,-0.35,USD,
20/04/2024,Cash,Entertainment,"-37,000",SYP,-2.59,USD,ام كلثوم
20/04/2024,Cash,Taxi,"-20,000",SYP,-1.4,USD,
21/04/2024,Cash,Sports,"-10,000",SYP,-0.7,USD,
21/04/2024,Cash,Communications,"-1,800",SYP,-0.126,USD,وحدات
24/04/2024,Cash,Entertainment,"-20,000",SYP,-1.34,USD,سواح
25/04/2024,Cash,Gifts,"-100,000",SYP,-6.7,USD,غندور
25/04/2024,Cash,Entertainment,"-60,000",SYP,-4.02,USD,سهرة
26/04/2024,Cash,Bills,"-5,000",SYP,-0.335,USD,
26/04/2024,Cash,Deposits,"-14,000",SYP,-0.938,USD,
26/04/2024,USD,Clothes,-25,USD,-25,USD,كنزة
26/04/2024,Cash,Taxi,"-25,000",SYP,-1.675,USD,
26/04/2024,Cash,Entertainment,"-50,000",SYP,-3.35,USD,ام كلثوم
26/04/2024,Cash,Eating out,"-28,000",SYP,-1.876,USD,بطاطا
27/04/2024,Cash,Entertainment,"-20,000",SYP,-1.34,USD,سواح
28/04/2024,Cash,Entertainment,"-10,000",SYP,-0.67,USD,بلياردو
29/04/2024,Cash,Entertainment,"-30,000",SYP,-2.01,USD,سواح
30/04/2024,Cash,Communications,"-50,000",SYP,-3.35,USD,انترنت
01/05/2024,Cash,Entertainment,"-55,000",SYP,-3.685,USD,ام كلثوم
01/05/2024,Cash,Entertainment,"-30,000",SYP,-2.01,USD,سواح
01/05/2024,Cash,Eating out,"-55,000",SYP,-3.685,USD,الرضا
03/05/2024,Cash,Deposits,"-14,000",SYP,-0.938,USD,
03/05/2024,Cash,Bills,"-5,000",SYP,-0.335,USD,
03/05/2024,USD,To 'Cash',-45,USD,-45,USD,
03/05/2024,Cash,From 'USD',"675,000",SYP,45,USD,
03/05/2024,USD,Salary,"1,600",USD,"1,600",USD,
03/05/2024,USD,House,-200,USD,-200,USD,
03/05/2024,Cash,House,"-200,000",SYP,-13.4,USD,نورا
04/05/2024,Cash,Sports,"-250,000",SYP,-16.75,USD,نادي
07/05/2024,Cash,Eating out,"-80,000",SYP,-5.36,USD,الرضا
07/05/2024,Cash,Entertainment,"-30,000",SYP,-2.01,USD,سواح
09/05/2024,Cash,Communications,"-2,200",SYP,-0.147,USD,وحدات
10/05/2024,Cash,Deposits,"-14,000",SYP,-0.938,USD,
10/05/2024,Cash,Bills,"-5,000",SYP,-0.335,USD,
11/05/2024,Cash,Car,"-175,000",SYP,-11.725,USD,بنزين
11/05/2024,Cash,Eating out,"-20,000",SYP,-1.34,USD,فول
11/05/2024,Cash,Entertainment,"-65,000",SYP,-4.355,USD,درب الحجر
11/05/2024,Cash,Entertainment,"-20,000",SYP,-1.34,USD,سواح
12/05/2024,Cash,Eating out,"-77,000",SYP,-5.159,USD,الرضا
12/05/2024,Cash,Entertainment,"-24,000",SYP,-1.608,USD,سواح
12/05/2024,USD,Investment,-500,USD,-500,USD,ستيك
13/05/2024,Cash,Entertainment,"-20,000",SYP,-1.34,USD,سواح
14/05/2024,Cash,Shaving,"-25,000",SYP,-1.675,USD,
15/05/2024,Cash,Entertainment,"-20,000",SYP,-1.34,USD,سواح
17/05/2024,Cash,Bills,"-5,000",SYP,-0.335,USD,
17/05/2024,Cash,Deposits,"-14,000",SYP,-0.938,USD,
19/05/2024,Cash,Entertainment,"-20,000",SYP,-1.34,USD,سواح
20/05/2024,Cash,Entertainment,"-20,000",SYP,-1.34,USD,سواح
23/05/2024,Cash,Toiletry,"-11,000",SYP,-0.737,USD,محارم
23/05/2024,Cash,Entertainment,"-37,000",SYP,-2.479,USD,درب الحجر
23/05/2024,Cash,Food,"-12,000",SYP,-0.804,USD,دونت
23/05/2024,Cash,Transport,"-4,000",SYP,-0.268,USD,
23/05/2024,Cash,House,"-30,000",SYP,-2.01,USD,كاتو
24/05/2024,Cash,Communications,"-1,800",SYP,-0.12,USD,وحدات
24/05/2024,Cash,Communications,"-60,000",SYP,-4.02,USD,وحدات
24/05/2024,USD,To 'Cash',-16,USD,-16,USD,
24/05/2024,Cash,From 'USD',"240,000",SYP,16,USD,
24/05/2024,Cash,Entertainment,"-552,000",SYP,-36.984,USD,مزرعة
24/05/2024,Cash,Deposits,"-14,000",SYP,-0.938,USD,
24/05/2024,Cash,Bills,"-5,000",SYP,-0.335,USD,
24/05/2024,Cash,Entertainment,"-30,000",SYP,-2.01,USD,سواح
24/05/2024,USD,To 'Cash',-100,USD,-100,USD,
24/05/2024,Cash,From 'USD',"1,480,000",SYP,100,USD,
26/05/2024,Cash,Sports,"-15,000",SYP,-1.005,USD,
27/05/2024,Cash,Eating out,"-25,000",SYP,-1.675,USD,حمص
27/05/2024,Cash,Entertainment,"-10,000",SYP,-0.67,USD,سواح
27/05/2024,USD,Bills,-9,USD,-9,USD,تحويل
29/05/2024,Cash,Sports,"-17,500",SYP,-1.172,USD,
29/05/2024,Cash,House,"-29,000",SYP,-1.943,USD,ملطف جو
30/05/2024,Cash,Eating out,"-57,000",SYP,-3.819,USD,فطاير
30/05/2024,Cash,Babies,"-70,000",SYP,-4.69,USD,عصير
30/05/2024,Cash,Clothes,"-300,000",SYP,-20.1,USD,بيجاما
01/06/2024,USD,Salary,"1,600",USD,"1,600",USD,
01/06/2024,USD,Salary,"1,000",USD,"1,000",USD,بونص
01/06/2024,USD,House,-200,USD,-200,USD,
01/06/2024,Cash,Entertainment,"-3,000",SYP,-0.198,USD,سواح
01/06/2024,Cash,Eating out,"-40,000",SYP,-2.64,USD,ماليبو
02/06/2024,USD,To 'Cash',-100,USD,-100,USD,
02/06/2024,Cash,From 'USD',"1,500,000",SYP,100,USD,
02/06/2024,Cash,House,"-200,000",SYP,-13.2,USD,نورا
02/06/2024,Cash,Sports,"-30,000",SYP,-1.98,USD,تحليل
02/06/2024,Cash,Sports,"-250,000",SYP,-16.5,USD,نادي
02/06/2024,Cash,Eating out,"-25,000",SYP,-1.65,USD,حمص
02/06/2024,Cash,Gifts,"-135,000",SYP,-8.91,USD,شنتاية
06/06/2024,Cash,Entertainment,"-10,000",SYP,-0.66,USD,سواح
06/06/2024,Cash,Eating out,"-35,000",SYP,-2.31,USD,بسكوت
07/06/2024,Cash,Deposits,"-14,000",SYP,-0.924,USD,
07/06/2024,Cash,Eating out,"-58,500",SYP,-3.861,USD,فطاير
07/06/2024,Cash,Entertainment,"-10,000",SYP,-0.66,USD,سواح
07/06/2024,Cash,Eating out,"-165,000",SYP,-10.89,USD,شاورما
07/06/2024,Cash,House,"-15,000",SYP,-0.99,USD,كعك
07/06/2024,Cash,Rent,"975,000",SYP,64.35,USD,
07/06/2024,Cash,Car,"-200,000",SYP,-13.2,USD,بنزين
09/06/2024,Cash,Sports,"-20,000",SYP,-1.32,USD,
09/06/2024,Cash,Entertainment,"-30,000",SYP,-1.98,USD,سواح
09/06/2024,Cash,Eating out,"-43,000",SYP,-2.838,USD,تويستر
10/06/2024,Cash,Entertainment,"-10,000",SYP,-0.66,USD,سواح
11/06/2024,Cash,Babies,"-300,000",SYP,-19.8,USD,
11/06/2024,Cash,House,"-215,000",SYP,-14.19,USD,حلويات
12/06/2024,Cash,Communications,"-17,000",SYP,-1.122,USD,ارضي
13/06/2024,Cash,Eating out,"-45,000",SYP,-2.97,USD,ماليبو
13/06/2024,Cash,Entertainment,"-20,000",SYP,-1.32,USD,سواح
14/06/2024,Cash,House,"-125,000",SYP,-8.25,USD,صحية
14/06/2024,Cash,Bills,"-5,000",SYP,-0.33,USD,
14/06/2024,Cash,Deposits,"-14,000",SYP,-0.924,USD,
15/06/2024,Cash,House,"-46,000",SYP,-3.036,USD,موالح
15/06/2024,Cash,House,"-140,000",SYP,-9.24,USD,حلويات
15/06/2024,Cash,Health,"-16,000",SYP,-1.056,USD,قطرة
15/06/2024,Cash,Entertainment,"-20,000",SYP,-1.32,USD,سواح
16/06/2024,USD,To 'عمار دولار',-150,USD,-150,USD,
16/06/2024,عمار دولار,From 'USD',150,USD,150,USD,
16/06/2024,USD,Gifts,-100,USD,-100,USD,ماما
16/06/2024,USD,Gifts,-100,USD,-100,USD,نورا
16/06/2024,Cash,Eating out,"-150,000",SYP,-9.9,USD,شاورما
17/06/2024,Cash,Entertainment,"-20,000",SYP,-1.32,USD,سواح
18/06/2024,Cash,Entertainment,"-10,000",SYP,-0.66,USD,سواح
19/06/2024,USD,Investment,-500,USD,-500,USD,ستيك
19/06/2024,Cash,Entertainment,"-10,000",SYP,-0.66,USD,سواح
20/06/2024,Cash,Taxi,"-60,000",SYP,-3.96,USD,
20/06/2024,Cash,Taxi,"-20,000",SYP,-1.32,USD,
20/06/2024,Cash,Entertainment,"-24,000",SYP,-1.584,USD,كولا
20/06/2024,Cash,Entertainment,"-10,000",SYP,-0.66,USD,سواح
21/06/2024,Cash,Deposits,"-14,000",SYP,-0.924,USD,
21/06/2024,Cash,Communications,"-60,000",SYP,-3.96,USD,وحدات
22/06/2024,Cash,Deposits,"532,000",SYP,35.112,USD,
23/06/2024,Cash,Sports,"-25,000",SYP,-1.65,USD,
25/06/2024,Cash,Entertainment,"-20,000",SYP,-1.32,USD,سواح
27/06/2024,Cash,Entertainment,"-40,000",SYP,-2.64,USD,فحم
27/06/2024,Cash,Entertainment,"-20,000",SYP,-1.32,USD,سواح
28/06/2024,Cash,Deposits,"-14,000",SYP,-0.924,USD,
28/06/2024,Cash,Bills,"-5,000",SYP,-0.33,USD,
30/06/2024,Cash,Sports,"-25,000",SYP,-1.65,USD,
01/07/2024,USD,Salary,"1,600",USD,"1,600",USD,
02/07/2024,Cash,Entertainment,"-20,000",SYP,-1.32,USD,سواح
02/07/2024,Cash,House,"-200,000",SYP,-13.2,USD,نورا
03/07/2024,USD,To 'Cash',-200,USD,-200,USD,
03/07/2024,Cash,From 'USD',"2,980,000",SYP,200,USD,
03/07/2024,Cash,To 'USD',"-1,500,000",SYP,-100.5,USD,
03/07/2024,USD,From 'Cash',100.5,USD,100.5,USD,
03/07/2024,Cash,Communications,"-6,000",SYP,-0.402,USD,ارضي
03/07/2024,Cash,Communications,"-50,000",SYP,-3.35,USD,انترنت
03/07/2024,USD,House,-200,USD,-200,USD,
05/07/2024,Cash,Eating out,"-30,000",SYP,-2.01,USD,فطاير
05/07/2024,Cash,Deposits,"-14,000",SYP,-0.938,USD,
05/07/2024,Cash,Entertainment,"-20,000",SYP,-1.34,USD,سواح
06/07/2024,Cash,Sports,"-250,000",SYP,-16.75,USD,جيم
07/07/2024,Cash,Sports,"-15,000",SYP,-1.005,USD,
07/07/2024,Cash,Entertainment,"-10,000",SYP,-0.67,USD,سواح
08/07/2024,Cash,Sports,"-30,000",SYP,-2.01,USD,تحليل
10/07/2024,Cash,Entertainment,"-10,000",SYP,-0.67,USD,سواح
12/07/2024,Cash,Deposits,"-14,000",SYP,-0.938,USD,
12/07/2024,Cash,House,"-23,000",SYP,-1.541,USD,بوظة
13/07/2024,Cash,Sports,"-100,000",SYP,-6.7,USD,مطرة
13/07/2024,Cash,Clothes,"-120,000",SYP,-8.04,USD,شورت
16/07/2024,Cash,Shaving,"-25,000",SYP,-1.675,USD,
16/07/2024,Cash,Communications,"-15,000",SYP,-1.005,USD,وحدات
18/07/2024,Cash,Car,"-200,000",SYP,-13.4,USD,بنزين
18/07/2024,Cash,Eating out,"-25,000",SYP,-1.675,USD,حمص
18/07/2024,Cash,Entertainment,"-10,000",SYP,-0.67,USD,سواح
19/07/2024,Cash,Deposits,"-14,000",SYP,-0.952,USD,
19/07/2024,Cash,Bills,"-5,000",SYP,-0.34,USD,
19/07/2024,Cash,Eating out,"-48,000",SYP,-3.264,USD,كرانشي
19/07/2024,Cash,Entertainment,"-20,000",SYP,-1.36,USD,سواح
19/07/2024,Cash,Eating out,"-15,000",SYP,-1.02,USD,بطاطا
19/07/2024,Cash,To 'USD',"-1,480,000",SYP,-100.64,USD,
19/07/2024,USD,From 'Cash',100.64,USD,100.64,USD,
20/07/2024,Cash,Entertainment,"-20,000",SYP,-1.36,USD,سواح
20/07/2024,Cash,Communications,"-84,000",SYP,-5.712,USD,وحدات
21/07/2024,Cash,Sports,"-15,000",SYP,-1.02,USD,
23/07/2024,Cash,Eating out,"-45,000",SYP,-3.06,USD,ماليبو
23/07/2024,Cash,Entertainment,"-20,000",SYP,-1.36,USD,سواح
24/07/2024,Cash,Eating out,"-56,000",SYP,-3.808,USD,كروسان
24/07/2024,Cash,Entertainment,"-25,000",SYP,-1.7,USD,بيت الياسمين
26/07/2024,Cash,Deposits,"-14,000",SYP,-0.952,USD,
27/07/2024,Cash,Entertainment,"-10,000",SYP,-0.68,USD,سواح
28/07/2024,Cash,Entertainment,"-55,000",SYP,-3.74,USD,سواح
28/07/2024,Cash,Eating out,"-15,000",SYP,-1.02,USD,كلير
30/07/2024,Cash,House,"-94,000",SYP,-6.392,USD,كريسبي
31/07/2024,Cash,Entertainment,"-20,000",SYP,-1.36,USD,سواح
31/07/2024,Cash,Eating out,"-50,000",SYP,-3.4,USD,شاورما
01/08/2024,Cash,Eating out,"-45,000",SYP,-3.06,USD,فرانشيسكو
01/08/2024,Cash,Entertainment,"-30,000",SYP,-2.04,USD,سواح
01/08/2024,Cash,Communications,"-9,000",SYP,-0.612,USD,انترنت
01/08/2024,USD,Salary,"1,600",USD,"1,600",USD,
01/08/2024,USD,Bills,-45,USD,-45,USD,تحويل
02/08/2024,USD,To 'Cash',-100,USD,-100,USD,
02/08/2024,Cash,From 'USD',"1,480,000",SYP,100,USD,
02/08/2024,USD,House,-200,USD,-200,USD,
02/08/2024,Cash,House,"-200,000",SYP,-13.6,USD,نورا
02/08/2024,Cash,House,"-37,000",SYP,-2.516,USD,قهوة
02/08/2024,Cash,Entertainment,"-200,000",SYP,-13.6,USD,حفلة جوزيف
04/08/2024,Cash,House,"-130,000",SYP,-8.84,USD,شاورما
06/08/2024,Cash,Toiletry,"-4,000",SYP,-0.272,USD,شامبو
06/08/2024,Cash,Entertainment,"-20,000",SYP,-1.36,USD,سواح
07/08/2024,Cash,Mobile,"-75,000",SYP,-5.1,USD,لزقة
07/08/2024,Cash,Taxi,"-25,000",SYP,-1.7,USD,
07/08/2024,Cash,Communications,"-50,000",SYP,-3.4,USD,انترنت
07/08/2024,Cash,Communications,"-5,200",SYP,-0.353,USD,ارضي
07/08/2024,Cash,Communications,"-5,000",SYP,-0.34,USD,وحدات
08/08/2024,Cash,Taxi,"-35,000",SYP,-2.38,USD,
08/08/2024,Cash,Taxi,"-15,000",SYP,-1.02,USD,
08/08/2024,Cash,House,"-30,000",SYP,-2.04,USD,كعك
08/08/2024,Cash,Eating out,"-58,000",SYP,-3.944,USD,شاورما
08/08/2024,Cash,Entertainment,"-20,000",SYP,-1.36,USD,سواح
09/08/2024,USD,Investment,-200,USD,-200,USD,ستيك
09/08/2024,USD,Investment,-300,USD,-300,USD,ثروة
09/08/2024,Cash,Bills,"-10,000",SYP,-0.68,USD,
09/08/2024,Cash,Deposits,"-14,000",SYP,-0.952,USD,
09/08/2024,Cash,Bills,"-215,000",SYP,-14.62,USD,ياسر
11/08/2024,Cash,Sports,"-30,000",SYP,-2.04,USD,تحليل
11/08/2024,Cash,Entertainment,"-20,000",SYP,-1.36,USD,سواح
11/08/2024,Cash,Eating out,"-60,000",SYP,-4.08,USD,كريسبي
13/08/2024,Cash,Bills,"-150,000",SYP,-10.2,USD,عمار
14/08/2024,Cash,Taxi,"-35,000",SYP,-2.38,USD,
15/08/2024,Cash,Entertainment,"-10,000",SYP,-0.68,USD,سواح
15/08/2024,Cash,Eating out,"-90,000",SYP,-6.12,USD,كريسبي
15/08/2024,Cash,House,"-63,000",SYP,-4.284,USD,موالح
16/08/2024,Cash,Bills,"-5,000",SYP,-0.34,USD,
16/08/2024,Cash,Deposits,"-14,000",SYP,-0.952,USD,
16/08/2024,USD,To 'Cash',-100,USD,-100,USD,
16/08/2024,Cash,From 'USD',"1,475,000",SYP,100,USD,
17/08/2024,Cash,Entertainment,"-550,000",SYP,-37.4,USD,مزرعة
17/08/2024,Cash,Taxi,"-100,000",SYP,-6.8,USD,
18/08/2024,Cash,Entertainment,"-10,000",SYP,-0.68,USD,سواح
18/08/2024,Cash,Sports,"-20,000",SYP,-1.36,USD,
21/08/2024,Cash,Communications,"-1,800",SYP,-0.122,USD,وحدات
21/08/2024,Cash,Communications,"-66,000",SYP,-4.488,USD,وحدات
21/08/2024,Cash,House,"-60,000",SYP,-4.08,USD,كلير
21/08/2024,Cash,House,"-25,000",SYP,-1.7,USD,كعك
21/08/2024,USD,To 'Cash',-100,USD,-100,USD,
21/08/2024,USD,To 'Cash',-200,USD,-200,USD,
21/08/2024,Cash,From 'USD',"1,475,000",SYP,100,USD,
21/08/2024,Cash,From 'USD',"2,950,000",SYP,200,USD,
22/08/2024,Cash,Entertainment,"-10,000",SYP,-0.68,USD,سواح
22/08/2024,Cash,Eating out,"-50,000",SYP,-3.4,USD,شاورما
23/08/2024,Cash,Deposits,"-14,000",SYP,-0.952,USD,
23/08/2024,Cash,Car,"-100,000",SYP,-6.8,USD,بنزين
24/08/2024,Cash,Shaving,"-25,000",SYP,-1.7,USD,
24/08/2024,Cash,Entertainment,"-10,000",SYP,-0.68,USD,سواح
25/08/2024,Cash,Sports,"-30,000",SYP,-2.04,USD,
26/08/2024,Cash,Eating out,"-110,000",SYP,-7.48,USD,الرضا
26/08/2024,Cash,Entertainment,"-28,000",SYP,-1.904,USD,صيف وشتا
29/08/2024,Cash,Entertainment,"-20,000",SYP,-1.36,USD,سواح
29/08/2024,Cash,Eating out,"-48,000",SYP,-3.264,USD,شاورما
29/08/2024,Cash,Communications,"-8,000",SYP,-0.544,USD,انترنت
29/08/2024,Cash,Communications,"-1,800",SYP,-0.122,USD,وحدات
30/08/2024,Cash,Deposits,"-14,000",SYP,-0.952,USD,
01/09/2024,USD,Salary,"1,600",USD,"1,600",USD,
01/09/2024,USD,Bills,-45,USD,-45,USD,تحويل
01/09/2024,USD,House,-200,USD,-200,USD,
01/09/2024,Cash,Sports,"-23,000",SYP,-1.564,USD,
01/09/2024,Cash,Entertainment,"-10,000",SYP,-0.68,USD,سواح
01/09/2024,Cash,House,"-200,000",SYP,-13.6,USD,نورا
03/09/2024,Cash,Bills,"-1,225,700",SYP,-83.347,USD,
05/09/2024,Cash,Bills,"-20,000",SYP,-1.36,USD,
05/09/2024,Cash,Entertainment,"-30,000",SYP,-2.04,USD,سواح
06/09/2024,Cash,Deposits,"-14,000",SYP,-0.952,USD,
06/09/2024,Cash,Bills,"-5,000",SYP,-0.34,USD,
06/09/2024,Cash,Babies,"-6,000",SYP,-0.408,USD,
07/09/2024,USD,Investment,-300,USD,-300,USD,ستيك
08/09/2024,Cash,Entertainment,"-25,000",SYP,-1.7,USD,سواح
09/09/2024,Cash,Sports,"-215,000",SYP,-14.62,USD,كنزة
10/09/2024,Cash,Electronics,"-130,000",SYP,-8.84,USD,باوربانك
10/09/2024,USD,Bills,-50,USD,-50,USD,تبرع
10/09/2024,Cash,Entertainment,"-100,000",SYP,-6.8,USD,مشوار
10/09/2024,Cash,Sports,"-275,000",SYP,-18.7,USD,نادي
12/09/2024,Cash,Eating out,"-50,000",SYP,-3.4,USD,شاورما
12/09/2024,Cash,Entertainment,"-10,000",SYP,-0.68,USD,سواح
13/09/2024,Cash,Deposits,"-14,000",SYP,-0.952,USD,
13/09/2024,Cash,Bills,"-5,000",SYP,-0.34,USD,
14/09/2024,Cash,Communications,"-32,000",SYP,-2.176,USD,انترنت
14/09/2024,Cash,Sports,"-125,000",SYP,-8.5,USD,شورت
14/09/2024,Cash,Electronics,"-20,000",SYP,-1.36,USD,بطاريات
14/09/2024,Cash,Entertainment,"-20,000",SYP,-1.36,USD,سواح
15/09/2024,Cash,Sports,"-15,000",SYP,-1.02,USD,
17/09/2024,Cash,Eating out,"-90,000",SYP,-6.12,USD,كريسبي
17/09/2024,Cash,Entertainment,"-20,000",SYP,-1.36,USD,سواح
18/09/2024,Cash,Eating out,"-15,000",SYP,-1.02,USD,حمص
18/09/2024,Cash,Entertainment,"-20,000",SYP,-1.36,USD,سواح
21/09/2024,Cash,Entertainment,"-20,000",SYP,-1.36,USD,سواح
21/09/2024,Cash,Communications,"-66,000",SYP,-4.488,USD,وحدات
22/09/2024,Cash,Sports,"-17,500",SYP,-1.19,USD,
23/09/2024,USD,To 'Cash',-100,USD,-100,USD,
23/09/2024,Cash,From 'USD',"1,470,000",SYP,100,USD,
23/09/2024,Cash,Communications,"-1,800",SYP,-0.122,USD,وحدات
23/09/2024,Cash,Babies,"-300,000",SYP,-20.4,USD,
23/09/2024,Cash,Entertainment,"-58,000",SYP,-3.944,USD,الارض السعيدة
24/09/2024,Cash,Sports,"-45,000",SYP,-3.06,USD,تحليل
24/09/2024,Cash,Taxi,"-35,000",SYP,-2.38,USD,
27/09/2024,Cash,Deposits,"-14,000",SYP,-0.952,USD,
27/09/2024,Cash,Shaving,"-25,000",SYP,-1.7,USD,
29/09/2024,Cash,Entertainment,"-30,000",SYP,-2.04,USD,مول
29/09/2024,Cash,Sports,"-20,000",SYP,-1.36,USD,
29/09/2024,Cash,Mobile,"-20,000",SYP,-1.36,USD,كفر
30/09/2024,Cash,Entertainment,"-20,000",SYP,-1.36,USD,سواح
03/10/2024,Cash,Eating out,"-55,000",SYP,-3.74,USD,شاورما
03/10/2024,Cash,Entertainment,"-30,000",SYP,-2.04,USD,سواح
03/10/2024,Cash,Communications,"-5,200",SYP,-0.353,USD,ارضي
03/10/2024,Cash,Communications,"-70,000",SYP,-4.76,USD,انترنت
04/10/2024,Cash,Deposits,"-14,000",SYP,-0.952,USD,
05/10/2024,Cash,Entertainment,"-240,000",SYP,-16.32,USD,مزرعة
06/10/2024,USD,To 'عبد دولار',-422,USD,-422,USD,
06/10/2024,عبد دولار,From 'USD',422,USD,422,USD,
06/10/2024,Cash,House,"-200,000",SYP,-13.6,USD,نورا
06/10/2024,USD,House,-100,USD,-100,USD,
08/10/2024,USD,To 'Cash',-100,USD,-100,USD,
08/10/2024,Cash,From 'USD',"1,470,000",SYP,100,USD,
09/10/2024,Cash,House,"-45,000",SYP,-3.06,USD,منظفات
10/10/2024,Cash,Entertainment,"-30,000",SYP,-2.04,USD,سواح
10/10/2024,Cash,Eating out,"-50,000",SYP,-3.4,USD,شاورما
10/10/2024,Cash,Clothes,"-92,500",SYP,-6.29,USD,كفوف
10/10/2024,Cash,Communications,"-1,200",SYP,-0.081,USD,وحدات
11/10/2024,Cash,Deposits,"-14,000",SYP,-0.952,USD,
11/10/2024,Cash,Bills,"-6,000",SYP,-0.408,USD,
11/10/2024,Cash,Entertainment,"-20,000",SYP,-1.36,USD,سواح
11/10/2024,Cash,House,"-100,000",SYP,-6.8,USD,
12/10/2024,USD,To 'Cash',-100,USD,-100,USD,
12/10/2024,Cash,From 'USD',"1,480,000",SYP,100,USD,
13/10/2024,Cash,Sports,"-20,000",SYP,-1.36,USD,
14/10/2024,Cash,Entertainment,"-20,000",SYP,-1.36,USD,سواح
14/10/2024,Cash,Taxi,"-40,000",SYP,-2.72,USD,
14/10/2024,Cash,Sports,"-275,000",SYP,-18.7,USD,جيم
14/10/2024,Cash,Toiletry,"-5,000",SYP,-0.34,USD,شامبو
15/10/2024,Cash,Entertainment,"-20,000",SYP,-1.36,USD,سواح
15/10/2024,Cash,Eating out,"-53,000",SYP,-3.604,USD,كريسبي
16/10/2024,Cash,Car,"-100,000",SYP,-6.8,USD,
17/10/2024,Cash,Eating out,"-60,000",SYP,-4.08,USD,كريسبي
17/10/2024,Cash,Entertainment,"-20,000",SYP,-1.36,USD,سواح
17/10/2024,Cash,Communications,"-48,000",SYP,-3.264,USD,وحدات
18/10/2024,Cash,Deposits,"-14,000",SYP,-0.952,USD,
18/10/2024,Cash,Bills,"-5,000",SYP,-0.34,USD,
18/10/2024,Cash,Babies,"-10,000",SYP,-0.68,USD,
20/10/2024,Cash,Sports,"-20,000",SYP,-1.36,USD,
22/10/2024,Cash,Entertainment,"-20,000",SYP,-1.36,USD,سواح
22/10/2024,Cash,Eating out,"-70,000",SYP,-4.76,USD,فرانشيسكو
23/10/2024,Cash,Entertainment,"-30,000",SYP,-2.04,USD,سواح
23/10/2024,Cash,Eating out,"-45,000",SYP,-3.06,USD,فرانشيسكو
24/10/2024,Cash,Eating out,"-100,000",SYP,-6.8,USD,شاورما
24/10/2024,Cash,Entertainment,"-23,000",SYP,-1.564,USD,سواح
24/10/2024,Cash,Sports,"-30,000",SYP,-2.04,USD,
25/10/2024,Cash,Bills,"-5,000",SYP,-0.34,USD,
25/10/2024,Cash,Babies,"-17,000",SYP,-1.156,USD,
25/10/2024,Cash,Deposits,"-14,000",SYP,-0.952,USD,
25/10/2024,Cash,Clothes,"-60,000",SYP,-4.08,USD,بنطلون
25/10/2024,Cash,Toiletry,"-60,000",SYP,-4.08,USD,عطر
25/10/2024,Cash,House,"-1,000,000",SYP,-68,USD,
26/10/2024,Cash,Eating out,"-35,000",SYP,-2.38,USD,بيتزا
26/10/2024,Cash,Entertainment,"-20,000",SYP,-1.36,USD,سواح
27/10/2024,Cash,Sports,"-20,000",SYP,-1.36,USD,
29/10/2024,Cash,Eating out,"-45,000",SYP,-3.06,USD,فرانشيسكو
29/10/2024,Cash,Entertainment,"-20,000",SYP,-1.36,USD,سواح
31/10/2024,Cash,Shaving,"-25,000",SYP,-1.7,USD,
31/10/2024,Cash,Clothes,"-30,000",SYP,-2.04,USD,مصبغة
01/11/2024,Cash,Communications,"-4,200",SYP,-0.285,USD,وحدات
01/11/2024,Cash,House,"-200,000",SYP,-13.6,USD,نورا
01/11/2024,USD,House,-200,USD,-200,USD,
01/11/2024,Cash,Bills,"-5,000",SYP,-0.34,USD,
01/11/2024,Cash,Deposits,"-14,000",SYP,-0.952,USD,
01/11/2024,Cash,Car,"-100,000",SYP,-6.8,USD,
01/11/2024,USD,To 'Cash',-200,USD,-200,USD,
01/11/2024,Cash,From 'USD',"2,980,000",SYP,200,USD,
01/11/2024,Cash,Communications,"-6,000",SYP,-0.408,USD,انترنت
01/11/2024,Cash,Communications,"-70,000",SYP,-4.76,USD,انترنت
02/11/2024,Cash,Entertainment,"-20,000",SYP,-1.36,USD,سواح
03/11/2024,Cash,Sports,"-20,000",SYP,-1.36,USD,
04/11/2024,Cash,Eating out,"-40,000",SYP,-2.72,USD,شاورما
04/11/2024,Cash,Entertainment,"-10,000",SYP,-0.68,USD,سواح
06/11/2024,Cash,Eating out,"-40,000",SYP,-2.72,USD,كريسبي
06/11/2024,Cash,Entertainment,"-30,000",SYP,-2.04,USD,سواح
06/11/2024,Cash,Transport,"-15,000",SYP,-1.02,USD,
06/11/2024,Cash,Entertainment,"-25,000",SYP,-1.7,USD,عدرا
07/11/2024,Cash,Eating out,"-45,000",SYP,-3.06,USD,صفيحة
07/11/2024,Cash,Entertainment,"-30,000",SYP,-2.04,USD,سواح
07/11/2024,Cash,House,"-269,500",SYP,-18.326,USD,مول
07/11/2024,USD,Salary,"3,200",USD,"3,200",USD,
07/11/2024,USD,Bills,-100,USD,-100,USD,تحويل
08/11/2024,Cash,Bills,"-5,000",SYP,-0.34,USD,
08/11/2024,Cash,Entertainment,"-10,000",SYP,-0.68,USD,سواح
09/11/2024,Cash,Entertainment,"-32,000",SYP,-2.176,USD,قهوة
09/11/2024,Cash,Entertainment,"-20,000",SYP,-1.36,USD,سواح
10/11/2024,Cash,Sports,"-25,000",SYP,-1.7,USD,
12/11/2024,Cash,Communications,"-54,000",SYP,-3.672,USD,وحدات
14/11/2024,Cash,Eating out,"-45,000",SYP,-3.06,USD,حواضر
14/11/2024,Cash,Entertainment,"-30,000",SYP,-2.04,USD,سواح
14/11/2024,Cash,Entertainment,"-25,000",SYP,-1.7,USD,جوز هند
15/11/2024,Cash,Deposits,"-14,000",SYP,-0.952,USD,
15/11/2024,Cash,Bills,"-5,000",SYP,-0.34,USD,
15/11/2024,Cash,Babies,"-15,000",SYP,-1.02,USD,
15/11/2024,Cash,Mobile,"-20,000",SYP,-1.36,USD,لزقة
16/11/2024,Cash,Communications,"-78,000",SYP,-5.304,USD,وحدات
17/11/2024,Cash,Sports,"-25,000",SYP,-1.7,USD,
17/11/2024,Cash,House,"-300,000",SYP,-20.4,USD,خزان
18/11/2024,Cash,Eating out,"-15,000",SYP,-1.02,USD,بطاطا
18/11/2024,Cash,Entertainment,"-20,000",SYP,-1.36,USD,سواح
18/11/2024,Cash,Sports,"-350,000",SYP,-23.8,USD,نادي
19/11/2024,Cash,Deposits,"-75,000",SYP,-5.1,USD,جديدة
20/11/2024,Cash,Deposits,"-75,000",SYP,-5.1,USD,
20/11/2024,Cash,Communications,"-1,200",SYP,-0.081,USD,وحدات
21/11/2024,Cash,Deposits,"-75,000",SYP,-5.1,USD,
21/11/2024,Cash,Sports,"-86,000",SYP,-5.848,USD,
21/11/2024,Cash,Eating out,"-50,000",SYP,-3.4,USD,كريسبي
21/11/2024,Cash,Entertainment,"-35,000",SYP,-2.38,USD,سواح
22/11/2024,Cash,Deposits,"-75,000",SYP,-5.1,USD,
22/11/2024,Cash,Deposits,"-14,000",SYP,-0.952,USD,
22/11/2024,Cash,Bills,"-5,000",SYP,-0.34,USD,
22/11/2024,USD,To 'Cash',-200,USD,-200,USD,
22/11/2024,Cash,From 'USD',"3,000,000",SYP,200,USD,
23/11/2024,Cash,Deposits,"-75,000",SYP,-5.1,USD,
24/11/2024,Cash,Deposits,"-75,000",SYP,-5.1,USD,
24/11/2024,Cash,Sports,"-25,000",SYP,-1.7,USD,
24/11/2024,Cash,Communications,"-74,000",SYP,-5.032,USD,وحدات
25/11/2024,Cash,Deposits,"-75,000",SYP,-5.1,USD,
25/11/2024,Cash,Bills,"-150,000",SYP,-10.2,USD,محمد
25/11/2024,Cash,House,"-116,000",SYP,-7.888,USD,بواري
26/11/2024,Cash,Deposits,"-75,000",SYP,-5.1,USD,
26/11/2024,Cash,Eating out,"-65,000",SYP,-4.42,USD,فرانشيسكو
26/11/2024,Cash,Entertainment,"-20,000",SYP,-1.36,USD,سواح
27/11/2024,Cash,Deposits,"-75,000",SYP,-5.1,USD,
28/11/2024,Cash,Deposits,"-75,000",SYP,-5.1,USD,
28/11/2024,Cash,Sports,"-23,000",SYP,-1.564,USD,
28/11/2024,Cash,Communications,"-2,200",SYP,-0.149,USD,وحدات
28/11/2024,Cash,Eating out,"-50,000",SYP,-3.4,USD,شاورما
28/11/2024,Cash,Entertainment,"-30,000",SYP,-2.04,USD,سواح
29/11/2024,Cash,Deposits,"-14,000",SYP,-0.952,USD,
29/11/2024,Cash,Bills,"-5,000",SYP,-0.34,USD,
29/11/2024,Cash,House,"-462,000",SYP,-31.416,USD,بنزين
29/11/2024,Cash,Deposits,"-75,000",SYP,-5.1,USD,
29/11/2024,Cash,Entertainment,"-229,500",SYP,-15.606,USD,شوكولا
30/11/2024,Cash,Deposits,"-75,000",SYP,-5.1,USD,
01/12/2024,USD,Investment,-250,USD,-250,USD,ستيك
01/12/2024,Cash,Sports,"-25,000",SYP,-1.7,USD,
01/12/2024,Cash,Deposits,"-75,000",SYP,-5.1,USD,
02/12/2024,Cash,Deposits,"-75,000",SYP,-5.1,USD,
02/12/2024,USD,To 'Cash',-200,USD,-200,USD,
02/12/2024,Cash,From 'USD',"3,000,000",SYP,200,USD,
03/12/2024,Cash,Deposits,"-75,000",SYP,-4.725,USD,
03/12/2024,Cash,Bills,"-1,300,000",SYP,-81.9,USD,طلاق
03/12/2024,Cash,Communications,"-75,000",SYP,-4.725,USD,انترنت
03/12/2024,Cash,Communications,"-10,000",SYP,-0.63,USD,ارضي
04/12/2024,Cash,Deposits,"-75,000",SYP,-4.275,USD,
05/12/2024,Cash,Deposits,"-75,000",SYP,-3.975,USD,
05/12/2024,Cash,Real estate,"-55,000",SYP,-2.915,USD,رسوم
05/12/2024,Cash,Entertainment,"-30,000",SYP,-1.59,USD,سواح
05/12/2024,Cash,Eating out,"-40,000",SYP,-2.12,USD,شاورما
05/12/2024,Cash,Rent,"1,000,000",SYP,53,USD,
05/12/2024,Cash,House,"-100,000",SYP,-5.3,USD,حلويات
06/12/2024,Cash,Deposits,"-75,000",SYP,-3.975,USD,
06/12/2024,Cash,Deposits,"-14,000",SYP,-0.742,USD,
07/12/2024,Cash,Deposits,"-75,000",SYP,-3.975,USD,
08/12/2024,Cash,Deposits,"-75,000",SYP,-3.975,USD,
09/12/2024,Cash,Deposits,"-75,000",SYP,-3.975,USD,
09/12/2024,Cash,Entertainment,"-20,000",SYP,-1.06,USD,سواح
10/12/2024,Cash,Deposits,"-75,000",SYP,-4.875,USD,
10/12/2024,Cash,Entertainment,"-20,000",SYP,-1.3,USD,سواح
10/12/2024,USD,To 'Cash',-200,USD,-200,USD,
10/12/2024,Cash,From 'USD',"3,000,000",SYP,200,USD,
11/12/2024,Cash,Deposits,"-75,000",SYP,-4.875,USD,
12/12/2024,Cash,Deposits,"-75,000",SYP,-5.025,USD,
12/12/2024,Cash,Eating out,"-51,000",SYP,-3.417,USD,شاورما
12/12/2024,Cash,Sports,"-23,000",SYP,-1.541,USD,
12/12/2024,Cash,Entertainment,"-20,000",SYP,-1.34,USD,سواح
13/12/2024,Cash,Deposits,"-75,000",SYP,-5.025,USD,
13/12/2024,Cash,Eating out,"-77,000",SYP,-5.159,USD,فرانشيسكو
13/12/2024,Cash,House,"-200,000",SYP,-13.4,USD,نورا
14/12/2024,Cash,Deposits,"-75,000",SYP,-6.225,USD,
15/12/2024,Cash,Deposits,"-75,000",SYP,-6,USD,
15/12/2024,Cash,Sports,"-35,000",SYP,-2.8,USD,
15/12/2024,Cash,Shaving,"-25,000",SYP,-2,USD,
15/12/2024,Cash,Communications,"-12,000",SYP,-0.96,USD,وحدات
15/12/2024,USD,House,-200,USD,-200,USD,
15/12/2024,USD,Electronics,-13,USD,-13,USD,فيفا
16/12/2024,Cash,Health,"-10,000",SYP,-0.67,USD,مشد
16/12/2024,Cash,House,"-44,000",SYP,-2.948,USD,فطاير
16/12/2024,Cash,House,"-200,000",SYP,-13.4,USD,
16/12/2024,Cash,Communications,"-1,200",SYP,-0.08,USD,وحدات
16/12/2024,Cash,Deposits,"-75,000",SYP,-5.025,USD,
17/12/2024,Cash,Eating out,"-15,000",SYP,-0.945,USD,كريب
17/12/2024,Cash,Deposits,"-75,000",SYP,-4.725,USD,
17/12/2024,Cash,Entertainment,"-20,000",SYP,-1.26,USD,سواح
18/12/2024,Cash,Deposits,"-75,000",SYP,-5.025,USD,
19/12/2024,Cash,Communications,"-78,000",SYP,-5.226,USD,كاش
19/12/2024,Cash,Eating out,"-54,000",SYP,-3.618,USD,حواضر
19/12/2024,Cash,Sports,"-23,000",SYP,-1.541,USD,
19/12/2024,Cash,Entertainment,"-20,000",SYP,-1.34,USD,سواح
19/12/2024,Cash,Deposits,"-75,000",SYP,-5.025,USD,
20/12/2024,Cash,Deposits,"-75,000",SYP,-5.025,USD,
20/12/2024,Cash,Bills,"-5,000",SYP,-0.335,USD,
20/12/2024,Cash,Eating out,"-165,000",SYP,-11.055,USD,شاورما
20/12/2024,Cash,Taxi,"-60,000",SYP,-4.02,USD,
20/12/2024,Cash,Eating out,"-35,000",SYP,-2.345,USD,فطاير
21/12/2024,Cash,Deposits,"-75,000",SYP,-5.025,USD,
22/12/2024,USD,Salary,"2,000",USD,"2,000",USD,
22/12/2024,USD,Bills,-55,USD,-55,USD,تحويل
22/12/2024,USD,To 'Cash',-245,USD,-245,USD,
22/12/2024,Cash,From 'USD',"3,552,500",SYP,245,USD,
23/12/2024,Cash,Deposits,"-75,000",SYP,-5.025,USD,
23/12/2024,Cash,Sports,"-25,000",SYP,-1.675,USD,
23/12/2024,Cash,Deposits,"-75,000",SYP,-5.025,USD,
24/12/2024,Cash,Deposits,"-75,000",SYP,-5.4,USD,
25/12/2024,Cash,Deposits,"-75,000",SYP,-5.85,USD,
25/12/2024,Cash,Communications,"-30,000",SYP,-2.34,USD,وحدات
26/12/2024,Cash,Deposits,"-75,000",SYP,-5.55,USD,
26/12/2024,Cash,Eating out,"-50,000",SYP,-3.7,USD,شاورما
26/12/2024,Cash,Entertainment,"-30,000",SYP,-2.22,USD,سواح
26/12/2024,Cash,House,"-312,500",SYP,-23.125,USD,مازوت
27/12/2024,Cash,Bills,"-5,000",SYP,-0.37,USD,
27/12/2024,Cash,Deposits,"-75,000",SYP,-5.55,USD,
28/12/2024,Cash,Deposits,"-75,000",SYP,-5.55,USD,
28/12/2024,Cash,Eating out,"-178,000",SYP,-13.172,USD,حلويات
29/12/2024,Cash,Deposits,"-75,000",SYP,-5.55,USD,
29/12/2024,Cash,Sports,"-25,000",SYP,-1.85,USD,
30/12/2024,Cash,Deposits,"-75,000",SYP,-5.55,USD,
30/12/2024,USD,To 'Cash',-100,USD,-100,USD,
30/12/2024,Cash,From 'USD',"1,350,000",SYP,100,USD,
30/12/2024,Cash,House,"-395,000",SYP,-29.23,USD,مازوت
30/12/2024,Cash,House,"-1,000,000",SYP,-74,USD,متفرقات
31/12/2024,Cash,Communications,"-70,000",SYP,-5.18,USD,انترنت
31/12/2024,Cash,Deposits,"-75,000",SYP,-5.55,USD,
01/01/2025,Cash,Deposits,"-75,000",SYP,-5.55,USD,
02/01/2025,Cash,Deposits,"-75,000",SYP,-5.55,USD,
02/01/2025,Cash,Eating out,"-47,000",SYP,-3.478,USD,شاورما
02/01/2025,Cash,Sports,"-23,000",SYP,-1.702,USD,
02/01/2025,Cash,Entertainment,"-30,000",SYP,-2.22,USD,سواح
03/01/2025,Cash,Deposits,"-75,000",SYP,-5.55,USD,
03/01/2025,Cash,Bills,"-5,000",SYP,-0.37,USD,
03/01/2025,Cash,House,"-200,000",SYP,-14.8,USD,مول
04/01/2025,Cash,Deposits,"-75,000",SYP,-5.775,USD,
05/01/2025,Cash,Deposits,"-75,000",SYP,-5.775,USD,
05/01/2025,Cash,Sports,"-25,000",SYP,-1.925,USD,
05/01/2025,Cash,House,"-350,000",SYP,-26.95,USD,مازوت
06/01/2025,Cash,Communications,"-1,800",SYP,-0.138,USD,وحدات
06/01/2025,Cash,Deposits,"-75,000",SYP,-5.775,USD,
06/01/2025,Cash,Entertainment,"-30,000",SYP,-2.31,USD,سواح
07/01/2025,Cash,Deposits,"-75,000",SYP,-6.375,USD,
08/01/2025,Cash,Deposits,"-75,000",SYP,-6.375,USD,
09/01/2025,Cash,Deposits,"-75,000",SYP,-6.675,USD,
09/01/2025,Cash,Eating out,"-40,000",SYP,-3.56,USD,شاورما
09/01/2025,Cash,Entertainment,"-30,000",SYP,-2.67,USD,سواح
10/01/2025,Cash,Entertainment,"-30,000",SYP,-2.67,USD,سواح
10/01/2025,Cash,Eating out,"-40,000",SYP,-3.56,USD,فرانشيسكو
10/01/2025,Cash,Bills,"-5,000",SYP,-0.445,USD,
10/01/2025,Cash,Deposits,"-75,000",SYP,-6.675,USD,
11/01/2025,Cash,Deposits,"-75,000",SYP,-6.675,USD,
11/01/2025,Cash,Communications,"-1,200",SYP,-0.106,USD,وحدات
12/01/2025,Cash,House,"-200,000",SYP,-17.8,USD,نورا
12/01/2025,USD,House,-200,USD,-200,USD,
12/01/2025,Cash,Deposits,"4,800,000",SYP,427.2,USD,
12/01/2025,Cash,Bills,"-50,000",SYP,-4.45,USD,
12/01/2025,Cash,Bills,"-7,000",SYP,-0.623,USD,
12/01/2025,Cash,House,"-300,000",SYP,-26.7,USD,نورا
12/01/2025,Cash,House,"-350,000",SYP,-31.15,USD,مازوت
12/01/2025,Cash,Transport,"-21,000",SYP,-1.869,USD,
13/01/2025,Cash,Deposits,"-75,000",SYP,-6.075,USD,
13/01/2025,Cash,Taxi,"-30,000",SYP,-2.43,USD,
13/01/2025,Cash,Entertainment,"-60,000",SYP,-4.86,USD,احلى لمة
13/01/2025,Cash,Debt,"-23,000",SYP,-1.863,USD,منتجب
14/01/2025,Cash,Deposits,"-75,000",SYP,-6.375,USD,
15/01/2025,Cash,Deposits,"-75,000",SYP,-6.375,USD,
15/01/2025,Cash,Entertainment,"-30,000",SYP,-2.55,USD,سواح
15/01/2025,USD,Bills,-200,USD,-200,USD,رمضان
16/01/2025,Cash,Deposits,"-75,000",SYP,-6.375,USD,
16/01/2025,Cash,Entertainment,"-40,000",SYP,-3.4,USD,سواح
16/01/2025,Cash,Eating out,"-55,000",SYP,-4.675,USD,صفيحة
16/01/2025,Cash,Sports,"-25,000",SYP,-2.125,USD,
17/01/2025,Cash,Bills,"-5,000",SYP,-0.425,USD,
18/01/2025,Cash,Deposits,"-75,000",SYP,-6.375,USD,
18/01/2025,Cash,House,"-30,000",SYP,-2.55,USD,فواكه
19/01/2025,Cash,Deposits,"-75,000",SYP,-6.375,USD,
20/01/2025,Cash,Deposits,"-75,000",SYP,-6.375,USD,
20/01/2025,Cash,Deposits,"-75,000",SYP,-6.375,USD,
20/01/2025,Cash,Entertainment,"-30,000",SYP,-2.55,USD,سواح
22/01/2025,Cash,House,"-337,500",SYP,-28.687,USD,مازوت
23/01/2025,Cash,Eating out,"-55,000",SYP,-4.675,USD,مندي
23/01/2025,Cash,Entertainment,"-45,000",SYP,-3.825,USD,سواح
24/01/2025,Cash,Bills,"-5,000",SYP,-0.425,USD,
24/01/2025,Cash,Eating out,"-360,000",SYP,-30.6,USD,كريسبي
25/01/2025,Cash,Communications,"-36,000",SYP,-3.06,USD,وحدات
25/01/2025,Cash,Communications,"-10,000",SYP,-0.85,USD,كهربا
26/01/2025,Cash,Communications,"-30,000",SYP,-2.55,USD,وحدات
28/01/2025,Cash,Entertainment,"-15,000",SYP,-1.275,USD,سواح
29/01/2025,Cash,Eating out,"-100,000",SYP,-8.5,USD,حلويات
30/01/2025,Cash,House,"-130,000",SYP,-11.05,USD,مازوت
30/01/2025,Cash,Eating out,"-85,000",SYP,-7.225,USD,كريسبي
30/01/2025,Cash,Entertainment,"-30,000",SYP,-2.55,USD,سواح
30/01/2025,Cash,Bills,"-15,000",SYP,-1.275,USD,
31/01/2025,Cash,Bills,"-5,000",SYP,-0.5,USD,
31/01/2025,Cash,Shaving,"-25,000",SYP,-2.5,USD,
01/02/2025,USD,House,-200,USD,-200,USD,
01/02/2025,USD,Bills,-700,USD,-700,USD,زكاة
02/02/2025,Cash,Communications,"-9,000",SYP,-0.972,USD,ارضي
02/02/2025,Cash,Communications,"-70,000",SYP,-7.56,USD,انترنت
02/02/2025,USD,House,-20,USD,-20,USD,مازوت
03/02/2025,Cash,Eating out,"-40,000",SYP,-4.32,USD,شاورما
05/02/2025,Cash,Entertainment,"-30,000",SYP,-3.18,USD,سواح
06/02/2025,USD,House,-50,USD,-50,USD,نورا
06/02/2025,Cash,House,"-46,000",SYP,-4.876,USD,فطاير
06/02/2025,Cash,Entertainment,"-30,000",SYP,-3.18,USD,سواح
06/02/2025,Cash,Eating out,"-43,000",SYP,-4.558,USD,شاورما
06/02/2025,Cash,Sports,"-46,000",SYP,-4.876,USD,
07/02/2025,Cash,Bills,"-5,000",SYP,-0.53,USD,
08/02/2025,Cash,Entertainment,"-50,000",SYP,-4.75,USD,حلويات
08/02/2025,USD,Salary,"2,000",USD,"2,000",USD,
08/02/2025,USD,Bills,-55,USD,-55,USD,تحويل
08/02/2025,USD,House,-20,USD,-20,USD,مازوت
09/02/2025,Cash,Entertainment,"-14,000",SYP,-1.33,USD,سواح
09/02/2025,Cash,Transport,"-6,000",SYP,-0.57,USD,
11/02/2025,Cash,Entertainment,"-30,000",SYP,-2.85,USD,سواح
11/02/2025,Cash,House,"-40,000",SYP,-3.8,USD,دفاية
11/02/2025,Cash,Babies,"-135,000",SYP,-12.825,USD,
13/02/2025,Cash,Sports,"-54,000",SYP,-5.4,USD,
13/02/2025,Cash,Eating out,"-25,000",SYP,-2.5,USD,حلويات
13/02/2025,Cash,House,"-50,000",SYP,-5,USD,شاورما
13/02/2025,Cash,Clothes,"-125,000",SYP,-12.5,USD,بوط
13/02/2025,Cash,Clothes,"-55,000",SYP,-5.5,USD,شنتاية
13/02/2025,Cash,House,"-200,000",SYP,-20,USD,متفرقات
14/02/2025,Cash,Bills,"-5,000",SYP,-0.5,USD,
14/02/2025,USD,To 'Cash',-100,USD,-100,USD,
14/02/2025,Cash,From 'USD',"990,000",SYP,100,USD,
15/02/2025,Cash,Entertainment,"-30,000",SYP,-2.64,USD,سواح
16/02/2025,Cash,House,"-20,000",SYP,-1.86,USD,دفاية
16/02/2025,Cash,Entertainment,"-15,000",SYP,-1.395,USD,سواح
16/02/2025,USD,House,-20,USD,-20,USD,مازوت
16/02/2025,USD,To 'Cash',-5,USD,-5,USD,
16/02/2025,Cash,From 'USD',"50,000",SYP,5,USD,
18/02/2025,Cash,Entertainment,"-30,000",SYP,-2.79,USD,سواح
20/02/2025,Cash,Entertainment,"-50,000",SYP,-4.9,USD,شاورما
20/02/2025,Cash,Sports,"-25,000",SYP,-2.45,USD,
20/02/2025,Cash,Entertainment,"-30,000",SYP,-2.94,USD,سواح
21/02/2025,Cash,Bills,"-5,000",SYP,-0.49,USD,
21/02/2025,Cash,House,"-126,000",SYP,-12.348,USD,
22/02/2025,Cash,Electronics,"-20,000",SYP,-1.96,USD,وصلة
22/02/2025,Cash,Communications,"-69,000",SYP,-6.762,USD,وحدات
23/02/2025,USD,House,-20,USD,-20,USD,مازوت
23/02/2025,USD,Salary,"2,000",USD,"2,000",USD,
23/02/2025,USD,Bills,-50,USD,-50,USD,تحويل
23/02/2025,USD,To 'Cash',-100,USD,-100,USD,
23/02/2025,Cash,From 'USD',"950,000",SYP,100,USD,
24/02/2025,Cash,Bills,"-10,500",SYP,-1.05,USD,محمد
25/02/2025,Cash,Entertainment,"-30,000",SYP,-3,USD,سواح
27/02/2025,Cash,Eating out,"-90,000",SYP,-9,USD,مندي
27/02/2025,Cash,Entertainment,"-60,000",SYP,-6,USD,سواح
28/02/2025,Cash,Bills,"-5,000",SYP,-0.5,USD,
02/03/2025,Cash,Sports,"-25,000",SYP,-2.5,USD,
02/03/2025,Cash,House,"-209,000",SYP,-20.9,USD,مازوت
03/03/2025,USD,House,-50,USD,-50,USD,نورا
03/03/2025,USD,House,-200,USD,-200,USD,
03/03/2025,Cash,Communications,"-70,000",SYP,-7,USD,انترنت
03/03/2025,Cash,Communications,"-1,200",SYP,-0.12,USD,وحدات
04/03/2025,Cash,Entertainment,"-20,000",SYP,-2,USD,ليدي
05/03/2025,Cash,House,"-130,000",SYP,-12.35,USD,متفرقات
06/03/2025,Cash,Entertainment,"-45,000",SYP,-4.275,USD,سواح
07/03/2025,Cash,House,"-210,000",SYP,-19.95,USD,مازوت
07/03/2025,Cash,House,"-100,000",SYP,-9.5,USD,متفرقات
09/03/2025,Cash,Sports,"-25,000",SYP,-2.25,USD,
11/03/2025,Cash,Entertainment,"-45,000",SYP,-4.5,USD,سواح
11/03/2025,Cash,House,"-100,000",SYP,-10,USD,متفرقات
13/03/2025,Cash,Entertainment,"-30,000",SYP,-3,USD,سواح
14/03/2025,Cash,Bills,"-5,000",SYP,-0.5,USD,
15/03/2025,Cash,To 'USD',"-150,000",SYP,-15,USD,
15/03/2025,USD,From 'Cash',15,USD,15,USD,
15/03/2025,Cash,Entertainment,"-30,000",SYP,-3,USD,سواح
16/03/2025,Cash,Sports,"-25,000",SYP,-2.5,USD,
17/03/2025,Cash,House,"-200,000",SYP,-20,USD,متفرقات
17/03/2025,USD,To 'Cash',-100,USD,-100,USD,
17/03/2025,Cash,From 'USD',"1,000,000",SYP,100,USD,
18/03/2025,Cash,Entertainment,"-30,000",SYP,-2.85,USD,سواح
18/03/2025,Cash,Communications,"-7,500",SYP,-0.712,USD,كهربا
19/03/2025,Cash,Bills,"-20,000",SYP,-1.9,USD,زكاة
20/03/2025,Cash,Entertainment,"-30,000",SYP,-2.85,USD,سواح
20/03/2025,Cash,Electronics,"-175,000",SYP,-16.625,USD,بطارية
20/03/2025,Cash,House,"-105,000",SYP,-9.975,USD,شاورما
21/03/2025,Cash,Eating out,"-38,000",SYP,-3.61,USD,معروك
21/03/2025,Cash,Bills,"-5,000",SYP,-0.475,USD,
21/03/2025,Cash,House,"-100,000",SYP,-9.5,USD,متفرقات
23/03/2025,Cash,Entertainment,"-30,000",SYP,-2.85,USD,سواح
24/03/2025,Cash,Sports,"-25,000",SYP,-2.375,USD,
24/03/2025,Cash,Shaving,"-25,000",SYP,-2.375,USD,
26/03/2025,Cash,Communications,"-70,000",SYP,-6.65,USD,انترنت
26/03/2025,Cash,Communications,"-48,000",SYP,-4.56,USD,وحدات
27/03/2025,Cash,Eating out,"-170,000",SYP,-16.15,USD,مشاوي
27/03/2025,Cash,Entertainment,"-45,000",SYP,-4.275,USD,سواح
28/03/2025,Cash,Bills,"-5,000",SYP,-0.475,USD,
28/03/2025,Cash,House,"-110,000",SYP,-10.45,USD,شاورما
29/03/2025,Cash,Entertainment,"-30,000",SYP,-2.85,USD,سواح
29/03/2025,Cash,House,"-245,000",SYP,-23.275,USD,ضيافة
29/03/2025,Cash,House,"-130,000",SYP,-12.35,USD,حلويات
29/03/2025,Cash,House,"-200,000",SYP,-19,USD,متفرقات
30/03/2025,USD,Salary,"2,000",USD,"2,000",USD,
30/03/2025,USD,Bills,-55,USD,-55,USD,تحويل
30/03/2025,USD,To 'Cash',-200,USD,-200,USD,
30/03/2025,Cash,From 'USD',"2,040,000",SYP,200,USD,
30/03/2025,Cash,Real estate,"-1,050,000",SYP,-99.75,USD,كهربا
30/03/2025,Cash,Real estate,"-300,000",SYP,-28.5,USD,صحية
30/03/2025,Cash,Real estate,"-170,000",SYP,-16.15,USD,صحية
30/03/2025,USD,Real estate,-100,USD,-100,USD,صحية
31/03/2025,Cash,Gifts,"100,000",SYP,9.5,USD,عبدو
31/03/2025,Cash,Gifts,"150,000",SYP,14.25,USD,ماما
31/03/2025,Cash,Babies,"-75,000",SYP,-7.125,USD,
31/03/2025,Cash,Bills,"-10,000",SYP,-0.95,USD,
01/04/2025,Cash,Gifts,"500,000",SYP,47.5,USD,ماما
02/04/2025,Cash,Entertainment,"-30,000",SYP,-2.85,USD,سواح
02/04/2025,Cash,Eating out,"-41,000",SYP,-3.895,USD,تشيلاكس
02/04/2025,USD,To 'Cash',-100,USD,-100,USD,
02/04/2025,Cash,From 'USD',"1,020,000",SYP,100,USD,
03/04/2025,Cash,Babies,"-11,000",SYP,-1.045,USD,
05/04/2025,USD,Salary,"2,000",USD,"2,000",USD,
05/04/2025,USD,Deposits,"6,000",USD,"6,000",USD,قرض
05/04/2025,USD,Bills,-25,USD,-25,USD,تحويل
05/04/2025,USD,Savings,"2,000",USD,"2,000",USD,اسهم
05/04/2025,USD,Rent,"5,500",USD,"5,500",USD,حصة بيت
05/04/2025,USD,Bills,-140,USD,-140,USD,تحويل
05/04/2025,Cash,Communications,"-1,800",SYP,-0.171,USD,وحدات
06/04/2025,Cash,Entertainment,"-15,000",SYP,-1.425,USD,سواح
06/04/2025,Cash,Sports,"-100,000",SYP,-9.5,USD,
06/04/2025,Cash,Real estate,"-100,000",SYP,-9.5,USD,رف للمطبخ
08/04/2025,USD,Real estate,"-30,000",USD,"-30,000",USD,
09/04/2025,Cash,Real estate,"-93,000",SYP,-8.37,USD,برادي
09/04/2025,Cash,Eating out,"-22,500",SYP,-2.025,USD,فطاير
09/04/2025,Cash,Real estate,"-37,500",SYP,-3.375,USD,كهربا
09/04/2025,Cash,Entertainment,"-15,000",SYP,-1.35,USD,سواح
09/04/2025,Cash,Real estate,"-10,000",SYP,-0.9,USD,مفاتيح
09/04/2025,Cash,Eating out,"-22,500",SYP,-2.025,USD,حلويات
09/04/2025,USD,To 'Cash',-100,USD,-100,USD,
09/04/2025,Cash,From 'USD',"1,055,000",SYP,100,USD,
10/04/2025,Cash,Communications,"-72,000",SYP,-6.48,USD,وحدات
10/04/2025,Cash,Real estate,"-124,000",SYP,-11.16,USD,عصرونية
10/04/2025,Cash,Real estate,"-35,000",SYP,-3.15,USD,كهربا
10/04/2025,Cash,Eating out,"-55,000",SYP,-4.95,USD,شاورما
10/04/2025,Cash,Entertainment,"-25,000",SYP,-2.25,USD,سواح
10/04/2025,Cash,Sports,"-27,000",SYP,-2.43,USD,
11/04/2025,Cash,Real estate,"-40,000",SYP,-3.6,USD,منظفات
11/04/2025,Cash,Real estate,"-70,000",SYP,-6.3,USD,عصرونية
11/04/2025,Cash,Transport,"-30,000",SYP,-2.7,USD,
11/04/2025,Cash,House,"-7,000",SYP,-0.63,USD,كلور
11/04/2025,Cash,Entertainment,"-25,000",SYP,-2.25,USD,سواح
11/04/2025,Cash,Bills,"-5,000",SYP,-0.45,USD,
13/04/2025,Cash,Entertainment,"-10,000",SYP,-0.9,USD,سواح
14/04/2025,Cash,Bills,"-2,000",SYP,-0.18,USD,
14/04/2025,Cash,House,"-20,000",SYP,-1.8,USD,منظفات
14/04/2025,Cash,Sports,"-15,000",SYP,-1.35,USD,
14/04/2025,Cash,Taxi,"-45,000",SYP,-4.05,USD,
15/04/2025,Cash,Communications,"-6,600",SYP,-0.594,USD,وحدات
15/04/2025,Cash,Entertainment,"-40,000",SYP,-3.6,USD,ورد
17/04/2025,Cash,Eating out,"-132,000",SYP,-11.88,USD,شاورما
17/04/2025,Cash,Entertainment,"-85,000",SYP,-7.65,USD,ورد
17/04/2025,Cash,Real estate,"-125,000",SYP,-11.25,USD,المنيوم
17/04/2025,Cash,Real estate,"-1,471,500",SYP,-132.435,USD,كنادر
17/04/2025,Cash,Real estate,"-475,000",SYP,-42.75,USD,عمال
17/04/2025,Cash,Real estate,"-600,000",SYP,-54,USD,توصيل
17/04/2025,Cash,House,"-130,000",SYP,-11.7,USD,فطاير
17/04/2025,USD,To 'Cash',-100,USD,-100,USD,
17/04/2025,USD,To 'Cash',-100,USD,-100,USD,
17/04/2025,Cash,From 'USD',"1,100,000",SYP,100,USD,
17/04/2025,Cash,From 'USD',"1,100,000",SYP,100,USD,
18/04/2025,Cash,Bills,"-5,000",SYP,-0.45,USD,
18/04/2025,Cash,Entertainment,"-20,000",SYP,-1.8,USD,ورد
19/04/2025,Cash,Taxi,"-45,000",SYP,-4.05,USD,
19/04/2025,Cash,Real estate,"-50,000",SYP,-4.5,USD,نجار
19/04/2025,Cash,Real estate,"-150,000",SYP,-13.5,USD,مغسل
19/04/2025,Cash,Real estate,"-15,000",SYP,-1.35,USD,صحية
19/04/2025,Cash,Transport,"-6,000",SYP,-0.54,USD,
20/04/2025,Cash,Sports,"-30,000",SYP,-2.7,USD,
20/04/2025,Cash,House,"-9,000",SYP,-0.81,USD,خبز
22/04/2025,Cash,Taxi,"-50,000",SYP,-4.5,USD,
22/04/2025,Cash,House,"-34,000",SYP,-3.06,USD,كعك
22/04/2025,Cash,Real estate,"-875,000",SYP,-78.75,USD,انترنت
22/04/2025,USD,To 'Cash',-200,USD,-200,USD,
22/04/2025,Cash,From 'USD',"2,240,000",SYP,200,USD,
23/04/2025,Cash,Entertainment,"-10,000",SYP,-0.9,USD,سواح
24/04/2025,Cash,Transport,"-14,000",SYP,-1.26,USD,
24/04/2025,Cash,Real estate,"-50,000",SYP,-4.5,USD,نجار
24/04/2025,Cash,House,"-27,000",SYP,-2.43,USD,خبز
24/04/2025,Cash,House,"-40,000",SYP,-3.6,USD,هريسة
25/04/2025,Cash,Sports,"-30,000",SYP,-2.7,USD,
25/04/2025,Cash,Eating out,"-75,000",SYP,-6.75,USD,ماليبو
25/04/2025,Cash,Entertainment,"-35,000",SYP,-3.15,USD,سواح
25/04/2025,Cash,Communications,"-69,000",SYP,-6.21,USD,وحدات
25/04/2025,Cash,Communications,"-10,000",SYP,-0.9,USD,ارضي
26/04/2025,Cash,Bills,"-10,000",SYP,-0.87,USD,
26/04/2025,Cash,Real estate,"-350,000",SYP,-30.45,USD,عصرونية
27/04/2025,Cash,Eating out,"-55,000",SYP,-4.785,USD,شاورما
27/04/2025,Cash,Entertainment,"-30,000",SYP,-2.61,USD,سواح
28/04/2025,Cash,Real estate,"-104,000",SYP,-9.048,USD,كهربا
28/04/2025,Cash,Real estate,"-116,000",SYP,-10.092,USD,عصرونية
28/04/2025,Cash,House,"-28,000",SYP,-2.436,USD,تفاح
28/04/2025,USD,To 'Cash',-100,USD,-100,USD,
28/04/2025,Cash,From 'USD',"1,150,000",SYP,100,USD,
29/04/2025,Cash,House,"-100,000",SYP,-8.7,USD,شاورما
29/04/2025,Cash,Real estate,"-42,000",SYP,-3.654,USD,عصرونية
29/04/2025,Cash,House,"-22,000",SYP,-1.914,USD,فول
29/04/2025,USD,To 'Cash',-100,USD,-100,USD,
29/04/2025,Cash,From 'USD',"1,150,000",SYP,100,USD,
29/04/2025,Cash,Car,"-100,000",SYP,-8.7,USD,بنزين
30/04/2025,Cash,House,"-317,000",SYP,-27.579,USD,متفرقات
01/05/2025,Cash,Electronics,"-30,000",SYP,-2.49,USD,وصلة
01/05/2025,Cash,Eating out,"-75,000",SYP,-6.225,USD,فرانشيسكو
01/05/2025,Cash,Sports,"-27,000",SYP,-2.241,USD,
01/05/2025,Cash,Eating out,"-29,000",SYP,-2.407,USD,شاورما
01/05/2025,Cash,Entertainment,"-30,000",SYP,-2.49,USD,سواح
02/05/2025,Cash,House,"-9,000",SYP,-0.747,USD,
03/05/2025,Cash,House,"-500,000",SYP,-41.5,USD,متفرقات
03/05/2025,USD,To 'Cash',-500,USD,-500,USD,
03/05/2025,Cash,From 'USD',"5,950,000",SYP,500,USD,
04/05/2025,Cash,Sports,"-35,000",SYP,-2.905,USD,
04/05/2025,Cash,Entertainment,"-50,000",SYP,-4.15,USD,عصير
04/05/2025,Cash,Eating out,"-12,000",SYP,-0.996,USD,فطاير
04/05/2025,Cash,Entertainment,"-10,000",SYP,-0.83,USD,سواح
04/05/2025,Cash,Real estate,"-6,000,000",SYP,-498,USD,غرفة نوم
04/05/2025,Cash,Real estate,"-210,000",SYP,-17.43,USD,طاقة
04/05/2025,USD,Real estate,"-1,200",USD,"-1,200",USD,طاقة
05/05/2025,Cash,House,"-160,000",SYP,-13.28,USD,شاورما
05/05/2025,Cash,House,"-19,000",SYP,-1.577,USD,لبن
05/05/2025,Cash,House,"-50,000",SYP,-4.15,USD,حلويات
05/05/2025,Cash,House,"-400,000",SYP,-33.2,USD,متفرقات
05/05/2025,Cash,Real estate,"-30,000",SYP,-2.49,USD,مفاتيح
05/05/2025,Cash,Sports,"-25,000",SYP,-2.075,USD,
06/05/2025,Cash,Entertainment,"-25,000",SYP,-2.075,USD,سواح
07/05/2025,Cash,House,"-165,000",SYP,-13.695,USD,غاز
07/05/2025,USD,Real estate,"-5,000",USD,"-5,000",USD,
07/05/2025,USD,Bills,-125,USD,-125,USD,محامي
07/05/2025,Cash,Bills,"-1,500,000",SYP,-124.5,USD,محامي
08/05/2025,Cash,Eating out,"-40,000",SYP,-3.32,USD,شاورما
08/05/2025,Cash,Sports,"-25,000",SYP,-2.075,USD,
08/05/2025,Cash,Entertainment,"-20,000",SYP,-1.66,USD,سواح
09/05/2025,Cash,House,"-350,000",SYP,-29.05,USD,متفرقات
09/05/2025,Cash,Bills,"-5,000",SYP,-0.415,USD,
09/05/2025,Cash,Taxi,"-205,000",SYP,-17.015,USD,
09/05/2025,Cash,Bills,"-300,000",SYP,-24.9,USD,عمار
09/05/2025,Cash,Communications,"-24,000",SYP,-1.992,USD,وحدات
11/05/2025,USD,Salary,"2,000",USD,"2,000",USD,
11/05/2025,USD,Bills,-45,USD,-45,USD,تحويل
12/05/2025,Cash,House,"-150,000",SYP,-13.95,USD,متفرقات
12/05/2025,Cash,Sports,"-30,000",SYP,-2.79,USD,
12/05/2025,Cash,Eating out,"-65,000",SYP,-6.045,USD,وايت تشكن
12/05/2025,Cash,Entertainment,"-30,000",SYP,-2.79,USD,سواح
13/05/2025,Cash,House,"-70,000",SYP,-7.84,USD,متفرقات
13/05/2025,USD,To 'Cash',-300,USD,-300,USD,
13/05/2025,Cash,From 'USD',"3,360,000",SYP,300,USD,
13/05/2025,Cash,House,"-175,000",SYP,-19.6,USD,غاز
13/05/2025,Cash,House,"-96,000",SYP,-10.752,USD,فواكه
13/05/2025,Cash,House,"-35,000",SYP,-3.92,USD,منظفات
13/05/2025,Cash,House,"-12,000",SYP,-1.344,USD,لبنة
13/05/2025,Cash,House,"-70,000",SYP,-7.84,USD,موالح
14/05/2025,Cash,House,"-42,000",SYP,-4.452,USD,تفاح
14/05/2025,Cash,House,"-5,000",SYP,-0.53,USD,لبن
14/05/2025,Cash,House,"-3,000",SYP,-0.318,USD,مي
14/05/2025,Cash,Bills,"-57,500",SYP,-6.095,USD,وكالة
15/05/2025,Cash,House,"-800,000",SYP,-79.2,USD,متفرقات
15/05/2025,Cash,Entertainment,"-20,000",SYP,-1.98,USD,سواح
15/05/2025,Cash,Transport,"-10,000",SYP,-0.99,USD,
15/05/2025,USD,To 'Cash',-200,USD,-200,USD,
15/05/2025,Cash,From 'USD',"1,860,000",SYP,200,USD,
15/05/2025,Cash,Health,"-13,000",SYP,-1.287,USD,دوا
16/05/2025,Cash,House,"-48,000",SYP,-4.752,USD,خضار
16/05/2025,Cash,Eating out,"-45,000",SYP,-4.455,USD,شاورما
16/05/2025,Cash,Bills,"-5,000",SYP,-0.495,USD,
16/05/2025,Cash,Entertainment,"-55,000",SYP,-5.445,USD,سهرة
17/05/2025,Cash,Eating out,"-118,000",SYP,-11.682,USD,كريسبي
17/05/2025,Cash,Real estate,"-3,000,000",SYP,-297,USD,غرفة نوم
18/05/2025,Cash,House,"-350,000",SYP,-34.65,USD,طاولة
18/05/2025,Cash,House,"-21,000",SYP,-2.079,USD,متفرقات
19/05/2025,Cash,Real estate,"-200,000",SYP,-19.8,USD,تركيب اباجورات
19/05/2025,Cash,House,"-100,000",SYP,-9.9,USD,منخل
19/05/2025,Cash,House,"-72,000",SYP,-7.128,USD,لحمة
19/05/2025,Cash,House,"-32,000",SYP,-3.168,USD,متفرقات
20/05/2025,Cash,Entertainment,"-25,000",SYP,-2.475,USD,سواح
20/05/2025,Cash,House,"-3,000",SYP,-0.297,USD,مي
20/05/2025,Cash,House,"-29,000",SYP,-2.871,USD,كهربا
20/05/2025,USD,Real estate,-403,USD,-403,USD,اباجورات
22/05/2025,Cash,Communications,"-24,000",SYP,-2.376,USD,وحدات
22/05/2025,Cash,Rent,"500,000",SYP,49.5,USD,
22/05/2025,Cash,House,"-385,000",SYP,-38.115,USD,متفرقات
22/05/2025,Cash,Eating out,"-15,000",SYP,-1.485,USD,فطاير
22/05/2025,Cash,Eating out,"-72,000",SYP,-7.128,USD,مندي
22/05/2025,Cash,Entertainment,"-40,000",SYP,-3.96,USD,سواح
23/05/2025,Cash,House,"-4,500",SYP,-0.445,USD,خيار
23/05/2025,Cash,Bills,"-5,000",SYP,-0.495,USD,
23/05/2025,Cash,Shaving,"-25,000",SYP,-2.475,USD,
24/05/2025,USD,House,-30,USD,-30,USD,مروحة
24/05/2025,Cash,House,"-95,000",SYP,-9.88,USD,لطاش
24/05/2025,Cash,Entertainment,"-30,000",SYP,-3.12,USD,سواح
24/05/2025,USD,To 'Cash',-200,USD,-200,USD,
24/05/2025,Cash,From 'USD',"1,900,000",SYP,200,USD,
24/05/2025,Cash,House,"-140,000",SYP,-14.56,USD,متفرقات
25/05/2025,Cash,Sports,"-40,000",SYP,-4.16,USD,
26/05/2025,Cash,Sports,"-11,000",SYP,-1.144,USD,
26/05/2025,Cash,House,"-241,000",SYP,-25.064,USD,متفرقات
26/05/2025,Cash,Taxi,"-56,000",SYP,-5.824,USD,
27/05/2025,Cash,Real estate,"-1,000,000",SYP,-104,USD,غرفة نوم
27/05/2025,Cash,House,"-200,000",SYP,-20.8,USD,متفرقات
27/05/2025,Cash,Real estate,"-700,000",SYP,-72.8,USD,كراسي
27/05/2025,Cash,Eating out,"-70,000",SYP,-7.28,USD,ماليبو
27/05/2025,USD,To 'Cash',-100,USD,-100,USD,
27/05/2025,Cash,From 'USD',"940,000",SYP,100,USD,
27/05/2025,Cash,Entertainment,"-30,000",SYP,-3.12,USD,سواح
27/05/2025,USD,To 'Cash',-100,USD,-100,USD,
27/05/2025,Cash,From 'USD',"930,000",SYP,100,USD,
27/05/2025,Cash,Real estate,"-2,270,000",SYP,-236.08,USD,غرفة نوم
28/05/2025,USD,House,-50,USD,-50,USD,نورا
28/05/2025,Cash,House,"-30,000",SYP,-3.12,USD,كهربا
28/05/2025,Cash,House,"-13,000",SYP,-1.352,USD,بيض
28/05/2025,Cash,House,"-7,000",SYP,-0.728,USD,خبز
29/05/2025,Cash,Transport,"-6,000",SYP,-0.624,USD,
29/05/2025,Cash,Rent,"1,000,000",SYP,104,USD,
29/05/2025,Cash,Sports,"-27,500",SYP,-2.86,USD,
30/05/2025,Cash,Transport,"-12,000",SYP,-1.248,USD,
30/05/2025,Cash,Communications,"-105,000",SYP,-10.92,USD,وحدات
31/05/2025,Cash,Bills,"-865,000",SYP,-95.15,USD,تزبيط حساب
31/05/2025,USD,Savings,643,USD,643,USD,تزبيط حساب
31/05/2025,USD,Salary,"1,000",USD,"1,000",USD,
31/05/2025,USD,Bills,-10,USD,-10,USD,تحويل
31/05/2025,Cash,Bills,"-22,000",SYP,-2.42,USD,تحويل
31/05/2025,Cash,Taxi,"-40,000",SYP,-4.4,USD,
31/05/2025,USD,To 'Cash',-106,USD,-106,USD,
31/05/2025,Cash,From 'USD',"999,999.76",SYP,106,USD,
01/06/2025,Cash,Entertainment,"-52,000",SYP,-5.72,USD,سواح
01/06/2025,Cash,Entertainment,"-30,000",SYP,-3.3,USD,سواح
01/06/2025,Cash,House,"-3,000",SYP,-0.33,USD,مي
01/06/2025,Cash,House,"-6,500",SYP,-0.715,USD,حليب
01/06/2025,Cash,House,"-8,000",SYP,-0.88,USD,خبز
02/06/2025,Cash,House,"-60,000",SYP,-6.6,USD,حلويات
02/06/2025,Cash,House,"-90,000",SYP,-9.9,USD,فواكه
02/06/2025,Cash,Entertainment,"-25,000",SYP,-2.75,USD,سواح
02/06/2025,Cash,Transport,"-5,500",SYP,-0.605,USD,
02/06/2025,USD,House,-70,USD,-70,USD,فرشة
02/06/2025,Cash,House,"-162,000",SYP,-17.82,USD,فرشة
03/06/2025,Cash,Transport,"-12,000",SYP,-1.32,USD,
03/06/2025,USD,To 'Cash',-200,USD,-200,USD,
03/06/2025,Cash,From 'USD',"1,840,000",SYP,200,USD,
04/06/2025,Cash,Transport,"-12,000",SYP,-1.32,USD,
04/06/2025,Cash,Communications,"-225,000",SYP,-24.75,USD,انترنت
05/06/2025,Cash,Transport,"-12,000",SYP,-1.32,USD,
05/06/2025,Cash,House,"-14,000",SYP,-1.54,USD,جرابات
06/06/2025,Cash,Bills,"-5,000",SYP,-0.55,USD,
07/06/2025,Cash,Eating out,"-60,000",SYP,-6.6,USD,شاورما
07/06/2025,Cash,House,"-50,000",SYP,-5.5,USD,
08/06/2025,Cash,Taxi,"-44,000",SYP,-4.84,USD,
09/06/2025,Cash,Entertainment,"-30,000",SYP,-3.3,USD,سواح
10/06/2025,Cash,House,"-128,000",SYP,-14.08,USD,متفرقات
12/06/2025,Cash,Sports,"-23,000",SYP,-2.392,USD,
13/06/2025,Cash,House,"-600,000",SYP,-62.4,USD,متفرقات
13/06/2025,Cash,House,"-7,000",SYP,-0.728,USD,خبز
14/06/2025,Cash,Taxi,"-35,000",SYP,-3.64,USD,
14/06/2025,Cash,Bills,"-10,000",SYP,-1.04,USD,
15/06/2025,Cash,House,"-400,000",SYP,-41.6,USD,متفرقات
15/06/2025,USD,To 'Cash',-100,USD,-100,USD,
15/06/2025,Cash,From 'USD',"930,000",SYP,100,USD,
15/06/2025,Cash,House,"-2,500",SYP,-0.26,USD,مي
15/06/2025,Cash,House,"-40,500",SYP,-4.212,USD,بزورية
15/06/2025,Cash,House,"-47,000",SYP,-4.888,USD,فروج
15/06/2025,Cash,House,"-46,000",SYP,-4.784,USD,منظفات
15/06/2025,Cash,House,"-27,500",SYP,-2.86,USD,خبز
15/06/2025,Cash,House,"-61,500",SYP,-6.396,USD,كهربا
15/06/2025,Cash,Sports,"-85,000",SYP,-8.84,USD,
15/06/2025,USD,To 'Cash',-100,USD,-100,USD,
15/06/2025,Cash,From 'USD',"975,000",SYP,100,USD,
16/06/2025,USD,House,-100,USD,-100,USD,نورا
16/06/2025,USD,House,-100,USD,-100,USD,ماما
16/06/2025,Cash,House,"-23,000",SYP,-2.392,USD,بطيخ
17/06/2025,Cash,House,"-17,000",SYP,-1.768,USD,سلة غسيل
17/06/2025,Cash,House,"-28,000",SYP,-2.912,USD,بوظة
17/06/2025,Cash,Bills,"-8,000",SYP,-0.832,USD,
19/06/2025,Cash,House,"-7,000",SYP,-0.728,USD,كولا
19/06/2025,Cash,House,"-25,000",SYP,-2.6,USD,موالح
19/06/2025,Cash,Sports,"-35,000",SYP,-3.64,USD,
19/06/2025,Cash,Eating out,"-44,000",SYP,-4.576,USD,شاورما
19/06/2025,Cash,Entertainment,"-40,000",SYP,-4.16,USD,سواح
20/06/2025,Cash,Bills,"-10,000",SYP,-1.04,USD,
20/06/2025,Cash,Shaving,"-25,000",SYP,-2.6,USD,
20/06/2025,Cash,House,"-4,000",SYP,-0.416,USD,مي
20/06/2025,Cash,Entertainment,"-10,000",SYP,-1.04,USD,عصير
21/06/2025,Cash,House,"-465,000",SYP,-48.36,USD,متفرقات
21/06/2025,Cash,House,"-15,000",SYP,-1.56,USD,خبز
21/06/2025,Cash,Taxi,"-25,000",SYP,-2.6,USD,
21/06/2025,Cash,Transport,"-19,000",SYP,-1.976,USD,
22/06/2025,Cash,Sports,"-30,000",SYP,-2.97,USD,
22/06/2025,Cash,Entertainment,"-20,000",SYP,-1.98,USD,سواح
22/06/2025,Cash,House,"-42,000",SYP,-4.158,USD,فروج
22/06/2025,Cash,House,"-21,000",SYP,-2.079,USD,خضرا
22/06/2025,Cash,House,"-5,000",SYP,-0.495,USD,لبن
22/06/2025,Cash,House,"-21,000",SYP,-2.079,USD,خبز
22/06/2025,Cash,House,"-35,000",SYP,-3.465,USD,زبدة
23/06/2025,Cash,House,"-46,500",SYP,-4.603,USD,فواكه
23/06/2025,Cash,House,"-49,000",SYP,-4.851,USD,متفرقات
25/06/2025,USD,To 'Cash',-100,USD,-100,USD,
25/06/2025,Cash,From 'USD',"990,000",SYP,100,USD,
26/06/2025,Cash,House,"-130,000",SYP,-12.87,USD,متفرقات
26/06/2025,Cash,Transport,"-6,000",SYP,-0.594,USD,
26/06/2025,Cash,Sports,"-25,000",SYP,-2.475,USD,
26/06/2025,Cash,House,"-12,000",SYP,-1.188,USD,منظفات
28/06/2025,Cash,House,"-37,000",SYP,-3.663,USD,منظفات
29/06/2025,Cash,House,"-72,000",SYP,-7.128,USD,شاورما
29/06/2025,Cash,Entertainment,"-20,000",SYP,-1.98,USD,سواح
29/06/2025,Cash,House,"-6,000",SYP,-0.594,USD,خبز
29/06/2025,Cash,Babies,"-30,000",SYP,-2.97,USD,
02/07/2025,Cash,Eating out,"-35,000",SYP,-3.465,USD,ماليبو
02/07/2025,Cash,Entertainment,"-50,000",SYP,-4.95,USD,سواح
02/07/2025,Cash,Communications,"-225,000",SYP,-22.275,USD,انترنت
02/07/2025,USD,Salary,"1,000",USD,"1,000",USD,
02/07/2025,USD,Bills,-15,USD,-15,USD,تحويل
04/07/2025,Cash,Communications,"-69,000",SYP,-6.831,USD,وحدات
04/07/2025,Cash,Eating out,"-75,000",SYP,-7.425,USD,بيغ فيلر
04/07/2025,Cash,Sports,"-25,000",SYP,-2.475,USD,
04/07/2025,Cash,Entertainment,"-30,000",SYP,-2.97,USD,سواح
04/07/2025,Cash,Bills,"-5,000",SYP,-0.495,USD,
04/07/2025,Cash,House,"-80,000",SYP,-7.92,USD,هريسة
04/07/2025,Cash,Babies,"-40,000",SYP,-3.96,USD,ادم
04/07/2025,Cash,Transport,"-12,000",SYP,-1.188,USD,
05/07/2025,Cash,House,"-8,000",SYP,-0.792,USD,خبز
05/07/2025,Cash,House,"-6,500",SYP,-0.643,USD,حليب
05/07/2025,Cash,Sports,"-250,000",SYP,-24.75,USD,نادي
05/07/2025,USD,To 'Cash',-100,USD,-100,USD,
05/07/2025,Cash,From 'USD',"990,000",SYP,100,USD,
06/07/2025,Cash,Sports,"-30,000",SYP,-2.97,USD,
06/07/2025,Cash,House,"-82,000",SYP,-8.118,USD,كهربا
06/07/2025,USD,Real estate,-135,USD,-135,USD,كولر
08/07/2025,Cash,Eating out,"-20,000",SYP,-1.98,USD,بطاطا
08/07/2025,Cash,Health,"-20,000",SYP,-1.98,USD,مغنزيوم
08/07/2025,Cash,House,"-30,500",SYP,-3.019,USD,منظفات
08/07/2025,Cash,Entertainment,"-35,000",SYP,-3.465,USD,سواح
09/07/2025,USD,To 'محمد دولار',-150,USD,-150,USD,
09/07/2025,محمد دولار,From 'USD',150,USD,150,USD,
09/07/2025,Cash,To 'USD',"-1,000,000",SYP,-100,USD,
09/07/2025,USD,From 'Cash',100,USD,100,USD,
09/07/2025,USD,Clothes,-30,USD,-30,USD,بوط
09/07/2025,USD,Clothes,-25,USD,-25,USD,بوط
09/07/2025,Cash,Entertainment,"-40,000",SYP,-4,USD,سواح
09/07/2025,Cash,House,"-175,000",SYP,-17.5,USD,مخدات
09/07/2025,Cash,House,"-15,000",SYP,-1.5,USD,بطيخ
09/07/2025,Cash,House,"-9,000",SYP,-0.9,USD,خبز
10/07/2025,Cash,Sports,"-25,000",SYP,-2.5,USD,
10/07/2025,Cash,Eating out,"-38,000",SYP,-3.8,USD,شاورما
10/07/2025,Cash,Entertainment,"-30,000",SYP,-3,USD,سواح
10/07/2025,Cash,House,"-332,000",SYP,-33.2,USD,مول
10/07/2025,Cash,Taxi,"-50,000",SYP,-5,USD,
10/07/2025,Cash,Clothes,"-50,000",SYP,-5,USD,كنزة
10/07/2025,Cash,Clothes,"-175,000",SYP,-17.5,USD,بوط
10/07/2025,Cash,Clothes,"-140,000",SYP,-14,USD,بوط
10/07/2025,Cash,Transport,"-17,000",SYP,-1.7,USD,
11/07/2025,Cash,House,"-27,000",SYP,-2.7,USD,بسكوت
11/07/2025,Cash,Bills,"-10,000",SYP,-1,USD,
11/07/2025,USD,House,-100,USD,-100,USD,نورا
11/07/2025,USD,House,-100,USD,-100,USD,
12/07/2025,Cash,House,"-142,000",SYP,-14.2,USD,متفرقات
12/07/2025,Cash,House,"-50,000",SYP,-5,USD,منظفات
12/07/2025,Cash,House,"-40,000",SYP,-4,USD,شرحات
12/07/2025,Cash,Clothes,"-75,000",SYP,-7.5,USD,كنزة
12/07/2025,Cash,House,"-8,000",SYP,-0.8,USD,مي
12/07/2025,USD,To 'Cash',-100,USD,-100,USD,
12/07/2025,Cash,From 'USD',"990,000",SYP,100,USD,
13/07/2025,Cash,Bills,"-12,500",SYP,-1.25,USD,معاملة
13/07/2025,Cash,House,"-11,000",SYP,-1.1,USD,كعك
13/07/2025,Cash,House,"-12,000",SYP,-1.2,USD,كروسان
13/07/2025,Cash,House,"-66,000",SYP,-6.6,USD,كهربا
13/07/2025,Cash,Entertainment,"-20,000",SYP,-2,USD,سواح
13/07/2025,Cash,Sports,"-30,000",SYP,-3,USD,
13/07/2025,Cash,House,"-14,000",SYP,-1.4,USD,بوظة
14/07/2025,Cash,Transport,"-24,000",SYP,-2.4,USD,
14/07/2025,Cash,Bills,"-4,500",SYP,-0.45,USD,
15/07/2025,Cash,Entertainment,"-12,000",SYP,-1.2,USD,بطيخ
16/07/2025,Cash,Eating out,"-65,000",SYP,-6.5,USD,كريسبي
16/07/2025,Cash,House,"-14,000",SYP,-1.4,USD,لبن
17/07/2025,Cash,House,"-35,000",SYP,-3.5,USD,منظفات
17/07/2025,Cash,House,"-50,000",SYP,-5,USD,لحمة
17/07/2025,Cash,House,"-17,000",SYP,-1.7,USD,رز
17/07/2025,Cash,House,"-62,000",SYP,-6.2,USD,فواكه
17/07/2025,Cash,Food,"-8,000",SYP,-0.8,USD,مي
17/07/2025,Cash,House,"-34,000",SYP,-3.4,USD,موالح
17/07/2025,Cash,Sports,"-25,000",SYP,-2.5,USD,
18/07/2025,Cash,House,"-145,000",SYP,-14.5,USD,كريسبي
18/07/2025,Cash,House,"-35,000",SYP,-3.5,USD,خبز
19/07/2025,Cash,House,"-26,500",SYP,-2.65,USD,فواكه
19/07/2025,Cash,House,"-4,000",SYP,-0.4,USD,مي
19/07/2025,Cash,House,"-8,000",SYP,-0.8,USD,خبز
20/07/2025,Cash,House,"-16,000",SYP,-1.6,USD,كولا
20/07/2025,Cash,Transport,"-12,000",SYP,-1.2,USD,
20/07/2025,Cash,Sports,"-30,000",SYP,-3,USD,مشدات
20/07/2025,Cash,Sports,"-50,000",SYP,-5,USD,
21/07/2025,Cash,Sports,"-15,000",SYP,-1.5,USD,
21/07/2025,Cash,House,"-20,000",SYP,-2,USD,
22/07/2025,Cash,House,"-269,000",SYP,-26.9,USD,متفرقات
23/07/2025,Cash,Eating out,"-75,000",SYP,-7.5,USD,ماليبو
23/07/2025,Cash,Entertainment,"-30,000",SYP,-3,USD,سواح
24/07/2025,Cash,Sports,"-45,000",SYP,-4.5,USD,
24/07/2025,Cash,Eating out,"-47,000",SYP,-4.7,USD,صفيحة
24/07/2025,Cash,Entertainment,"-20,000",SYP,-2,USD,سواح
24/07/2025,Cash,Taxi,"-45,000",SYP,-4.5,USD,
24/07/2025,Cash,House,"-123,000",SYP,-12.3,USD,غاز
24/07/2025,Cash,Bills,"-2,000",SYP,-0.2,USD,
24/07/2025,USD,To 'Cash',-100,USD,-100,USD,
24/07/2025,Cash,From 'USD',"1,000,000",SYP,100,USD,
25/07/2025,Cash,Bills,"-5,000",SYP,-0.5,USD,
25/07/2025,Cash,House,"-7,000",SYP,-0.7,USD,خبز
26/07/2025,Cash,Shaving,"-25,000",SYP,-2.5,USD,
26/07/2025,Cash,House,"-20,000",SYP,-2,USD,
26/07/2025,USD,To 'Cash',-100,USD,-100,USD,
26/07/2025,Cash,From 'USD',"1,010,000",SYP,100,USD,
26/07/2025,Cash,House,"-41,000",SYP,-4.1,USD,كهربا
27/07/2025,USD,Electronics,-10,USD,-10,USD,ماكينة حلاقة
27/07/2025,Cash,Transport,"-6,000",SYP,-0.6,USD,
27/07/2025,Cash,Communications,"-86,500",SYP,-8.65,USD,وحدات
27/07/2025,Cash,Sports,"-30,000",SYP,-3,USD,
27/07/2025,Cash,House,"-30,000",SYP,-3,USD,بسكوت
27/07/2025,USD,House,-17,USD,-17,USD,مروحة
29/07/2025,Cash,Entertainment,"-30,000",SYP,-3,USD,سواح
29/07/2025,Cash,Eating out,"-37,000",SYP,-3.7,USD,ماليبو
30/07/2025,Cash,Debt,"-80,000",SYP,-8,USD,مشكاوي
30/07/2025,Cash,House,"-38,000",SYP,-3.8,USD,متفرقات
31/07/2025,Cash,Eating out,"-30,000",SYP,-3,USD,شاورما
31/07/2025,Cash,Entertainment,"-30,000",SYP,-3,USD,سواح
31/07/2025,Cash,Car,"-100,000",SYP,-10,USD,بنزين
01/08/2025,Cash,Bills,"-5,000",SYP,-0.5,USD,
01/08/2025,Cash,House,"-165,000",SYP,-16.5,USD,متفرقات
01/08/2025,Cash,Taxi,"-37,000",SYP,-3.7,USD,
02/08/2025,Cash,House,"-70,000",SYP,-7,USD,متفرقات
02/08/2025,Cash,House,"-20,000",SYP,-2,USD,خبز
02/08/2025,Cash,Transport,"-17,000",SYP,-1.7,USD,
02/08/2025,Cash,Communications,"-2,400",SYP,-0.24,USD,وحدات
03/08/2025,Cash,House,"-20,500",SYP,-2.05,USD,كهربا
03/08/2025,Cash,Communications,"-225,000",SYP,-22.5,USD,انترنت
03/08/2025,Cash,House,"-72,000",SYP,-7.2,USD,منظفات
03/08/2025,Cash,House,"-60,000",SYP,-6,USD,خضار
03/08/2025,Cash,House,"-3,000",SYP,-0.3,USD,مي
03/08/2025,Cash,Eating out,"-59,000",SYP,-5.9,USD,ماليبو
03/08/2025,Cash,Entertainment,"-50,000",SYP,-5,USD,سواح
03/08/2025,USD,To 'Cash',-150,USD,-150,USD,
03/08/2025,Cash,From 'USD',"1,545,000",SYP,150,USD,
04/08/2025,Cash,Sports,"-300,000",SYP,-30,USD,نادي
04/08/2025,USD,Salary,"1,000",USD,"1,000",USD,
04/08/2025,USD,Bills,-15,USD,-15,USD,تحويل
04/08/2025,USD,To 'Cash',-5,USD,-5,USD,
04/08/2025,Cash,From 'USD',"51,000",SYP,5,USD,
04/08/2025,USD,House,-100,USD,-100,USD,
04/08/2025,USD,House,-100,USD,-100,USD,نورا
04/08/2025,Cash,Car,"-100,000",SYP,-10,USD,بنزين
05/08/2025,Cash,Taxi,"-36,000",SYP,-3.6,USD,
05/08/2025,Cash,Transport,"-17,000",SYP,-1.7,USD,
05/08/2025,Cash,Sports,"-25,000",SYP,-2.5,USD,
07/08/2025,Cash,Sports,"-28,000",SYP,-2.8,USD,
07/08/2025,Cash,Eating out,"-35,000",SYP,-3.5,USD,سمك
07/08/2025,Cash,Entertainment,"-35,000",SYP,-3.5,USD,سواح
08/08/2025,Cash,House,"-48,000",SYP,-4.8,USD,متفرقات
08/08/2025,Cash,House,"-36,500",SYP,-3.65,USD,جبنة
08/08/2025,Cash,House,"-54,000",SYP,-5.4,USD,خبز
08/08/2025,Cash,Bills,"-5,000",SYP,-0.5,USD,
08/08/2025,Cash,House,"-20,000",SYP,-2,USD,متفرقات
09/08/2025,Cash,Electronics,"-78,000",SYP,-7.8,USD,كهربا
09/08/2025,Cash,House,"-8,000",SYP,-0.8,USD,خبز
09/08/2025,Cash,House,"-48,000",SYP,-4.8,USD,بوظة
09/08/2025,Cash,House,"-32,000",SYP,-3.2,USD,متفرقات
09/08/2025,Cash,Eating out,"-35,000",SYP,-3.5,USD,كريسبي
10/08/2025,Cash,Bills,"-96,000",SYP,-9.6,USD,نقابة
10/08/2025,Cash,House,"-5,000",SYP,-0.5,USD,كوسا
10/08/2025,Cash,House,"-3,000",SYP,-0.3,USD,مي
10/08/2025,USD,To 'Cash',-100,USD,-100,USD,
10/08/2025,Cash,From 'USD',"1,040,000",SYP,100,USD,
10/08/2025,Cash,House,"-187,000",SYP,-18.7,USD,مول
10/08/2025,Cash,Sports,"-50,000",SYP,-5,USD,
10/08/2025,Cash,House,"-20,000",SYP,-2,USD,كهربا
12/08/2025,USD,Taxi,-7,USD,-7,USD,
14/08/2025,Cash,Entertainment,"-35,000",SYP,-3.255,USD,
14/08/2025,Cash,Eating out,"-59,000",SYP,-5.487,USD,ماليبو
15/08/2025,Cash,House,"-182,000",SYP,-16.926,USD,متفرقات
15/08/2025,Cash,House,"-52,500",SYP,-4.882,USD,خضار
15/08/2025,Cash,House,"-91,000",SYP,-8.463,USD,موالح
15/08/2025,Cash,House,"-41,000",SYP,-3.813,USD,كهربا
15/08/2025,Cash,House,"-20,000",SYP,-1.86,USD,كهربا
15/08/2025,Cash,Sports,"-25,000",SYP,-2.325,USD,
15/08/2025,Cash,Entertainment,"-39,000",SYP,-3.627,USD,سواح
15/08/2025,Cash,Eating out,"-80,000",SYP,-7.44,USD,بيغ فيلر
15/08/2025,USD,To 'Cash',-100,USD,-100,USD,
15/08/2025,Cash,From 'USD',"1,060,000",SYP,100,USD,
16/08/2025,Cash,Bills,"-10,000",SYP,-0.93,USD,
16/08/2025,Cash,House,"-11,500",SYP,-1.069,USD,متفرقات
16/08/2025,Cash,Transport,"-12,000",SYP,-1.116,USD,
16/08/2025,Cash,Taxi,"-40,000",SYP,-3.72,USD,
16/08/2025,Cash,Clothes,"-80,000",SYP,-7.44,USD,داخلي
16/08/2025,Cash,House,"-380,500",SYP,-35.386,USD,متفرقات
16/08/2025,Cash,Eating out,"-50,000",SYP,-4.65,USD,بيتزا
17/08/2025,USD,Entertainment,-61,USD,-61,USD,ماركت
20/08/2025,USD,Gifts,-53,USD,-53,USD,ساعة
20/08/2025,USD,Gifts,-42,USD,-42,USD,عطر
20/08/2025,USD,Sports,-25,USD,-25,USD,بوط
22/08/2025,USD,Entertainment,-17,USD,-17,USD,بيروتي
22/08/2025,USD,Entertainment,-8,USD,-8,USD,شتورة
22/08/2025,USD,House,-30,USD,-30,USD,شتورة
24/08/2025,Cash,Taxi,"-38,000",SYP,-3.534,USD,
24/08/2025,Cash,Sports,"-30,000",SYP,-2.79,USD,
24/08/2025,Cash,Mobile,"-30,000",SYP,-2.79,USD,لزقة
24/08/2025,Cash,Clothes,"-65,000",SYP,-6.045,USD,شنتاية
24/08/2025,Cash,Entertainment,"-4,000",SYP,-0.372,USD,بوظة
24/08/2025,Cash,Mobile,"-20,000",SYP,-1.86,USD,وصلة
24/08/2025,Cash,Clothes,"-115,000",SYP,-10.695,USD,بنطلون
24/08/2025,USD,To 'Cash',-100,USD,-100,USD,
24/08/2025,Cash,From 'USD',"1,070,000",SYP,100,USD,
25/08/2025,Cash,House,"-500,000",SYP,-46.5,USD,
25/08/2025,Cash,Entertainment,"-20,000",SYP,-1.86,USD,سواح
26/08/2025,Cash,House,"-27,000",SYP,-2.511,USD,كهربا
26/08/2025,Cash,Entertainment,"-70,000",SYP,-6.51,USD,لبنان
26/08/2025,Cash,Bills,"-207,000",SYP,-19.251,USD,تزبيط حساب
28/08/2025,Cash,Sports,"-25,000",SYP,-2.325,USD,
28/08/2025,Cash,Communications,"-63,000",SYP,-5.859,USD,وحدات
28/08/2025,Cash,House,"-81,000",SYP,-7.533,USD,شاورما
28/08/2025,Cash,House,"-6,000",SYP,-0.558,USD,خبز
28/08/2025,Cash,House,"-82,000",SYP,-7.626,USD,فرن
28/08/2025,Cash,House,"-19,000",SYP,-1.767,USD,بوظة
28/08/2025,Cash,Transport,"-6,000",SYP,-0.558,USD,
30/08/2025,Cash,Bills,"-4,000",SYP,-0.372,USD,
30/08/2025,Cash,House,"-20,000",SYP,-1.86,USD,متفرقات
30/08/2025,Cash,Sports,"-31,000",SYP,-2.883,USD,
30/08/2025,Cash,Transport,"-6,000",SYP,-0.558,USD,
31/08/2025,Cash,Sports,"-25,000",SYP,-2.325,USD,
31/08/2025,Cash,Entertainment,"-50,000",SYP,-4.65,USD,سواح
31/08/2025,USD,Salary,"1,250",USD,"1,250",USD,
31/08/2025,Cash,Eating out,"-61,000",SYP,-5.673,USD,ماليبو
31/08/2025,USD,To 'Cash',-2,USD,-2,USD,
31/08/2025,Cash,From 'USD',"23,000",SYP,2,USD,
01/09/2025,Cash,Entertainment,"-35,000",SYP,-3.255,USD,سواح
01/09/2025,Cash,Eating out,"-55,000",SYP,-5.115,USD,ماليبو
01/09/2025,Cash,Debt,"-35,000",SYP,-3.255,USD,ابو كرم
01/09/2025,USD,Bills,-18,USD,-18,USD,تحويل
03/09/2025,Cash,Communications,"-225,000",SYP,-20.925,USD,انترنت
03/09/2025,Cash,House,"-90,000",SYP,-8.37,USD,متفرقات
03/09/2025,Cash,House,"-16,500",SYP,-1.534,USD,كهربا
03/09/2025,Cash,Debt,"-7,500",SYP,-0.697,USD,ابو ياسين
03/09/2025,Cash,Debt,"-57,500",SYP,-5.347,USD,جارنا
03/09/2025,USD,To 'Cash',-200,USD,-200,USD,
03/09/2025,Cash,From 'USD',"2,180,000",SYP,200,USD,
04/09/2025,Cash,House,"-252,500",SYP,-23.482,USD,متفرقات
04/09/2025,Cash,House,"-100,000",SYP,-9.3,USD,بيتزا
04/09/2025,Cash,House,"-44,000",SYP,-4.092,USD,بوظة
04/09/2025,Cash,Transport,"-6,000",SYP,-0.558,USD,
04/09/2025,Cash,Sports,"-25,000",SYP,-2.325,USD,
05/09/2025,Cash,Bills,"-10,000",SYP,-0.93,USD,
05/09/2025,Cash,Entertainment,"-25,000",SYP,-2.325,USD,سواح
05/09/2025,Cash,Gifts,"-123,000",SYP,-11.439,USD,حافظ
06/09/2025,Cash,Taxi,"-65,000",SYP,-6.045,USD,
06/09/2025,Cash,Entertainment,"-360,000",SYP,-33.48,USD,مزرعة
07/09/2025,Cash,Sports,"-55,000",SYP,-4.84,USD,
07/09/2025,USD,House,-100,USD,-100,USD,
07/09/2025,USD,House,-100,USD,-100,USD,نورا
07/09/2025,Cash,Bills,"-100,000",SYP,-8.8,USD,
08/09/2025,Cash,House,"-12,000",SYP,-1.056,USD,لبن
08/09/2025,Cash,Eating out,"-80,000",SYP,-7.04,USD,كريسبي
08/09/2025,Cash,Entertainment,"-30,000",SYP,-2.64,USD,سواح
09/09/2025,Cash,Entertainment,"-15,000",SYP,-1.32,USD,سواح
09/09/2025,Cash,House,"-45,000",SYP,-3.96,USD,متفرقات
09/09/2025,Cash,House,"-14,000",SYP,-1.232,USD,خبز
10/09/2025,Cash,Shaving,"-20,000",SYP,-1.76,USD,
11/09/2025,Cash,Communications,"-91,000",SYP,-8.008,USD,وحدات
11/09/2025,Cash,Sports,"-30,000",SYP,-2.64,USD,
11/09/2025,USD,To 'Cash',-200,USD,-200,USD,
11/09/2025,Cash,From 'USD',"2,280,000",SYP,200,USD,
12/09/2025,Cash,Bills,"-5,000",SYP,-0.44,USD,
14/09/2025,Cash,Sports,"-25,000",SYP,-2.2,USD,
14/09/2025,Cash,Entertainment,"-392,000",SYP,-34.496,USD,مزرعة
14/09/2025,Cash,Eating out,"-42,000",SYP,-3.696,USD,مدلوقة
14/09/2025,Cash,House,"-45,000",SYP,-3.96,USD,هريسة
15/09/2025,Cash,House,"-42,000",SYP,-3.696,USD,كعك
15/09/2025,Cash,House,"-284,000",SYP,-24.992,USD,متفرقات
16/09/2025,Cash,Eating out,"-180,000",SYP,-15.84,USD,كوردون
16/09/2025,Cash,Taxi,"-90,000",SYP,-7.92,USD,
16/09/2025,Cash,House,"-31,000",SYP,-2.728,USD,مول
16/09/2025,Cash,Entertainment,"-20,000",SYP,-1.76,USD,سواح
17/09/2025,Cash,Entertainment,"-20,000",SYP,-1.76,USD,سواح
17/09/2025,Cash,Eating out,"-105,000",SYP,-9.24,USD,بيتزا
17/09/2025,Cash,Entertainment,"-35,000",SYP,-3.08,USD,بولينغ
17/09/2025,Cash,House,"-58,000",SYP,-5.104,USD,متفرقات
17/09/2025,USD,To 'Cash',-100,USD,-100,USD,
17/09/2025,Cash,From 'USD',"1,142,500",SYP,100,USD,
18/09/2025,Cash,Transport,"-6,000",SYP,-0.528,USD,
18/09/2025,Cash,Sports,"-25,000",SYP,-2.2,USD,
19/09/2025,Cash,Bills,"-10,000",SYP,-0.88,USD,
19/09/2025,Cash,Eating out,"-75,000",SYP,-6.6,USD,كريسبي
19/09/2025,Cash,House,"-139,500",SYP,-12.276,USD,متفرقات
20/09/2025,Cash,Taxi,"-45,000",SYP,-3.96,USD,
20/09/2025,Cash,Bills,"-133,000",SYP,-11.704,USD,
20/09/2025,Cash,Taxi,"-40,000",SYP,-3.52,USD,
20/09/2025,Cash,Babies,"-600,000",SYP,-52.8,USD,
20/09/2025,Cash,House,"-80,000",SYP,-7.04,USD,متفرقات
20/09/2025,Cash,Communications,"-5,000",SYP,-0.44,USD,وحدات
20/09/2025,Cash,House,"-310,000",SYP,-27.28,USD,متفرقات
21/09/2025,Cash,Sports,"-25,000",SYP,-2.2,USD,
21/09/2025,Cash,House,"-70,000",SYP,-6.16,USD,شرحات
21/09/2025,Cash,Food,"-20,000",SYP,-1.76,USD,مي
21/09/2025,USD,To 'Cash',-100,USD,-100,USD,
21/09/2025,Cash,From 'USD',"1,110,000",SYP,100,USD,
21/09/2025,Cash,House,"-20,500",SYP,-1.804,USD,كهربا
22/09/2025,Cash,Eating out,"-42,000",SYP,-3.696,USD,شاورما
22/09/2025,Cash,Eating out,"-68,000",SYP,-5.984,USD,الرضا
22/09/2025,Cash,Entertainment,"-40,000",SYP,-3.52,USD,سواح
23/09/2025,Cash,Entertainment,"-365,000",SYP,-32.12,USD,زيتونة
23/09/2025,Cash,Taxi,"-85,000",SYP,-7.48,USD,
25/09/2025,Cash,Eating out,"-37,500",SYP,-3.3,USD,كريسبي
25/09/2025,Cash,Entertainment,"-50,000",SYP,-4.4,USD,سواح
26/09/2025,Cash,Bills,"-10,000",SYP,-0.88,USD,
26/09/2025,Cash,House,"-65,000",SYP,-5.72,USD,متفرقات
26/09/2025,Cash,House,"-150,000",SYP,-13.2,USD,كريسبي
26/09/2025,Cash,Gifts,"-24,000",SYP,-2.112,USD,وردة
26/09/2025,USD,To 'Cash',-100,USD,-100,USD,
26/09/2025,Cash,From 'USD',"1,120,000",SYP,100,USD,
27/09/2025,Cash,Eating out,"-45,000",SYP,-3.96,USD,فطاير
27/09/2025,Cash,Eating out,"-30,000",SYP,-2.64,USD,هريسة
27/09/2025,Cash,Entertainment,"-95,000",SYP,-8.36,USD,غاردن
27/09/2025,Cash,Taxi,"-45,000",SYP,-3.96,USD,
27/09/2025,Cash,House,"-24,500",SYP,-2.156,USD,متفرقات
28/09/2025,USD,To 'Cash',-100,USD,-100,USD,
28/09/2025,Cash,From 'USD',"1,125,000",SYP,100,USD,
28/09/2025,Cash,Eating out,"-42,000",SYP,-3.696,USD,ماليبو
28/09/2025,Cash,Entertainment,"-30,000",SYP,-2.64,USD,سواح
28/09/2025,Cash,Sports,"-26,000",SYP,-2.288,USD,
28/09/2025,Cash,House,"-85,000",SYP,-7.48,USD,قهوة
28/09/2025,Cash,House,"-20,500",SYP,-1.804,USD,كهربا
29/09/2025,Cash,House,"-77,000",SYP,-6.776,USD,متفرقات
01/10/2025,Cash,Eating out,"-42,000",SYP,-3.696,USD,شاورما
01/10/2025,Cash,Electronics,"-57,000",SYP,-5.016,USD,Iptv
01/10/2025,Cash,Entertainment,"-70,000",SYP,-6.16,USD,سواح
01/10/2025,USD,Salary,"1,000",USD,"1,000",USD,
01/10/2025,USD,Bills,-10,USD,-10,USD,تحويل
02/10/2025,Cash,Eating out,"-120,000",SYP,-10.56,USD,كرانشي
02/10/2025,Cash,Food,"-12,000",SYP,-1.056,USD,مي
02/10/2025,Cash,Transport,"-9,000",SYP,-0.792,USD,
02/10/2025,Cash,Car,"-150,000",SYP,-13.2,USD,
03/10/2025,Cash,Bills,"-25,000",SYP,-2.2,USD,
04/10/2025,Cash,Communications,"-225,000",SYP,-19.8,USD,انترنت
04/10/2025,Cash,House,"-27,000",SYP,-2.376,USD,متفرقات
04/10/2025,USD,House,-100,USD,-100,USD,نورا
04/10/2025,USD,House,-100,USD,-100,USD,
05/10/2025,Cash,Taxi,"-42,000",SYP,-3.696,USD,
05/10/2025,Cash,Taxi,"-35,000",SYP,-3.08,USD,
05/10/2025,Cash,Eating out,"-164,000",SYP,-14.432,USD,AM
05/10/2025,Cash,Taxi,"-20,000",SYP,-1.76,USD,
05/10/2025,Cash,Taxi,"-30,000",SYP,-2.64,USD,
05/10/2025,Cash,Entertainment,"-116,000",SYP,-10.208,USD,سينما
05/10/2025,Cash,Sports,"-21,000",SYP,-1.848,USD,
07/10/2025,Cash,House,"-72,000",SYP,-6.336,USD,متفرقات
07/10/2025,Cash,Entertainment,"-40,000",SYP,-3.52,USD,سواح
08/10/2025,Cash,House,"-125,000",SYP,-11,USD,بيتفور
08/10/2025,Cash,House,"-85,000",SYP,-7.48,USD,قهوة
08/10/2025,Cash,Entertainment,"-30,000",SYP,-2.64,USD,كواج
08/10/2025,USD,To 'Cash',-100,USD,-100,USD,
08/10/2025,Cash,From 'USD',"1,142,500",SYP,100,USD,
08/10/2025,Cash,Communications,"-78,000",SYP,-6.864,USD,وحدات
08/10/2025,Cash,House,"-25,000",SYP,-2.2,USD,باب
09/10/2025,Cash,House,"-215,500",SYP,-18.964,USD,متفرقات
09/10/2025,Cash,Taxi,"-25,000",SYP,-2.2,USD,
09/10/2025,Cash,Taxi,"-40,000",SYP,-3.52,USD,
09/10/2025,Cash,Communications,"-135,000",SYP,-11.88,USD,ارضي
10/10/2025,Cash,Transport,"-3,000",SYP,-0.264,USD,
10/10/2025,Cash,Taxi,"-30,000",SYP,-2.64,USD,
10/10/2025,Cash,Taxi,"-15,000",SYP,-1.32,USD,
10/10/2025,Cash,Entertainment,"-90,000",SYP,-7.92,USD,نادي الكهربا
10/10/2025,Cash,Entertainment,"-20,000",SYP,-1.76,USD,نقاريش
10/10/2025,Cash,Entertainment,"-58,000",SYP,-5.104,USD,شيبس
10/10/2025,Cash,Bills,"-10,000",SYP,-0.88,USD,
10/10/2025,Cash,House,"-17,500",SYP,-1.54,USD,خبز
11/10/2025,USD,House,-200,USD,-200,USD,فساتين
11/10/2025,USD,Gifts,-975,USD,-975,USD,محابس
11/10/2025,Cash,Gifts,"-350,000",SYP,-30.8,USD,محابس
11/10/2025,Cash,Taxi,"-20,000",SYP,-1.76,USD,
11/10/2025,Cash,Taxi,"-20,000",SYP,-1.76,USD,
11/10/2025,Cash,Taxi,"-25,000",SYP,-2.2,USD,
11/10/2025,Cash,Entertainment,"-55,000",SYP,-4.84,USD,عصير
11/10/2025,Cash,Eating out,"-144,000",SYP,-12.672,USD,بيتزا
11/10/2025,Cash,Taxi,"-15,000",SYP,-1.32,USD,
11/10/2025,Cash,Bills,"-2,000",SYP,-0.176,USD,
11/10/2025,Gold(grams),To 'USD',-8,EUR,-908,USD,
11/10/2025,USD,To 'Cash',-3,USD,-3,USD,
11/10/2025,USD,From 'Gold(grams)',908,USD,908,USD,
11/10/2025,Cash,From 'USD',"35,000",SYP,3,USD,
11/10/2025,Cash,Taxi,"-40,000",SYP,-3.52,USD,
11/10/2025,USD,To 'Cash',-100,USD,-100,USD,
11/10/2025,Cash,From 'USD',"1,100,000",SYP,100,USD,
12/10/2025,Cash,Sports,"-25,000",SYP,-2.2,USD,
12/10/2025,Cash,House,"-24,000",SYP,-2.112,USD,متفرقات
12/10/2025,Cash,House,"-113,000",SYP,-9.944,USD,متفرقات
13/10/2025,Cash,House,"-137,000",SYP,-12.056,USD,متفرقات
13/10/2025,Cash,Taxi,"-40,000",SYP,-3.52,USD,
14/10/2025,Cash,Entertainment,"-20,000",SYP,-1.76,USD,سواح
15/10/2025,Cash,Clothes,"-1,500,000",SYP,-132,USD,طقم
15/10/2025,Cash,Clothes,"-200,000",SYP,-17.6,USD,قشاط
15/10/2025,Cash,Clothes,"-500,000",SYP,-44,USD,صباط
15/10/2025,Cash,Clothes,"-200,000",SYP,-17.6,USD,غرافة
15/10/2025,Cash,Clothes,"-175,000",SYP,-15.4,USD,عطر
15/10/2025,Cash,Clothes,"-200,000",SYP,-17.6,USD,ساعة
15/10/2025,Cash,Clothes,"-100,000",SYP,-8.8,USD,نضارة
15/10/2025,Cash,Entertainment,"-20,000",SYP,-1.76,USD,سواح
15/10/2025,Cash,Eating out,"-35,000",SYP,-3.08,USD,كروسان
15/10/2025,Cash,Taxi,"-40,000",SYP,-3.52,USD,
15/10/2025,Cash,Shaving,"-40,000",SYP,-3.52,USD,
15/10/2025,USD,To 'Cash',-200,USD,-200,USD,
15/10/2025,Cash,From 'USD',"2,280,000",SYP,200,USD,
16/10/2025,Cash,House,"-330,000",SYP,-29.04,USD,حلويات
16/10/2025,USD,To 'Cash',-200,USD,-200,USD,
16/10/2025,Cash,From 'USD',"2,295,000",SYP,200,USD,
16/10/2025,Cash,Health,"-26,000",SYP,-2.288,USD,دوا
17/10/2025,Cash,Bills,"-10,000",SYP,-0.88,USD,
17/10/2025,Cash,Taxi,"-40,000",SYP,-3.52,USD,
17/10/2025,Cash,Gifts,"-250,000",SYP,-22,USD,ورد
17/10/2025,Cash,Shaving,"-25,000",SYP,-2.2,USD,
17/10/2025,Cash,Shaving,"-18,000",SYP,-1.584,USD,فيكساتور
17/10/2025,Cash,Eating out,"-360,000",SYP,-31.68,USD,شاورما
17/10/2025,Cash,House,"-61,500",SYP,-5.412,USD,كهربا
18/10/2025,Cash,Gifts,"-65,000",SYP,-5.72,USD,فواكه
18/10/2025,Cash,House,"-41,000",SYP,-3.608,USD,كهربا
18/10/2025,Cash,House,"-137,000",SYP,-12.056,USD,غاز
18/10/2025,Cash,House,"-40,000",SYP,-3.52,USD,متفرقات
19/10/2025,Cash,Sports,"-25,000",SYP,-2.2,USD,
20/10/2025,Cash,House,"-100,000",SYP,-8.8,USD,
20/10/2025,Cash,Sports,"-300,000",SYP,-26.4,USD,
21/10/2025,Cash,House,"-23,000",SYP,-2.024,USD,حلويات
21/10/2025,Cash,House,"-55,000",SYP,-4.84,USD,متفرقات
21/10/2025,USD,To 'Cash',-50,USD,-50,USD,
21/10/2025,Cash,From 'USD',"580,000",SYP,50,USD,
22/10/2025,Cash,Bills,"-6,000",SYP,-0.528,USD,
23/10/2025,Cash,Eating out,"-380,000",SYP,-33.44,USD,شاورما
23/10/2025,Cash,Entertainment,"-60,000",SYP,-5.28,USD,سواح
23/10/2025,Cash,House,"-700,000",SYP,-61.6,USD,عزيمة
24/10/2025,Cash,Bills,"-20,000",SYP,-1.76,USD,
24/10/2025,Cash,House,"-14,000",SYP,-1.232,USD,متفرقات
24/10/2025,Cash,Entertainment,"-20,000",SYP,-1.76,USD,سواح
24/10/2025,Cash,Eating out,"-40,000",SYP,-3.52,USD,نمورة
25/10/2025,Cash,House,"-47,000",SYP,-4.136,USD,متفرقات
25/10/2025,Cash,Communications,"-28,800",SYP,-2.534,USD,وحدات
26/10/2025,Cash,House,"-17,000",SYP,-1.445,USD,كهربا
26/10/2025,Cash,Eating out,"-40,000",SYP,-3.4,USD,ماليبو
26/10/2025,Cash,Entertainment,"-40,000",SYP,-3.4,USD,سواح
26/10/2025,Cash,Sports,"-45,000",SYP,-3.825,USD,
26/10/2025,Cash,House,"-148,500",SYP,-12.622,USD,متفرقات
26/10/2025,USD,To 'Cash',-100,USD,-100,USD,
26/10/2025,Cash,From 'USD',"1,175,000",SYP,100,USD,
27/10/2025,Cash,Taxi,"-25,000",SYP,-2.125,USD,
27/10/2025,Cash,Taxi,"-50,000",SYP,-4.25,USD,
27/10/2025,Cash,Entertainment,"-45,000",SYP,-3.825,USD,ليالي
28/10/2025,Cash,House,"-75,000",SYP,-6.375,USD,صحون
28/10/2025,Cash,House,"-85,000",SYP,-7.225,USD,قهوة
28/10/2025,Cash,House,"-129,000",SYP,-10.965,USD,كريسبي
28/10/2025,Cash,Taxi,"-45,000",SYP,-3.825,USD,
28/10/2025,Cash,Transport,"-23,000",SYP,-1.955,USD,
30/10/2025,Cash,Eating out,"-50,000",SYP,-4.25,USD,صفيحة
30/10/2025,Cash,Entertainment,"-60,000",SYP,-5.1,USD,سواح
31/10/2025,Cash,Bills,"-15,000",SYP,-1.275,USD,
31/10/2025,Cash,House,"-48,000",SYP,-4.08,USD,متفرقات
01/11/2025,Cash,Health,"-93,000",SYP,-7.905,USD,
01/11/2025,Cash,House,"-84,000",SYP,-7.14,USD,قهوة
01/11/2025,Cash,Taxi,"-20,000",SYP,-1.7,USD,
01/11/2025,USD,To 'Cash',-250,USD,-250,USD,
01/11/2025,Cash,From 'USD',"2,968,750",SYP,250,USD,
02/11/2025,Cash,Sports,"-25,000",SYP,-2.125,USD,
02/11/2025,Cash,Taxi,"-45,000",SYP,-3.825,USD,
02/11/2025,Cash,Taxi,"-20,000",SYP,-1.7,USD,
02/11/2025,Cash,Entertainment,"-60,000",SYP,-5.1,USD,كوكيز
02/11/2025,Cash,Babies,"-150,000",SYP,-12.75,USD,
02/11/2025,Cash,House,"-75,000",SYP,-6.375,USD,متفرقات
02/11/2025,USD,To 'Cash',-90,USD,-90,USD,
02/11/2025,Cash,From 'USD',"1,066,500",SYP,90,USD,
02/11/2025,Cash,Taxi,"-30,000",SYP,-2.55,USD,
02/11/2025,Cash,Clothes,"-215,000",SYP,-18.275,USD,
02/11/2025,Cash,Taxi,"-35,000",SYP,-2.975,USD,
02/11/2025,USD,Salary,"1,000",USD,"1,000",USD,
02/11/2025,USD,Bills,-10,USD,-10,USD,تحويل
02/11/2025,USD,House,-100,USD,-100,USD,
02/11/2025,USD,House,-100,USD,-100,USD,نورا
02/11/2025,USD,Moony,-200,USD,-200,USD,
03/11/2025,Cash,Communications,"-225,000",SYP,-19.125,USD,انترنت
03/11/2025,Cash,House,"-75,500",SYP,-6.417,USD,متفرقات
03/11/2025,Cash,Health,"-36,000",SYP,-3.06,USD,بار بار
04/11/2025,Cash,Eating out,"-500,000",SYP,-42.5,USD,في
04/11/2025,Cash,Entertainment,"-20,000",SYP,-1.7,USD,سواح
04/11/2025,Cash,Shaving,"-25,000",SYP,-2.125,USD,
04/11/2025,Cash,House,"-36,000",SYP,-3.06,USD,متفرقات
04/11/2025,Cash,Health,"-130,000",SYP,-11.05,USD,
05/11/2025,Cash,Transport,"-3,000",SYP,-0.255,USD,
05/11/2025,Cash,House,"-62,000",SYP,-5.27,USD,متفرقات
06/11/2025,Cash,Taxi,"-40,000",SYP,-3.4,USD,
06/11/2025,Cash,Taxi,"-10,000",SYP,-0.85,USD,
06/11/2025,Cash,House,"-34,000",SYP,-2.89,USD,قهوة
06/11/2025,Cash,House,"-80,000",SYP,-6.8,USD,متفرقات
06/11/2025,Cash,Taxi,"-40,000",SYP,-3.4,USD,
06/11/2025,Cash,Eating out,"-40,000",SYP,-3.4,USD,شاورما
06/11/2025,Cash,Health,"-12,500",SYP,-1.062,USD,
06/11/2025,Cash,House,"-34,000",SYP,-2.89,USD,سمنة
06/11/2025,Cash,Eating out,"-85,000",SYP,-7.225,USD,حلويات
06/11/2025,Cash,Taxi,"-45,000",SYP,-3.825,USD,
07/11/2025,Cash,Bills,"-20,000",SYP,-1.7,USD,
07/11/2025,Cash,Entertainment,"-45,000",SYP,-3.825,USD,حلويات
08/11/2025,Cash,Health,"-20,000",SYP,-1.7,USD,
08/11/2025,Cash,House,"-118,500",SYP,-10.072,USD,متفرقات
09/11/2025,Cash,House,"-51,500",SYP,-4.377,USD,كهربا
09/11/2025,USD,To 'Cash',-5,USD,-5,USD,
09/11/2025,Cash,From 'USD',"59,000",SYP,5,USD,
09/11/2025,Cash,Communications,"-102,000",SYP,-8.67,USD,وحدات
09/11/2025,Cash,To 'USD',"-1,180,000",SYP,-100.3,USD,
09/11/2025,USD,From 'Cash',100.3,USD,100.3,USD,
09/11/2025,USD,Car,-5,USD,-5,USD,
09/11/2025,Cash,Taxi,"-45,000",SYP,-3.825,USD,
09/11/2025,Cash,Eating out,"-20,000",SYP,-1.7,USD,مسبحة
09/11/2025,Cash,Transport,"-8,000",SYP,-0.68,USD,
09/11/2025,Cash,Taxi,"-35,000",SYP,-2.975,USD,
09/11/2025,Cash,Moony,"-1,350,000",SYP,-114.75,USD,شناتي
09/11/2025,Cash,House,"-125,000",SYP,-10.625,USD,شنتاية
09/11/2025,Cash,House,"-30,000",SYP,-2.55,USD,جزدان
09/11/2025,Cash,Eating out,"-40,000",SYP,-3.4,USD,حلويات
09/11/2025,Cash,Taxi,"-40,000",SYP,-3.4,USD,
09/11/2025,Cash,Health,"-30,000",SYP,-2.55,USD,دوا
09/11/2025,Cash,Sports,"-25,000",SYP,-2.125,USD,
09/11/2025,Cash,Health,"-150,000",SYP,-12.75,USD,دكتور اسنان
09/11/2025,Cash,Health,"-80,000",SYP,-6.8,USD,غلوكوزامين
10/11/2025,Cash,Health,"-190,000",SYP,-16.15,USD,
10/11/2025,Cash,House,"-82,000",SYP,-6.97,USD,فواكه
10/11/2025,USD,To 'Cash',-200,USD,-200,USD,
10/11/2025,Cash,From 'USD',"2,300,000",SYP,200,USD,
11/11/2025,Cash,House,"-31,000",SYP,-2.635,USD,فروج
11/11/2025,Cash,Eating out,"-175,000",SYP,-14.875,USD,كرانشي
11/11/2025,Cash,Entertainment,"-20,000",SYP,-1.7,USD,بولينغ
11/11/2025,Cash,Entertainment,"-65,000",SYP,-5.525,USD,فراب موكا
11/11/2025,Cash,Communications,"-6,000",SYP,-0.51,USD,وحدات
12/11/2025,USD,To 'Cash',-200,USD,-200,USD,
12/11/2025,Cash,From 'USD',"2,330,000",SYP,200,USD,
12/11/2025,Cash,House,"-29,000",SYP,-2.465,USD,متفرقات
14/11/2025,Cash,Bills,"-20,000",SYP,-1.7,USD,
14/11/2025,Cash,Taxi,"-40,000",SYP,-3.4,USD,
14/11/2025,Cash,Entertainment,"-85,000",SYP,-7.225,USD,زوربا
14/11/2025,Cash,Taxi,"-10,000",SYP,-0.85,USD,
14/11/2025,Cash,Taxi,"-45,000",SYP,-3.825,USD,
15/11/2025,Cash,Entertainment,"-200,000",SYP,-17,USD,حلويات
16/11/2025,Cash,Taxi,"-40,000",SYP,-3.4,USD,
16/11/2025,Cash,Transport,"-5,000",SYP,-0.425,USD,
16/11/2025,Cash,Taxi,"-30,000",SYP,-2.55,USD,
16/11/2025,Cash,Health,"-150,000",SYP,-12.75,USD,دكتور اسنان
16/11/2025,Cash,Moony,"-35,000",SYP,-2.975,USD,معجون
16/11/2025,Cash,House,"-10,000",SYP,-0.85,USD,جزر
16/11/2025,Cash,Moony,"-20,000",SYP,-1.7,USD,نضارة
16/11/2025,Cash,Taxi,"-30,000",SYP,-2.55,USD,
16/11/2025,Cash,Moony,"-650,000",SYP,-55.25,USD,مفارش
16/11/2025,Cash,Eating out,"-145,000",SYP,-12.325,USD,بيتزا
16/11/2025,Cash,Sports,"-25,000",SYP,-2.125,USD,
16/11/2025,Cash,House,"-32,000",SYP,-2.72,USD,منظفات
16/11/2025,Cash,Bills,"-25,000",SYP,-2.125,USD,جهاد
16/11/2025,Cash,House,"-125,000",SYP,-10.625,USD,متفرقات
16/11/2025,USD,To 'Cash',-60,USD,-60,USD,
16/11/2025,Cash,From 'USD',"696,000",SYP,60,USD,
18/11/2025,Cash,Entertainment,"-25,000",SYP,-2.125,USD,سواح
18/11/2025,Cash,Eating out,"-76,000",SYP,-6.46,USD,برغر
19/11/2025,Cash,House,"-98,000",SYP,-8.33,USD,حلويات
20/11/2025,Cash,Bills,"-25,000",SYP,-2.125,USD,
20/11/2025,Cash,Eating out,"-50,000",SYP,-4.25,USD,شاورما
20/11/2025,Cash,Entertainment,"-75,000",SYP,-6.375,USD,سواح
20/11/2025,USD,House,-50,USD,-50,USD,مكنسة
21/11/2025,Cash,Bills,"-35,000",SYP,-2.975,USD,
21/11/2025,Cash,House,"-30,000",SYP,-2.55,USD,متفرقات
22/11/2025,Cash,House,"-39,000",SYP,-3.315,USD,فواكه
22/11/2025,Cash,Entertainment,"-45,000",SYP,-3.825,USD,عصير
23/11/2025,Cash,House,"-108,500",SYP,-9.222,USD,متفرقات
23/11/2025,Cash,Sports,"-50,000",SYP,-4.25,USD,
23/11/2025,USD,To 'Cash',-100,USD,-100,USD,
23/11/2025,Cash,From 'USD',"1,190,000",SYP,100,USD,
25/11/2025,USD,House,-40,USD,-40,USD,كهربائيات
25/11/2025,Cash,House,"-100,000",SYP,-8.5,USD,متفرقات
25/11/2025,Cash,Eating out,"-135,000",SYP,-11.475,USD,مشاوي
25/11/2025,Cash,House,"-56,000",SYP,-4.76,USD,كهربا
25/11/2025,Cash,House,"-82,000",SYP,-6.97,USD,مازوت
25/11/2025,Cash,Sports,"-300,000",SYP,-25.5,USD,
27/11/2025,Cash,Taxi,"-44,000",SYP,-3.74,USD,
27/11/2025,Cash,Taxi,"-40,000",SYP,-3.4,USD,
27/11/2025,Cash,House,"-110,000",SYP,-9.35,USD,فروج
27/11/2025,Cash,Taxi,"-45,000",SYP,-3.825,USD,
27/11/2025,Cash,Entertainment,"-30,000",SYP,-2.55,USD,سواح
28/11/2025,Cash,Bills,"-20,000",SYP,-1.7,USD,
29/11/2025,Cash,House,"-40,000",SYP,-3.4,USD,شيش
29/11/2025,Cash,House,"-80,000",SYP,-6.8,USD,حلويات
30/11/2025,Cash,Transport,"-6,000",SYP,-0.51,USD,
30/11/2025,Cash,Eating out,"-145,000",SYP,-12.325,USD,بيتزا
30/11/2025,Cash,House,"-59,000",SYP,-5.015,USD,كعك
30/11/2025,Cash,Taxi,"-25,000",SYP,-2.125,USD,
30/11/2025,Cash,Taxi,"-50,000",SYP,-4.25,USD,
30/11/2025,Cash,Taxi,"-43,000",SYP,-3.655,USD,
30/11/2025,Cash,Taxi,"-45,000",SYP,-3.825,USD,
30/11/2025,USD,To 'Cash',-100,USD,-100,USD,
30/11/2025,Cash,From 'USD',"1,200,000",SYP,100,USD,
30/11/2025,Cash,Health,"-21,000",SYP,-1.785,USD,
30/11/2025,Cash,House,"-400,000",SYP,-34,USD,متفرقات
30/11/2025,Cash,House,"-14,000",SYP,-1.19,USD,موز
30/11/2025,Cash,Health,"-18,000",SYP,-1.53,USD,
30/11/2025,Cash,House,"-6,000",SYP,-0.51,USD,خبز
30/11/2025,Cash,Taxi,"-35,000",SYP,-2.975,USD,
30/11/2025,Cash,House,"-40,000",SYP,-3.4,USD,متفرقات
30/11/2025,Cash,Taxi,"-40,000",SYP,-3.4,USD,
30/11/2025,Cash,Taxi,"-25,000",SYP,-2.125,USD,
30/11/2025,Cash,Taxi,"-30,000",SYP,-2.55,USD,
30/11/2025,Cash,Eating out,"-14,000",SYP,-1.19,USD,كروسان
30/11/2025,Cash,Gifts,"-479,000",SYP,-40.715,USD,كنزات
30/11/2025,Cash,Taxi,"-35,000",SYP,-2.975,USD,
30/11/2025,Cash,Sports,"-25,000",SYP,-2.125,USD,
30/11/2025,USD,House,-15,USD,-15,USD,مازوت
01/12/2025,Cash,House,"-40,000",SYP,-3.4,USD,كهربا
01/12/2025,USD,Rent,148,USD,148,USD,اجار بيوت
01/12/2025,USD,To 'عبد دولار',-148,USD,-148,USD,
01/12/2025,عبد دولار,From 'USD',148,USD,148,USD,
01/12/2025,USD,Salary,"2,000",USD,"2,000",USD,
01/12/2025,USD,Bills,-20,USD,-20,USD,تحويل
01/12/2025,Cash,Bills,"-1,200,000",SYP,-102,USD,ياسر
01/12/2025,Cash,Clothes,"-200,000",SYP,-17,USD,
01/12/2025,Cash,Clothes,"-90,000",SYP,-7.65,USD,داخلي
01/12/2025,Cash,House,"-100,000",SYP,-8.5,USD,ملاعق
01/12/2025,Cash,Transport,"-27,000",SYP,-2.295,USD,
01/12/2025,Cash,Taxi,"-35,000",SYP,-2.975,USD,
01/12/2025,USD,To 'Cash',-200,USD,-200,USD,
01/12/2025,Cash,From 'USD',"2,380,000",SYP,200,USD,
02/12/2025,Cash,Taxi,"-50,000",SYP,-4.25,USD,
02/12/2025,Cash,Eating out,"-135,000",SYP,-11.475,USD,فروج
02/12/2025,Cash,House,"-90,000",SYP,-7.65,USD,خبز
02/12/2025,USD,Moony,-200,USD,-200,USD,
03/12/2025,Cash,House,"-38,000",SYP,-3.23,USD,معكرونة
03/12/2025,Cash,House,"-114,000",SYP,-9.69,USD,متفرقات
04/12/2025,Cash,House,"-140,500",SYP,-11.942,USD,متفرقات
04/12/2025,Cash,Bills,"-25,000",SYP,-2.125,USD,
04/12/2025,Cash,Eating out,"-75,000",SYP,-6.375,USD,برغر
04/12/2025,Cash,Entertainment,"-75,000",SYP,-6.375,USD,سواح
04/12/2025,Cash,Clothes,"-60,000",SYP,-5.1,USD,اعلام
04/12/2025,USD,To 'Cash',-50,USD,-50,USD,
04/12/2025,Cash,From 'USD',"600,000",SYP,50,USD,
05/12/2025,Cash,House,"-65,000",SYP,-5.525,USD,متفرقات
05/12/2025,Cash,Gifts,"-25,000",SYP,-2.125,USD,وردة
05/12/2025,Cash,Bills,"-25,000",SYP,-2.125,USD,
06/12/2025,Cash,Entertainment,"-30,000",SYP,-2.55,USD,سواح
06/12/2025,Cash,Eating out,"-40,000",SYP,-3.4,USD,ماليبو
06/12/2025,Cash,Bills,"-15,000",SYP,-1.275,USD,
06/12/2025,Cash,Taxi,"-75,000",SYP,-6.375,USD,
06/12/2025,Cash,House,"-254,000",SYP,-21.59,USD,متفرقات
06/12/2025,Cash,Clothes,"-210,000",SYP,-17.85,USD,بيجاما
06/12/2025,Cash,Communications,"-225,000",SYP,-19.125,USD,انترنت
07/12/2025,Cash,Shaving,"-30,000",SYP,-2.55,USD,
07/12/2025,Cash,House,"-16,000",SYP,-1.36,USD,لبن
07/12/2025,Cash,Taxi,"-35,000",SYP,-2.975,USD,
07/12/2025,Cash,Taxi,"-35,000",SYP,-2.975,USD,
08/12/2025,Cash,Eating out,"-182,000",SYP,-15.47,USD,كرانشي
08/12/2025,Cash,House,"-23,000",SYP,-1.955,USD,لبن
08/12/2025,Cash,Clothes,"-35,000",SYP,-2.975,USD,طواقي
09/12/2025,Cash,Communications,"-102,000",SYP,-8.67,USD,وحدات
09/12/2025,USD,Rent,401,USD,401,USD,بيوت
10/12/2025,USD,To 'Cash',-100,USD,-100,USD,
10/12/2025,Cash,From 'USD',"1,200,000",SYP,100,USD,
10/12/2025,Cash,House,"-100,000",SYP,-8.5,USD,زيت
10/12/2025,Cash,Taxi,"-50,000",SYP,-4.25,USD,
10/12/2025,USD,To 'Cash',-100,USD,-100,USD,
10/12/2025,Cash,From 'USD',"1,200,000",SYP,100,USD,
11/12/2025,Cash,Gifts,"-150,000",SYP,-13.2,USD,ورد
11/12/2025,Cash,Gifts,"-85,000",SYP,-7.48,USD,بيتفور
11/12/2025,Cash,Taxi,"-27,000",SYP,-2.376,USD,
11/12/2025,Cash,Taxi,"-30,000",SYP,-2.64,USD,
11/12/2025,Cash,Eating out,"-15,000",SYP,-1.32,USD,كروسان
11/12/2025,Cash,Gifts,"-224,000",SYP,-19.712,USD,بيجاما
11/12/2025,Cash,House,"-23,750",SYP,-2.09,USD,كهربا
12/12/2025,Cash,Bills,"-30,000",SYP,-2.64,USD,
12/12/2025,Cash,House,"-30,000",SYP,-2.64,USD,كولا
14/12/2025,Cash,House,"-24,000",SYP,-2.112,USD,كوكيز
14/12/2025,Cash,Entertainment,"-20,000",SYP,-1.76,USD,سواح
14/12/2025,Cash,House,"-95,000",SYP,-8.36,USD,فروج
15/12/2025,Cash,Taxi,"-30,000",SYP,-2.64,USD,
15/12/2025,Cash,Taxi,"-25,000",SYP,-2.2,USD,
15/12/2025,Cash,Mobile,"-145,000",SYP,-12.76,USD,فرانشيسكو
15/12/2025,Cash,Moony,"-75,000",SYP,-6.6,USD,سكارف
15/12/2025,Cash,Toiletry,"-75,000",SYP,-6.6,USD,عطر
15/12/2025,USD,Clothes,-25,USD,-25,USD,بوط
15/12/2025,Cash,Taxi,"-20,000",SYP,-1.76,USD,
15/12/2025,Cash,Health,"-137,000",SYP,-12.056,USD,
15/12/2025,USD,House,-15,USD,-15,USD,مازوت
15/12/2025,USD,Moony,-500,USD,-500,USD,
16/12/2025,USD,Real estate,-100,USD,-100,USD,بيت عربين
16/12/2025,Cash,House,"-46,000",SYP,-4.048,USD,متفرقات
17/12/2025,Cash,Communications,"-24,000",SYP,-2.112,USD,وحدات
18/12/2025,Cash,Bills,"-25,000",SYP,-2.2,USD,
18/12/2025,Cash,Taxi,"-60,000",SYP,-5.28,USD,
18/12/2025,Cash,Eating out,"-46,000",SYP,-4.048,USD,تشيز كيك
18/12/2025,Cash,Eating out,"-44,000",SYP,-3.872,USD,ماليبو
18/12/2025,Cash,Entertainment,"-40,000",SYP,-3.52,USD,سواح
19/12/2025,Cash,House,"-95,000",SYP,-8.36,USD,متفرقات
20/12/2025,Cash,House,"-158,000",SYP,-13.904,USD,متفرقات
20/12/2025,Cash,Shaving,"-30,000",SYP,-2.64,USD,
20/12/2025,Cash,Entertainment,"-20,000",SYP,-1.76,USD,سواح
21/12/2025,USD,To 'Cash',-200,USD,-200,USD,
21/12/2025,Cash,From 'USD',"2,260,000",SYP,200,USD,
21/12/2025,Cash,House,"-157,000",SYP,-13.816,USD,متفرقات
21/12/2025,Cash,Sports,"-50,000",SYP,-4.4,USD,
24/12/2025,Cash,House,"-686,000",SYP,-60.368,USD,متفرقات
24/12/2025,USD,To 'Cash',-300,USD,-300,USD,
24/12/2025,Cash,From 'USD',"3,472,500",SYP,300,USD,
24/12/2025,Cash,Entertainment,"-25,000",SYP,-2.2,USD,سواح
24/12/2025,Cash,House,"-18,450",SYP,-1.623,USD,كهربا
25/12/2025,Cash,Taxi,"-30,000",SYP,-2.64,USD,
25/12/2025,Cash,Taxi,"-30,000",SYP,-2.64,USD,
25/12/2025,Cash,Moony,"-275,000",SYP,-24.2,USD,كامينو
25/12/2025,Cash,House,"-545,000",SYP,-47.96,USD,بزورية
25/12/2025,Cash,House,"-40,000",SYP,-3.52,USD,بخور
25/12/2025,Cash,House,"-36,000",SYP,-3.168,USD,زعتر
25/12/2025,Cash,Entertainment,"-55,000",SYP,-4.84,USD,سواح
25/12/2025,Cash,Eating out,"-85,000",SYP,-7.48,USD,عشا
25/12/2025,Cash,Bills,"-20,000",SYP,-1.76,USD,
25/12/2025,Cash,Transport,"-8,000",SYP,-0.704,USD,
26/12/2025,Cash,Bills,"-50,000",SYP,-4.4,USD,
26/12/2025,Cash,House,"-15,000",SYP,-1.32,USD,خبز
26/12/2025,USD,Salary,"2,000",USD,"2,000",USD,
26/12/2025,USD,Bills,-24,USD,-24,USD,تحويل
26/12/2025,Cash,Communications,"-135,000",SYP,-11.88,USD,ارضي
26/12/2025,USD,House,-35,USD,-35,USD,مازوت
26/12/2025,USD,House,-100,USD,-100,USD,
26/12/2025,USD,House,-100,USD,-100,USD,نورا
27/12/2025,Cash,Eating out,"-45,000",SYP,-3.96,USD,ماليبو
27/12/2025,Cash,Entertainment,"-50,000",SYP,-4.4,USD,سواح
27/12/2025,Cash,House,"-100,000",SYP,-8.8,USD,متفرقات
28/12/2025,Cash,Sports,"-35,000",SYP,-3.08,USD,
28/12/2025,Cash,Taxi,"-30,000",SYP,-2.64,USD,
28/12/2025,Cash,House,"-92,000",SYP,-8.096,USD,متفرقات
28/12/2025,Cash,Taxi,"-30,000",SYP,-2.64,USD,
28/12/2025,USD,House,-15,USD,-15,USD,مازوت
30/12/2025,Cash,Moony,"-250,000",SYP,-21.25,USD,عطر
30/12/2025,Cash,Entertainment,"-40,000",SYP,-3.4,USD,سواح
31/12/2025,Cash,Communications,"-40,000",SYP,-3.4,USD,وحدات
31/12/2025,Cash,Taxi,"-40,000",SYP,-3.4,USD,
31/12/2025,Cash,Transport,"-6,000",SYP,-0.51,USD,
31/12/2025,Cash,Moony,"-186,500",SYP,-15.852,USD,مول
31/12/2025,Cash,Taxi,"-15,000",SYP,-1.275,USD,
31/12/2025,Cash,House,"-109,000",SYP,-9.265,USD,متفرقات
31/12/2025,Cash,Taxi,"-15,000",SYP,-1.275,USD,
31/12/2025,Cash,Taxi,"-20,000",SYP,-1.7,USD,
31/12/2025,Cash,Eating out,"-37,000",SYP,-3.145,USD,فطاير
31/12/2025,Cash,Eating out,"-40,000",SYP,-3.4,USD,ليالي
01/01/2026,USD,Moony,-200,USD,-200,USD,
02/01/2026,Cash,Bills,"-25,000",SYP,-2.075,USD,
02/01/2026,Cash,House,"-15,000",SYP,-1.245,USD,خبز
03/01/2026,USD,To 'Cash',-100,USD,-100,USD,
03/01/2026,Cash,From 'USD',"1,180,000",SYP,100,USD,
03/01/2026,Cash,Taxi,"-40,000",SYP,-3.32,USD,
03/01/2026,Cash,Moony,"-60,000",SYP,-4.98,USD,فواكي
03/01/2026,Cash,Taxi,"-15,000",SYP,-1.245,USD,
03/01/2026,Cash,Bills,"-5,000",SYP,-0.415,USD,
03/01/2026,Cash,Eating out,"-42,000",SYP,-3.486,USD,ماليبو
03/01/2026,Cash,Entertainment,"-45,000",SYP,-3.735,USD,سواح
03/01/2026,Cash,Taxi,"-60,000",SYP,-4.98,USD,
03/01/2026,Cash,House,"-67,000",SYP,-5.561,USD,متفرقات
04/01/2026,Cash,Taxi,"-28,000",SYP,-2.324,USD,
04/01/2026,Cash,House,"-85,000",SYP,-7.055,USD,قهوة
04/01/2026,Cash,Health,"-60,000",SYP,-4.98,USD,
04/01/2026,Cash,Electronics,"-135,000",SYP,-11.205,USD,دفاية
04/01/2026,Cash,House,"-84,000",SYP,-6.972,USD,زيت
04/01/2026,Cash,House,"-25,000",SYP,-2.075,USD,ساحر
04/01/2026,Cash,Taxi,"-15,000",SYP,-1.245,USD,
04/01/2026,Cash,Sports,"-25,000",SYP,-2.075,USD,
04/01/2026,USD,House,-15,USD,-15,USD,مازوت
04/01/2026,Cash,Bills,"-5,000",SYP,-0.415,USD,
04/01/2026,USD,To 'Cash',-20,USD,-20,USD,
04/01/2026,Cash,From 'USD',"236,000",SYP,20,USD,
07/01/2026,Cash,Taxi,"-50,000",SYP,-4.05,USD,
07/01/2026,Cash,Transport,"-3,500",SYP,-0.283,USD,
07/01/2026,Cash,Eating out,"-37,000",SYP,-2.997,USD,فطاير
07/01/2026,Cash,Moony,"-20,500",SYP,-1.66,USD,
07/01/2026,Cash,Taxi,"-15,000",SYP,-1.215,USD,
07/01/2026,Cash,Moony,"-170,000",SYP,-13.77,USD,
07/01/2026,Cash,Entertainment,"-35,000",SYP,-2.835,USD,سواح
08/01/2026,Cash,Bills,"-25,000",SYP,-2.025,USD,
08/01/2026,Cash,Eating out,"-44,000",SYP,-3.564,USD,سمك
08/01/2026,Cash,Entertainment,"-55,000",SYP,-4.455,USD,سواح
09/01/2026,Cash,Bills,"-25,000",SYP,-2.025,USD,
09/01/2026,Cash,House,"-40,000",SYP,-3.24,USD,متفرقات
10/01/2026,Cash,Eating out,"-285,000",SYP,-23.085,USD,زيتونة
10/01/2026,Cash,Health,"-28,000",SYP,-2.268,USD,
10/01/2026,Cash,House,"-81,000",SYP,-6.561,USD,متفرقات
10/01/2026,Cash,Communications,"-225,000",SYP,-18.225,USD,انترنت
10/01/2026,Cash,House,"-40,000",SYP,-3.24,USD,كعك
10/01/2026,Cash,Taxi,"-30,000",SYP,-2.43,USD,
10/01/2026,USD,To 'Cash',-100,USD,-100,USD,
10/01/2026,Cash,From 'USD',"1,190,000",SYP,100,USD,
11/01/2026,USD,House,-15,USD,-15,USD,مازوت
11/01/2026,Cash,Taxi,"-26,000",SYP,-2.106,USD,
11/01/2026,Cash,Taxi,"-26,000",SYP,-2.106,USD,
11/01/2026,Cash,Health,"-48,000",SYP,-3.888,USD,
11/01/2026,Cash,Eating out,"-110,000",SYP,-8.91,USD,سب واي
11/01/2026,Cash,Taxi,"-30,000",SYP,-2.43,USD,
11/01/2026,Cash,Moony,"-700,000",SYP,-56.7,USD,مطبخ
11/01/2026,USD,Moony,-300,USD,-300,USD,
11/01/2026,Cash,Sports,"-40,000",SYP,-3.24,USD,
13/01/2026,Cash,House,"-61,000",SYP,-4.941,USD,فطاير
13/01/2026,Cash,House,"-64,000",SYP,-5.184,USD,متفرقات
15/01/2026,Cash,Bills,"-25,000",SYP,-2.025,USD,
15/01/2026,Cash,Entertainment,"-50,000",SYP,-4.05,USD,سواح
15/01/2026,Cash,Eating out,"-63,000",SYP,-5.103,USD,صفيحة
15/01/2026,Cash,Taxi,"-55,000",SYP,-4.455,USD,
16/01/2026,Cash,Taxi,"-50,000",SYP,-4.05,USD,
16/01/2026,Cash,Taxi,"-30,000",SYP,-2.43,USD,
16/01/2026,Cash,House,"-25,000",SYP,-2.025,USD,فواكي
16/01/2026,Cash,Bills,"-25,000",SYP,-2.025,USD,
16/01/2026,Cash,Shaving,"-30,000",SYP,-2.43,USD,
16/01/2026,Cash,Eating out,"-25,000",SYP,-2.025,USD,شاورما
16/01/2026,Cash,Eating out,"-12,000",SYP,-0.972,USD,مسبحة
16/01/2026,Cash,House,"-25,000",SYP,-2.025,USD,متفرقات
16/01/2026,Cash,House,"-34,000",SYP,-2.754,USD,كهربا
16/01/2026,Cash,House,"-25,000",SYP,-2.025,USD,تصليح مي
16/01/2026,USD,House,-100,USD,-100,USD,
16/01/2026,USD,House,-100,USD,-100,USD,نورا
16/01/2026,USD,To 'Cash',-100,USD,-100,USD,
16/01/2026,Cash,From 'USD',"1,215,000",SYP,100,USD,
17/01/2026,Cash,Taxi,"-40,000",SYP,-3.24,USD,
17/01/2026,Cash,Taxi,"-15,000",SYP,-1.215,USD,
17/01/2026,Cash,House,"-235,000",SYP,-19.035,USD,مول
17/01/2026,Cash,Entertainment,"-56,000",SYP,-4.536,USD,عصير
17/01/2026,Cash,House,"-4,000",SYP,-0.324,USD,مي
18/01/2026,Cash,Taxi,"-40,000",SYP,-3.56,USD,
18/01/2026,Cash,Sports,"-25,000",SYP,-2.225,USD,
18/01/2026,USD,House,-15,USD,-15,USD,مازوت
19/01/2026,Cash,Taxi,"-45,000",SYP,-4.005,USD,
19/01/2026,Cash,Taxi,"-20,000",SYP,-1.78,USD,
19/01/2026,Cash,Taxi,"-55,000",SYP,-4.895,USD,
20/01/2026,Cash,Eating out,"-45,000",SYP,-4.005,USD,ماليبو
20/01/2026,Cash,Entertainment,"-40,000",SYP,-3.56,USD,سواح
21/01/2026,Cash,Taxi,"-26,000",SYP,-2.314,USD,
21/01/2026,Cash,Real estate,"-600,000",SYP,-53.4,USD,مداخن
21/01/2026,Cash,Real estate,"-125,000",SYP,-11.125,USD,ساعة كهربا
21/01/2026,Cash,Real estate,"-95,000",SYP,-8.455,USD,قاطع كهربا
21/01/2026,Cash,Rent,"750,000",SYP,66.75,USD,
21/01/2026,Cash,Real estate,"-750,000",SYP,-66.75,USD,صحية
21/01/2026,USD,To 'Cash',-100,USD,-100,USD,
21/01/2026,Cash,From 'USD',"1,150,000",SYP,100,USD,
21/01/2026,Cash,Real estate,"-500,000",SYP,-44.5,USD,سطح
22/01/2026,Cash,Entertainment,"-20,000",SYP,-1.78,USD,سواح
22/01/2026,Cash,Bills,"-25,000",SYP,-2.225,USD,
22/01/2026,Cash,Entertainment,"-50,000",SYP,-4.45,USD,موالح
22/01/2026,Cash,Gifts,"-400,000",SYP,-35.6,USD,عمار
22/01/2026,Cash,Entertainment,"-12,000",SYP,-1.068,USD,علكة
22/01/2026,Cash,Eating out,"-20,000",SYP,-1.78,USD,فطاير
23/01/2026,Cash,Bills,"-25,000",SYP,-2.225,USD,
23/01/2026,Cash,House,"-7,000",SYP,-0.623,USD,خبز
23/01/2026,Cash,House,"-102,500",SYP,-9.122,USD,متفرقات
23/01/2026,Cash,Taxi,"-35,000",SYP,-3.115,USD,
23/01/2026,Cash,House,"-87,000",SYP,-7.743,USD,البركة
24/01/2026,Cash,Bills,"-953,024",SYP,-84.819,USD,تزبيط حساب
24/01/2026,Cash,Taxi,"-30,000",SYP,-2.67,USD,
24/01/2026,Cash,Entertainment,"-57,000",SYP,-5.073,USD,محلاية
24/01/2026,Cash,House,"-20,000",SYP,-1.78,USD,برتقال
24/01/2026,Cash,Health,"-12,000",SYP,-1.068,USD,
24/01/2026,Cash,Taxi,"-50,000",SYP,-4.45,USD,
25/01/2026,Cash,House,"-98,000",SYP,-8.33,USD,قهوة
25/01/2026,Cash,Toiletry,"-175,000",SYP,-14.875,USD,عطر
25/01/2026,Cash,Sports,"-15,000",SYP,-1.275,USD,
25/01/2026,USD,House,-15,USD,-15,USD,مازوت
25/01/2026,Cash,Health,"-54,000",SYP,-4.59,USD,
25/01/2026,Cash,Taxi,"-35,000",SYP,-2.975,USD,
25/01/2026,USD,To 'Cash',-100,USD,-100,USD,
25/01/2026,Cash,From 'USD',"1,150,000",SYP,100,USD,
26/01/2026,Cash,House,"-77,500",SYP,-6.587,USD,مول
26/01/2026,Cash,Taxi,"-30,000",SYP,-2.55,USD,
26/01/2026,Cash,Eating out,"-230,000",SYP,-19.55,USD,سمك
26/01/2026,Cash,Taxi,"-45,000",SYP,-3.825,USD,
28/01/2026,Cash,Taxi,"-35,000",SYP,-2.975,USD,
28/01/2026,Cash,Taxi,"-65,000",SYP,-5.525,USD,
28/01/2026,Cash,House,"-25,000",SYP,-2.125,USD,
28/01/2026,Cash,Eating out,"-46,000",SYP,-3.91,USD,ماليبو
28/01/2026,Cash,Entertainment,"-40,000",SYP,-3.4,USD,سواح
28/01/2026,Cash,Communications,"-120,000",SYP,-10.2,USD,وحدات
29/01/2026,Cash,Taxi,"-35,000",SYP,-2.975,USD,
29/01/2026,Cash,Eating out,"-235,000",SYP,-19.975,USD,كريسبي
29/01/2026,USD,To 'Cash',-100,USD,-100,USD,
29/01/2026,Cash,From 'USD',"1,160,000",SYP,100,USD,
30/01/2026,Cash,Moony,"-908,300",SYP,-77.205,USD,مول
31/01/2026,Cash,Bills,"-25,000",SYP,-2.125,USD,
31/01/2026,Cash,House,"-15,000",SYP,-1.275,USD,لبن
31/01/2026,Cash,Taxi,"-35,000",SYP,-2.975,USD,
31/01/2026,USD,To 'Cash',-100,USD,-100,USD,
31/01/2026,Cash,From 'USD',"1,160,000",SYP,100,USD,
01/02/2026,Cash,Moony,"-2,864,000",SYP,-246.304,USD,عالم الاواني
01/02/2026,Cash,House,"-97,000",SYP,-8.342,USD,متفرقات
01/02/2026,Cash,Taxi,"-55,000",SYP,-4.73,USD,
01/02/2026,Cash,Taxi,"-50,000",SYP,-4.3,USD,
01/02/2026,USD,To 'Cash',-300,USD,-300,USD,
01/02/2026,Cash,From 'USD',"3,480,000",SYP,300,USD,
01/02/2026,Cash,Sports,"-15,000",SYP,-1.29,USD,
01/02/2026,USD,House,-100,USD,-100,USD,
01/02/2026,USD,House,-15,USD,-15,USD,مازوت
01/02/2026,Cash,House,"-37,000",SYP,-3.182,USD,فروج
01/02/2026,Cash,House,"-142,000",SYP,-12.212,USD,متفرقات
01/02/2026,USD,House,-100,USD,-100,USD,نورا
01/02/2026,Cash,House,-100,SYP,-0.008,USD,
01/02/2026,USD,Salary,"2,000",USD,"2,000",USD,
01/02/2026,USD,Bills,-24,USD,-24,USD,تحويل
01/02/2026,USD,To 'Cash',-6,USD,-6,USD,
01/02/2026,Cash,From 'USD',"69,000",SYP,6,USD,
01/02/2026,USD,Real estate,-25,USD,-25,USD,مصعد
01/02/2026,Cash,Real estate,"-75,000",SYP,-6.45,USD,مصعد
01/02/2026,Cash,Bills,"-5,000",SYP,-0.43,USD,
02/02/2026,USD,Moony,-300,USD,-300,USD,
03/02/2026,Cash,Communications,"-225,000",SYP,-19.35,USD,انترنت
03/02/2026,Cash,Sports,"-33,000",SYP,-2.838,USD,
04/02/2026,Cash,To 'New Cash',"-105,000",SYP,-9.03,USD,
04/02/2026,New Cash,From 'Cash',"1,050",ZWL,9.03,USD,
05/02/2026,Cash,House,"-158,000",SYP,-13.588,USD,متفرقات
05/02/2026,Cash,Taxi,"-36,000",SYP,-3.096,USD,
05/02/2026,Cash,Taxi,"-15,000",SYP,-1.29,USD,
05/02/2026,Cash,Taxi,"-50,000",SYP,-4.3,USD,
05/02/2026,Cash,Gifts,"-50,000",SYP,-4.3,USD,نغم
05/02/2026,Cash,Eating out,"-34,000",SYP,-2.924,USD,تسقية
07/02/2026,Cash,Taxi,"-22,000",SYP,-1.892,USD,
07/02/2026,Cash,Taxi,"-25,000",SYP,-2.15,USD,
07/02/2026,Cash,Moony,"-30,000",SYP,-2.58,USD,كاسات
07/02/2026,Cash,Health,"-74,000",SYP,-6.364,USD,دوا
07/02/2026,Cash,Bills,"-30,000",SYP,-2.58,USD,
07/02/2026,Cash,House,"-40,000",SYP,-3.44,USD,فواكي
07/02/2026,USD,To 'Cash',-100,USD,-100,USD,
07/02/2026,Cash,From 'USD',"1,140,000",SYP,100,USD,
08/02/2026,USD,To 'Cash',-200,USD,-200,USD,
08/02/2026,Cash,From 'USD',"2,300,000",SYP,200,USD,
08/02/2026,Cash,Taxi,"-40,000",SYP,-3.44,USD,
08/02/2026,Cash,Taxi,"-35,000",SYP,-3.01,USD,
08/02/2026,Cash,Moony,"-450,000",SYP,-38.7,USD,بوط
08/02/2026,Cash,Eating out,"-16,000",SYP,-1.376,USD,كروسان
08/02/2026,Cash,Bills,"-5,000",SYP,-0.43,USD,
08/02/2026,Cash,Clothes,"-450,000",SYP,-38.7,USD,بيجامات
08/02/2026,Cash,Moony,"-590,000",SYP,-50.74,USD,داخلي
08/02/2026,Cash,Moony,"-30,000",SYP,-2.58,USD,رموش
08/02/2026,Cash,Moony,"-20,000",SYP,-1.72,USD,بكلات
08/02/2026,Cash,Moony,"-2,250,000",SYP,-193.5,USD,عصرونية
08/02/2026,Cash,Bills,"-25,000",SYP,-2.15,USD,عرباية
08/02/2026,Cash,Taxi,"-50,000",SYP,-4.3,USD,
08/02/2026,USD,To 'Cash',-100,USD,-100,USD,
08/02/2026,Cash,From 'USD',"1,150,000",SYP,100,USD,
09/02/2026,Cash,Entertainment,"-15,000",SYP,-1.29,USD,سواح
10/02/2026,Cash,Taxi,"-22,000",SYP,-1.892,USD,
10/02/2026,Cash,Real estate,"-350,000",SYP,-30.1,USD,سيبة
10/02/2026,Cash,Real estate,"-900,000",SYP,-77.4,USD,دهان
10/02/2026,Cash,House,"-39,000",SYP,-3.354,USD,منظفات
10/02/2026,Cash,Taxi,"-35,000",SYP,-3.01,USD,
10/02/2026,Cash,Shaving,"-30,000",SYP,-2.58,USD,
10/02/2026,Cash,Health,"-8,000",SYP,-0.688,USD,
10/02/2026,USD,To 'Cash',-100,USD,-100,USD,
10/02/2026,Cash,From 'USD',"1,155,000",SYP,100,USD,
10/02/2026,USD,To 'Cash',-200,USD,-200,USD,
10/02/2026,Cash,From 'USD',"2,320,000",SYP,200,USD,
10/02/2026,Cash,Taxi,"-25,000",SYP,-2.15,USD,
10/02/2026,Cash,Real estate,"-50,000",SYP,-4.3,USD,عتالة
10/02/2026,Cash,Taxi,"-40,000",SYP,-3.44,USD,
10/02/2026,Cash,Eating out,"-47,000",SYP,-4.042,USD,ماليبو
10/02/2026,Cash,Entertainment,"-60,000",SYP,-5.16,USD,سواح
11/02/2026,Cash,House,"-57,500",SYP,-4.945,USD,كهربا
11/02/2026,Cash,Taxi,"-25,000",SYP,-2.15,USD,
11/02/2026,Cash,Taxi,"-25,000",SYP,-2.15,USD,
11/02/2026,USD,Real estate,-220,USD,-220,USD,مغسلة
11/02/2026,USD,Real estate,-300,USD,-300,USD,مطبخ
11/02/2026,Cash,Real estate,"-1,000,000",SYP,-86,USD,صحية
12/02/2026,Cash,Taxi,"-47,000",SYP,-4.042,USD,
12/02/2026,USD,To 'Cash',-100,USD,-100,USD,
12/02/2026,Cash,From 'USD',"1,160,000",SYP,100,USD,
12/02/2026,Cash,Moony,"-220,000",SYP,-18.92,USD,اكسسوار
12/02/2026,Cash,Communications,"-150,000",SYP,-12.9,USD,ارضي
12/02/2026,Cash,Moony,"-250,000",SYP,-21.5,USD,انجل
12/02/2026,Cash,Eating out,"-36,000",SYP,-3.096,USD,كروسان
12/02/2026,Cash,Eating out,"-40,000",SYP,-3.44,USD,شاورما
12/02/2026,Cash,Entertainment,"-75,000",SYP,-6.45,USD,سواح
13/02/2026,Cash,Bills,"-25,000",SYP,-2.15,USD,
13/02/2026,Cash,Real estate,"-1,550,000",SYP,-133.3,USD,دهان
13/02/2026,Cash,House,"-137,000",SYP,-11.782,USD,متفرقات
13/02/2026,Cash,Taxi,"-23,000",SYP,-1.978,USD,
13/02/2026,Cash,Entertainment,"-45,000",SYP,-3.87,USD,بوظة
14/02/2026,USD,Real estate,-400,USD,-400,USD,غرفة نوم
14/02/2026,USD,Moony,-10,USD,-10,USD,صورة
15/02/2026,Cash,Taxi,"-15,000",SYP,-1.29,USD,
15/02/2026,Cash,Taxi,"-60,000",SYP,-5.16,USD,
15/02/2026,Cash,Entertainment,"-120,000",SYP,-10.32,USD,شام غريل
15/02/2026,Cash,Eating out,"-194,000",SYP,-16.684,USD,كريسبي
15/02/2026,Cash,Sports,"-30,000",SYP,-2.58,USD,
15/02/2026,Cash,Entertainment,"-15,000",SYP,-1.29,USD,موالح
15/02/2026,Cash,Moony,"-12,000",SYP,-1.032,USD,معسل
15/02/2026,USD,Gifts,"2,500",USD,"2,500",USD,عهد
15/02/2026,Cash,Taxi,"-37,000",SYP,-3.182,USD,
15/02/2026,Cash,House,"-30,000",SYP,-2.58,USD,رطب
15/02/2026,USD,House,-100,USD,-100,USD,رمضان
15/02/2026,USD,To 'Cash',-300,USD,-300,USD,
15/02/2026,Cash,From 'USD',"3,495,000",SYP,300,USD,
15/02/2026,Cash,Babies,"-300,000",SYP,-25.8,USD,
15/02/2026,Cash,Bills,"-300,000",SYP,-25.8,USD,رمضان
16/02/2026,Cash,Entertainment,"-40,000",SYP,-3.44,USD,سواح
17/02/2026,Cash,Taxi,"-27,000",SYP,-2.322,USD,
17/02/2026,Cash,Taxi,"-30,000",SYP,-2.58,USD,
17/02/2026,Cash,Entertainment,"-10,000",SYP,-0.86,USD,سواح
17/02/2026,Cash,Eating out,"-100,000",SYP,-8.6,USD,سمك
18/02/2026,Cash,Communications,"-12,000",SYP,-1.032,USD,وحدات
19/02/2026,Cash,House,"-15,000",SYP,-1.29,USD,حليب
20/02/2026,Cash,Bills,"-25,000",SYP,-2.15,USD,
20/02/2026,Cash,House,"-25,000",SYP,-2.15,USD,خبز
21/02/2026,Cash,House,"-80,000",SYP,-6.88,USD,حلويات
21/02/2026,Cash,Moony,"-58,000",SYP,-4.988,USD,فانوس
21/02/2026,Cash,House,"-26,000",SYP,-2.236,USD,زجاج
22/02/2026,Cash,Real estate,"-2,000,000",SYP,-172,USD,صيانة
22/02/2026,USD,Real estate,-50,USD,-50,USD,صيانة
22/02/2026,Cash,Sports,"-30,000",SYP,-2.58,USD,
22/02/2026,Cash,Taxi,"-40,000",SYP,-3.44,USD,
22/02/2026,Cash,Health,"-30,000",SYP,-2.58,USD,معجون
22/02/2026,USD,To 'Cash',-100,USD,-100,USD,
22/02/2026,Cash,From 'USD',"1,170,000",SYP,100,USD,
23/02/2026,Cash,House,"-30,000",SYP,-2.58,USD,معروك
25/02/2026,Cash,Taxi,"-40,000",SYP,-3.44,USD,
25/02/2026,Cash,Taxi,"-35,000",SYP,-3.01,USD,
25/02/2026,Cash,Taxi,"-40,000",SYP,-3.44,USD,
25/02/2026,Cash,Taxi,"-27,000",SYP,-2.322,USD,
25/02/2026,USD,Moony,-100,USD,-100,USD,عطور
25/02/2026,Cash,Moony,"-415,000",SYP,-35.69,USD,عطور
25/02/2026,Cash,House,"-90,000",SYP,-7.74,USD,صحون
25/02/2026,Cash,House,"-30,000",SYP,-2.58,USD,مي
25/02/2026,USD,To 'Cash',-200,USD,-200,USD,
25/02/2026,Cash,From 'USD',"2,340,000",SYP,200,USD,
27/02/2026,Cash,House,"-65,000",SYP,-5.59,USD,حلويات
28/02/2026,Cash,House,"-174,000",SYP,-14.964,USD,متفرقات
28/02/2026,USD,Moony,-300,USD,-300,USD,حجز صالة
28/02/2026,Cash,Moony,"-56,000",SYP,-4.816,USD,تطريز الفن
28/02/2026,Cash,Taxi,"-40,000",SYP,-3.44,USD,
28/02/2026,Cash,Taxi,"-35,000",SYP,-3.01,USD,
28/02/2026,Cash,Bills,"-10,000",SYP,-0.86,USD,
01/03/2026,Cash,Taxi,"-15,000",SYP,-1.275,USD,
01/03/2026,Cash,House,"-50,000",SYP,-4.25,USD,متفرقات
01/03/2026,Cash,Taxi,"-40,000",SYP,-3.4,USD,
01/03/2026,Cash,Communications,"-48,000",SYP,-4.08,USD,وحدات
01/03/2026,Cash,Taxi,"-25,000",SYP,-2.125,USD,
01/03/2026,Cash,House,"-22,500",SYP,-1.912,USD,كهربا عربين
01/03/2026,Cash,Taxi,"-35,000",SYP,-2.975,USD,
01/03/2026,USD,Salary,"2,000",USD,"2,000",USD,
01/03/2026,USD,Bills,-20,USD,-20,USD,تحويل
01/03/2026,USD,To 'Cash',-80,USD,-80,USD,
01/03/2026,Cash,From 'USD',"940,000",SYP,80,USD,
02/03/2026,Cash,To 'New Cash',"-121,000",SYP,-10.285,USD,
02/03/2026,New Cash,From 'Cash',"1,210",ZWL,10.285,USD,
02/03/2026,Cash,House,"-185,000",SYP,-15.725,USD,كاتو
02/03/2026,Cash,House,"-20,000",SYP,-1.7,USD,متفرقات
02/03/2026,USD,Moony,-300,USD,-300,USD,
03/03/2026,Cash,Gifts,"5,000,000",SYP,425,USD,نورا
03/03/2026,Cash,To 'USD',"-1,170,000",SYP,-99.45,USD,
03/03/2026,USD,From 'Cash',99.45,USD,99.45,USD,
04/03/2026,Cash,Communications,"-235,000",SYP,-19.975,USD,انترنت
04/03/2026,Cash,Electronics,"-30,000",SYP,-2.55,USD,وصلة
04/03/2026,USD,Bills,-215,USD,-215,USD,معاملة
04/03/2026,Cash,Bills,"-10,000",SYP,-0.85,USD,
04/03/2026,Cash,Taxi,"-30,000",SYP,-2.55,USD,
04/03/2026,Cash,Taxi,"-15,000",SYP,-1.275,USD,
04/03/2026,Cash,Babies,"-75,000",SYP,-6.375,USD,
04/03/2026,Cash,Entertainment,"-40,000",SYP,-3.4,USD,سواح
05/03/2026,Cash,House,"-32,000",SYP,-2.72,USD,
05/03/2026,Cash,House,"-31,000",SYP,-2.635,USD,فواكه
05/03/2026,Cash,Entertainment,"-60,000",SYP,-5.1,USD,سواح
06/03/2026,Cash,Bills,"-40,000",SYP,-3.4,USD,
06/03/2026,Cash,House,"-13,000",SYP,-1.105,USD,
06/03/2026,Cash,House,"-22,500",SYP,-1.912,USD,برتقال
06/03/2026,Cash,Taxi,"-40,000",SYP,-3.4,USD,
06/03/2026,Cash,House,"-15,000",SYP,-1.275,USD,
06/03/2026,Cash,Taxi,"-25,000",SYP,-2.125,USD,
06/03/2026,Cash,Moony,"-207,000",SYP,-17.595,USD,بوط
06/03/2026,USD,Moony,-100,USD,-100,USD,بوط
07/03/2026,Cash,House,"-50,000",SYP,-4.25,USD,كهربا
07/03/2026,USD,To 'Cash',-30,USD,-30,USD,
07/03/2026,Cash,From 'USD',"360,000",SYP,30,USD,
07/03/2026,Cash,To 'New Cash',"-360,000",SYP,-30.6,USD,
07/03/2026,New Cash,From 'Cash',"3,600",ZWL,30.6,USD,
07/03/2026,Cash,House,"-25,000",SYP,-2.125,USD,بيتفور
07/03/2026,Cash,House,"-178,000",SYP,-15.13,USD,مازوت
07/03/2026,Cash,Eating out,"-245,000",SYP,-20.825,USD,فطور
07/03/2026,Cash,Clothes,"-285,000",SYP,-24.225,USD,كنزات
07/03/2026,Cash,Health,"-13,000",SYP,-1.105,USD,
07/03/2026,Cash,Moony,"-118,000",SYP,-10.03,USD,مشط
07/03/2026,Cash,To 'New Cash',"-50,000",SYP,-4.25,USD,
07/03/2026,New Cash,From 'Cash',500,ZWL,4.25,USD,
08/03/2026,Cash,House,"-20,000",SYP,-1.7,USD,لبن
08/03/2026,Cash,Taxi,"-60,000",SYP,-5.1,USD,
08/03/2026,Cash,Taxi,"-20,000",SYP,-1.7,USD,
08/03/2026,Cash,Eating out,"-72,000",SYP,-6.12,USD,كاتو
10/03/2026,Cash,Entertainment,"-40,000",SYP,-3.4,USD,سواح
11/03/2026,Cash,House,"-127,000",SYP,-10.795,USD,غاز
11/03/2026,Cash,Taxi,"-25,000",SYP,-2.125,USD,
11/03/2026,Cash,Taxi,"-30,000",SYP,-2.55,USD,
11/03/2026,Cash,House,"-30,000",SYP,-2.55,USD,كهربا
11/03/2026,Cash,House,"-236,000",SYP,-20.06,USD,منظفات
11/03/2026,USD,Real estate,-300,USD,-300,USD,غرفة نوم
11/03/2026,USD,Real estate,-300,USD,-300,USD,غرفة قعدة
12/03/2026,Cash,Moony,"-17,000",SYP,-1.445,USD,معسل
12/03/2026,Cash,Entertainment,"-40,000",SYP,-3.4,USD,كلير
12/03/2026,Cash,Entertainment,"-30,000",SYP,-2.55,USD,جلاب
13/03/2026,Cash,Moony,"-88,500",SYP,-7.522,USD,
13/03/2026,New Cash,To 'Cash',-885,ZWL,-7.495,USD,
13/03/2026,Cash,From 'New Cash',"88,500",SYP,7.495,USD,
13/03/2026,Cash,Bills,"-25,000",SYP,-2.125,USD,
13/03/2026,Cash,Communications,"-98,500",SYP,-8.372,USD,وحدات
14/03/2026,Cash,Taxi,"-25,000",SYP,-2.125,USD,
14/03/2026,USD,Real estate,-25,USD,-25,USD,اكسسوارت باب
14/03/2026,Cash,Real estate,"-40,000",SYP,-3.4,USD,جوزة باب
14/03/2026,Cash,Real estate,"-565,000",SYP,-48.025,USD,لوازم كهربا
14/03/2026,Cash,Real estate,"-21,000",SYP,-1.785,USD,بلوعة
14/03/2026,Cash,Real estate,"-550,000",SYP,-46.75,USD,بلاط
14/03/2026,Cash,Real estate,"-800,000",SYP,-68,USD,كهربجي
14/03/2026,Cash,House,"-126,000",SYP,-10.71,USD,متفرقات
14/03/2026,Cash,Shaving,"-30,000",SYP,-2.55,USD,
14/03/2026,Cash,House,"-78,000",SYP,-6.63,USD,شقف مسح
14/03/2026,Cash,Moony,"-12,000",SYP,-1.02,USD,معسل
14/03/2026,Cash,Moony,"-100,000",SYP,-8.5,USD,علب مونة
14/03/2026,USD,Clothes,-220,USD,-220,USD,كازوتشي
14/03/2026,Cash,Taxi,"-30,000",SYP,-2.55,USD,
14/03/2026,USD,To 'Cash',-100,USD,-100,USD,
14/03/2026,Cash,From 'USD',"1,175,000",SYP,100,USD,
14/03/2026,Cash,Clothes,"-430,000",SYP,-36.55,USD,داخلي
15/03/2026,Cash,Taxi,"-50,000",SYP,-4.25,USD,
15/03/2026,USD,Real estate,-350,USD,-350,USD,مطبخ
15/03/2026,Cash,Real estate,"-500,000",SYP,-42.5,USD,خزانة منظفات
15/03/2026,USD,Electronics,-25,USD,-25,USD,دفاية
15/03/2026,Cash,House,"-21,000",SYP,-1.785,USD,منظفات
15/03/2026,Cash,Taxi,"-25,000",SYP,-2.125,USD,
15/03/2026,Cash,Clothes,"-600,000",SYP,-51,USD,بوطين
15/03/2026,Cash,Clothes,"-550,000",SYP,-46.75,USD,بوط رسمي
15/03/2026,USD,Moony,-30,USD,-30,USD,بوط
15/03/2026,Cash,Moony,"-30,000",SYP,-2.55,USD,ورد
15/03/2026,Cash,Clothes,"-350,000",SYP,-29.75,USD,كنزة
15/03/2026,Cash,House,"-19,000",SYP,-1.615,USD,رز
15/03/2026,USD,To 'Cash',-120,USD,-120,USD,
15/03/2026,Cash,From 'USD',"1,404,000",SYP,120,USD,
15/03/2026,Cash,Bills,"-9,000",SYP,-0.765,USD,
16/03/2026,USD,House,-100,USD,-100,USD,
16/03/2026,Cash,To 'New Cash',"-360,000",SYP,-30.6,USD,
16/03/2026,New Cash,From 'Cash',"3,600",ZWL,30.6,USD,
16/03/2026,USD,House,-100,USD,-100,USD,نورا
16/03/2026,Cash,Taxi,"-25,000",SYP,-2.125,USD,
16/03/2026,Cash,Real estate,"-100,000",SYP,-8.5,USD,قفل
16/03/2026,Cash,House,"-60,000",SYP,-5.1,USD,منظفات
16/03/2026,Cash,Real estate,"-395,000",SYP,-33.575,USD,نجار
16/03/2026,Cash,House,"-48,000",SYP,-4.08,USD,منظفات
16/03/2026,Cash,Taxi,"-60,000",SYP,-5.1,USD,
16/03/2026,Cash,Bills,"-25,000",SYP,-2.125,USD,
16/03/2026,New Cash,To 'Cash',"-1,500",ZWL,-12.705,USD,
16/03/2026,USD,To 'Cash',-100,USD,-100,USD,
16/03/2026,Cash,From 'New Cash',"150,000",SYP,12.705,USD,
16/03/2026,Cash,From 'USD',"1,170,000",SYP,100,USD,
17/03/2026,Cash,House,"-105,000",SYP,-8.925,USD,متفرقات
17/03/2026,Cash,House,"-380,000",SYP,-32.3,USD,حلويات
17/03/2026,Cash,Taxi,"-60,000",SYP,-5.1,USD,
17/03/2026,Cash,Entertainment,"-60,000",SYP,-5.1,USD,سواح
18/03/2026,Cash,Clothes,"-600,000",SYP,-51,USD,
18/03/2026,Cash,House,"-150,000",SYP,-12.75,USD,شوكولا
18/03/2026,Cash,Taxi,"-45,000",SYP,-3.825,USD,
18/03/2026,Cash,Eating out,"-90,000",SYP,-7.65,USD,مندي
18/03/2026,Cash,Taxi,"-65,000",SYP,-5.525,USD,
18/03/2026,Cash,House,"-100,000",SYP,-8.5,USD,موالح
18/03/2026,Cash,Moony,"-110,000",SYP,-9.35,USD,لحشات
18/03/2026,Cash,Moony,"-50,000",SYP,-4.25,USD,فناجين
18/03/2026,Cash,Gifts,"-300,000",SYP,-25.5,USD,مرت عمو
18/03/2026,Cash,House,"-165,000",SYP,-14.025,USD,راحة
18/03/2026,Cash,Taxi,"-20,000",SYP,-1.7,USD,
19/03/2026,Cash,Taxi,"-25,000",SYP,-2.125,USD,
19/03/2026,Cash,Taxi,"-30,000",SYP,-2.55,USD,
19/03/2026,Cash,House,"-47,000",SYP,-3.995,USD,نيونات
19/03/2026,Cash,House,"-148,000",SYP,-12.58,USD,شوكولا
19/03/2026,Cash,Entertainment,"-40,000",SYP,-3.4,USD,سواح
20/03/2026,Cash,Taxi,"-48,000",SYP,-4.08,USD,
20/03/2026,Cash,Babies,"-150,000",SYP,-12.75,USD,
21/03/2026,Cash,Moony,"-500,000",SYP,-42.5,USD,عيدية
21/03/2026,Cash,Gifts,"-50,000",SYP,-4.25,USD,نغم
21/03/2026,Cash,Taxi,"-30,000",SYP,-2.55,USD,
22/03/2026,USD,To 'Cash',-500,USD,-500,USD,
22/03/2026,Cash,From 'USD',"5,900,000",SYP,500,USD,
22/03/2026,Cash,Eating out,"-220,000",SYP,-18.7,USD,كوردون
22/03/2026,Cash,Taxi,"-30,000",SYP,-2.55,USD,
22/03/2026,Cash,Taxi,"-40,000",SYP,-3.4,USD,
22/03/2026,New Cash,To 'Cash',"-3,100",ZWL,-26.257,USD,
22/03/2026,Cash,From 'New Cash',"310,000",SYP,26.257,USD,
23/03/2026,USD,To 'Cash',-300,USD,-300,USD,
23/03/2026,Cash,From 'USD',"3,585,000",SYP,300,USD,
23/03/2026,USD,House,-15,USD,-15,USD,مازوت
23/03/2026,Cash,House,"-11,000",SYP,-0.935,USD,
23/03/2026,Cash,House,"-67,500",SYP,-5.737,USD,كهربا
23/03/2026,Cash,House,"-55,000",SYP,-4.675,USD,تغذية راوتر
24/03/2026,Cash,House,"-247,000",SYP,-20.995,USD,عدة
24/03/2026,Cash,Entertainment,"-36,000",SYP,-3.06,USD,بسكوت
24/03/2026,Cash,Taxi,"-25,000",SYP,-2.125,USD,
24/03/2026,Cash,Eating out,"-140,000",SYP,-11.9,USD,شاورما
24/03/2026,Cash,Taxi,"-100,000",SYP,-8.5,USD,
25/03/2026,Cash,To 'New Cash',"-3,400,000",SYP,-289,USD,
25/03/2026,New Cash,From 'Cash',"34,000",ZWL,289,USD,
26/03/2026,Cash,Taxi,"-25,000",SYP,-2.125,USD,
26/03/2026,Cash,Taxi,"-85,000",SYP,-7.225,USD,
26/03/2026,Cash,House,"-10,000",SYP,-0.85,USD,منظفات
26/03/2026,Cash,House,"-35,000",SYP,-2.975,USD,شاكوش
26/03/2026,USD,Real estate,-12,USD,-12,USD,صحية
26/03/2026,Cash,Eating out,"-45,000",SYP,-3.825,USD,بيتزا
26/03/2026,Cash,House,"-85,000",SYP,-7.225,USD,كهربا
26/03/2026,Cash,Entertainment,"-50,000",SYP,-4.25,USD,سواح
26/03/2026,USD,To 'Cash',-100,USD,-100,USD,
26/03/2026,Cash,To 'New Cash',"-1,220,000",SYP,-103.7,USD,
26/03/2026,Cash,From 'USD',"1,220,000",SYP,100,USD,
26/03/2026,New Cash,From 'Cash',"12,200",ZWL,103.7,USD,
27/03/2026,Cash,Bills,"-25,000",SYP,-2.125,USD,
27/03/2026,Cash,Moony,"-126,000",SYP,-10.71,USD,لعبة
27/03/2026,Cash,House,"-407,000",SYP,-34.595,USD,منظفات
28/03/2026,Cash,Eating out,"-125,000",SYP,-10.125,USD,فطاير
28/03/2026,Cash,House,"-148,000",SYP,-11.988,USD,منظفات
28/03/2026,Cash,Real estate,"-1,500,000",SYP,-121.5,USD,باب مطبخ
28/03/2026,Cash,Bills,"-300,000",SYP,-24.3,USD,نقل عفش
28/03/2026,Cash,Real estate,"-314,000",SYP,-25.434,USD,خزان بيديه
28/03/2026,USD,To 'Cash',-100,USD,-100,USD,
28/03/2026,Cash,From 'USD',"1,225,000",SYP,100,USD,
28/03/2026,USD,Electronics,-740,USD,-740,USD,براد
28/03/2026,USD,Electronics,-400,USD,-400,USD,فرن
28/03/2026,USD,Electronics,-250,USD,-250,USD,شاشة
28/03/2026,USD,Electronics,-125,USD,-125,USD,كولر
28/03/2026,USD,Electronics,-395,USD,-395,USD,غسالة
28/03/2026,Cash,Electronics,"-12,000",SYP,-0.972,USD,كمالة حساب
29/03/2026,Cash,Taxi,"-35,000",SYP,-2.835,USD,
29/03/2026,Cash,Electronics,"-40,000",SYP,-3.24,USD,وصلات
29/03/2026,Cash,Eating out,"-100,000",SYP,-8.1,USD,كاتو
29/03/2026,Cash,Taxi,"-46,000",SYP,-3.726,USD,
29/03/2026,Cash,Taxi,"-50,000",SYP,-4.05,USD,
29/03/2026,Cash,House,"-8,000",SYP,-0.648,USD,دوا صراصير
30/03/2026,Cash,Taxi,"-30,000",SYP,-2.43,USD,
30/03/2026,Cash,Taxi,"-35,000",SYP,-2.835,USD,
30/03/2026,Cash,Health,"-350,000",SYP,-28.35,USD,تحاليل زواج
30/03/2026,Cash,Taxi,"-20,000",SYP,-1.62,USD,
30/03/2026,Cash,Eating out,"-28,000",SYP,-2.268,USD,فلافل
30/03/2026,Cash,House,"-40,000",SYP,-3.24,USD,دوا صراصير
30/03/2026,Cash,House,"-37,000",SYP,-2.997,USD,منظفات
30/03/2026,Cash,Taxi,"-37,000",SYP,-2.997,USD,
30/03/2026,Cash,Real estate,"-500,000",SYP,-40.5,USD,خزانة منظفات
30/03/2026,USD,Real estate,-100,USD,-100,USD,قاعدة طاقة
30/03/2026,Cash,House,"-100,000",SYP,-8.1,USD,كهربا
31/03/2026,New Cash,To 'Cash',"-2,000",ZWL,-16.286,USD,
31/03/2026,Cash,From 'New Cash',"200,000",SYP,16.286,USD,
31/03/2026,USD,Gifts,800,USD,800,USD,ماما
31/03/2026,Cash,Entertainment,"-60,000",SYP,-4.86,USD,سواح
01/04/2026,USD,To 'Cash',-100,USD,-100,USD,
01/04/2026,Cash,To 'New Cash',"-1,220,000",SYP,-98.82,USD,
01/04/2026,Cash,From 'USD',"1,220,000",SYP,100,USD,
01/04/2026,New Cash,From 'Cash',"12,200",ZWL,98.82,USD,
01/04/2026,Cash,Taxi,"-30,000",SYP,-2.43,USD,
01/04/2026,Cash,House,"-651,500",SYP,-52.771,USD,مول
01/04/2026,Cash,Real estate,"-700,000",SYP,-56.7,USD,عتالة
01/04/2026,USD,Salary,"2,000",USD,"2,000",USD,
01/04/2026,USD,Bills,-24,USD,-24,USD,تحويل
01/04/2026,USD,Real estate,"-1,150",USD,"-1,150",USD,غرفة نوم
01/04/2026,USD,Real estate,-150,USD,-150,USD,فرشة
01/04/2026,New Cash,To 'Cash',"-7,000",ZWL,-57.001,USD,
01/04/2026,USD,To 'Cash',-1,USD,-1,USD,
01/04/2026,Cash,From 'New Cash',"700,000",SYP,57.001,USD,
01/04/2026,Cash,From 'USD',"12,000",SYP,1,USD,
02/04/2026,Cash,Eating out,"-125,000",SYP,-10.125,USD,شاورما
02/04/2026,Cash,Entertainment,"-60,000",SYP,-4.86,USD,سواح
02/04/2026,Cash,Taxi,"-25,000",SYP,-2.025,USD,
02/04/2026,Cash,Eating out,"-25,000",SYP,-2.025,USD,بسكوت
02/04/2026,Cash,Eating out,"-15,000",SYP,-1.215,USD,شاورما
02/04/2026,Cash,Transport,"-17,000",SYP,-1.377,USD,
02/04/2026,Cash,Bills,"-25,000",SYP,-2.025,USD,
03/04/2026,Cash,Shaving,"-50,000",SYP,-4.05,USD,
03/04/2026,Cash,Taxi,"-112,500",SYP,-9.112,USD,
03/04/2026,Cash,Taxi,"-120,000",SYP,-9.72,USD,
03/04/2026,New Cash,To 'Cash',"-2,825",ZWL,-23.003,USD,
03/04/2026,Cash,From 'New Cash',"282,500",SYP,23.003,USD,
03/04/2026,Cash,Communications,"-145,000",SYP,-11.745,USD,ارضي
03/04/2026,New Cash,To 'Cash',"-7,500",ZWL,-61.072,USD,
03/04/2026,Cash,From 'New Cash',"750,000",SYP,61.072,USD,
03/04/2026,Cash,To 'New Cash',"-340,000",SYP,-27.54,USD,
03/04/2026,New Cash,From 'Cash',"3,400",ZWL,27.54,USD,
03/04/2026,New Cash,To 'Cash',"-2,900",ZWL,-23.614,USD,
03/04/2026,Cash,From 'New Cash',"290,000",SYP,23.614,USD,
03/04/2026,New Cash,To 'Cash',-940,ZWL,-7.654,USD,
03/04/2026,Cash,From 'New Cash',"94,000",SYP,7.654,USD,
03/04/2026,Cash,Bills,"-25,000",SYP,-2.025,USD,
03/04/2026,Cash,House,"-68,500",SYP,-5.548,USD,
04/04/2026,Cash,Communications,"-235,000",SYP,-19.035,USD,انترنت
04/04/2026,Cash,Eating out,"-50,000",SYP,-4.05,USD,ماليبو
04/04/2026,Cash,Entertainment,"-60,000",SYP,-4.86,USD,سواح
04/04/2026,Cash,Real estate,"-100,000",SYP,-8.1,USD,تصليح الدرج
04/04/2026,Cash,Real estate,"-1,300,000",SYP,-105.3,USD,باب مطبخ
04/04/2026,Cash,Taxi,"-25,000",SYP,-2.025,USD,
04/04/2026,Cash,House,"-40,000",SYP,-3.24,USD,بربيش حمام
04/04/2026,Cash,House,"-24,000",SYP,-1.944,USD,منظفات
04/04/2026,Cash,Real estate,"-400,000",SYP,-32.4,USD,باقي حساب عمر
04/04/2026,Cash,Real estate,"-400,000",SYP,-32.4,USD,طاقة
04/04/2026,Cash,Real estate,"-250,000",SYP,-20.25,USD,نقل طاقة
04/04/2026,New Cash,To 'Cash',"-13,000",ZWL,-105.859,USD,
04/04/2026,New Cash,To 'Cash',"-10,500",ZWL,-85.501,USD,
04/04/2026,New Cash,To 'Cash',-650,ZWL,-5.292,USD,
04/04/2026,New Cash,To 'Cash',"-1,750",ZWL,-14.25,USD,
04/04/2026,Cash,From 'New Cash',"1,300,000",SYP,105.859,USD,
04/04/2026,Cash,From 'New Cash',"1,050,000",SYP,85.501,USD,
04/04/2026,Cash,From 'New Cash',"65,000",SYP,5.292,USD,
04/04/2026,Cash,From 'New Cash',"175,000",SYP,14.25,USD,
04/04/2026,USD,Real estate,-70,USD,-70,USD,قاعدة طاقة
05/04/2026,Cash,Taxi,"-30,000",SYP,-2.43,USD,
05/04/2026,USD,To 'Cash',-100,USD,-100,USD,
05/04/2026,USD,To 'Cash',-100,USD,-100,USD,
05/04/2026,Cash,To 'New Cash',"-2,490,000",SYP,-201.69,USD,
05/04/2026,Cash,From 'USD',"1,250,000",SYP,100,USD,
05/04/2026,Cash,From 'USD',"1,250,000",SYP,100,USD,
05/04/2026,New Cash,From 'Cash',"24,900",ZWL,201.69,USD,
05/04/2026,USD,Gifts,100,USD,100,USD,عمار
05/04/2026,USD,Gifts,400,USD,400,USD,حكيم
05/04/2026,USD,Real estate,"-1,300",USD,"-1,300",USD,غرفة قعدة
05/04/2026,USD,Real estate,"-1,300",USD,"-1,300",USD,طاقة
05/04/2026,New Cash,To 'Cash',-900,ZWL,-7.2,USD,
05/04/2026,New Cash,To 'Cash',-290,ZWL,-2.32,USD,
05/04/2026,New Cash,To 'Cash',"-3,310",ZWL,-26.48,USD,
05/04/2026,Cash,From 'New Cash',"90,000",SYP,7.2,USD,
05/04/2026,Cash,From 'New Cash',"29,000",SYP,2.32,USD,
05/04/2026,Cash,From 'New Cash',"331,000",SYP,26.48,USD,
05/04/2026,New Cash,To 'Cash',"-56,910",ZWL,-455.28,USD,
05/04/2026,Cash,From 'New Cash',"5,691,000",SYP,455.28,USD,
05/04/2026,Cash,House,"-62,000",SYP,-5.022,USD,بسكوت
05/04/2026,Cash,Real estate,"-1,000,000",SYP,-81,USD,تمديدات طاقة
05/04/2026,Cash,Real estate,"-800,000",SYP,-64.8,USD,كهربجي
05/04/2026,Cash,House,"-671,000",SYP,-54.351,USD,بيم
06/04/2026,Cash,Taxi,"-30,000",SYP,-2.43,USD,
06/04/2026,Cash,House,"-25,000",SYP,-2.025,USD,تصوير
06/04/2026,Cash,Taxi,"-46,000",SYP,-3.726,USD,
06/04/2026,Cash,House,"-45,000",SYP,-3.645,USD,جبنة
06/04/2026,Cash,Communications,"-225,000",SYP,-18.225,USD,انترنت
06/04/2026,Cash,Communications,"-540,000",SYP,-43.74,USD,اشتراك نت
06/04/2026,Cash,House,"-150,000",SYP,-12.15,USD,فواكي
06/04/2026,Cash,Bills,"-200,000",SYP,-16.2,USD,ابو نبيل
06/04/2026,USD,To 'Cash',-600,USD,-600,USD,
06/04/2026,Cash,To 'New Cash',"-7,530,000",SYP,-609.93,USD,
06/04/2026,Cash,From 'USD',"7,530,000",SYP,600,USD,
06/04/2026,New Cash,From 'Cash',"75,300",ZWL,609.93,USD,
07/04/2026,USD,To 'Cash',-100,USD,-100,USD,
07/04/2026,Cash,To 'New Cash',"-1,275,000",SYP,-103.275,USD,
07/04/2026,Cash,From 'USD',"1,275,000",SYP,100,USD,
07/04/2026,New Cash,From 'Cash',"12,750",ZWL,103.275,USD,
07/04/2026,Cash,Bills,"-10,000",SYP,-0.81,USD,اخرج قيد
07/04/2026,Cash,Bills,"-100,000",SYP,-8.1,USD,تصوير
07/04/2026,Cash,Eating out,"-90,000",SYP,-7.29,USD,نابلسية
07/04/2026,Cash,Real estate,"-1,000,000",SYP,-81,USD,برادي
07/04/2026,Cash,Health,"-17,000",SYP,-1.377,USD,دوا
07/04/2026,Cash,Real estate,"-25,000",SYP,-2.025,USD,نجار
07/04/2026,Cash,Taxi,"-50,000",SYP,-4.05,USD,
07/04/2026,Cash,Eating out,"-130,000",SYP,-10.53,USD,كوك دور
07/04/2026,Cash,Entertainment,"-40,000",SYP,-3.24,USD,سواح
08/04/2026,Cash,Taxi,"-25,000",SYP,-2.025,USD,
08/04/2026,Cash,House,"-70,000",SYP,-5.67,USD,شدة
08/04/2026,Cash,Eating out,"-67,000",SYP,-5.427,USD,بطاطا
08/04/2026,Cash,House,"-6,000",SYP,-0.486,USD,مي
09/04/2026,Cash,Real estate,"-250,000",SYP,-20.25,USD,حداد
09/04/2026,Cash,Real estate,"-100,000",SYP,-8.1,USD,تركيب غرفة نوم
09/04/2026,Cash,House,"-10,000",SYP,-0.81,USD,مي
09/04/2026,Cash,Health,"-14,000",SYP,-1.134,USD,
09/04/2026,Cash,Eating out,"-60,000",SYP,-4.86,USD,شاورما
10/04/2026,Cash,Bills,"-20,000",SYP,-1.62,USD,
10/04/2026,Cash,House,"-23,000",SYP,-1.863,USD,خيار + بندورة
10/04/2026,Cash,House,"-18,000",SYP,-1.458,USD,كلور
11/04/2026,New Cash,To 'Cash',-300,ZWL,-2.34,USD,
11/04/2026,Cash,From 'New Cash',"30,000",SYP,2.34,USD,
11/04/2026,Cash,Taxi,"-30,000",SYP,-2.43,USD,
11/04/2026,Cash,Bills,"-20,000",SYP,-1.62,USD,توصيل
11/04/2026,Cash,Transport,"-7,000",SYP,-0.567,USD,
12/04/2026,Cash,House,"-200,000",SYP,-16.2,USD,ستاند حمام
12/04/2026,New Cash,To 'Cash',"-2,000",ZWL,-15.6,USD,
12/04/2026,USD,To 'Cash',-800,USD,-800,USD,
12/04/2026,Cash,From 'New Cash',"200,000",SYP,15.6,USD,
12/04/2026,Cash,From 'USD',"10,200,000",SYP,800,USD,
12/04/2026,New Cash,To 'Cash',-500,ZWL,-3.9,USD,
12/04/2026,Cash,From 'New Cash',"50,000",SYP,3.9,USD,
12/04/2026,Cash,Taxi,"-30,000",SYP,-2.43,USD,
12/04/2026,Cash,Real estate,"-63,000",SYP,-5.103,USD,بربيش غاز
12/04/2026,Cash,Eating out,"-30,000",SYP,-2.43,USD,كروسان
12/04/2026,Cash,Eating out,"-40,000",SYP,-3.24,USD,ماليبو
12/04/2026,Cash,Entertainment,"-20,000",SYP,-1.62,USD,سواح
12/04/2026,Cash,House,"-80,000",SYP,-6.48,USD,شيبس
12/04/2026,Cash,Taxi,"-10,000",SYP,-0.81,USD,
12/04/2026,Cash,House,"-36,000",SYP,-2.916,USD,كهربا
12/04/2026,USD,To 'Cash',-600,USD,-600,USD,
12/04/2026,Cash,From 'USD',"7,680,000",SYP,600,USD,
13/04/2026,New Cash,To 'Cash',"-55,950",ZWL,-429.416,USD,
13/04/2026,Cash,From 'New Cash',"5,595,000",SYP,429.416,USD,
13/04/2026,Cash,Taxi,"-30,000",SYP,-2.43,USD,
13/04/2026,Cash,Real estate,"-2,300,000",SYP,-186.3,USD,برادي
13/04/2026,Cash,Health,"-95,000",SYP,-7.695,USD,
13/04/2026,Cash,House,"-46,000",SYP,-3.726,USD,لبنة
13/04/2026,Cash,Taxi,"-45,000",SYP,-3.645,USD,
13/04/2026,Cash,Eating out,"-215,000",SYP,-17.415,USD,كريسبي
13/04/2026,Cash,Taxi,"-42,000",SYP,-3.402,USD,
13/04/2026,Cash,House,"-30,000",SYP,-2.43,USD,بسكوت
13/04/2026,USD,To 'Cash',-210,USD,-210,USD,
13/04/2026,Cash,From 'USD',"2,730,000",SYP,210,USD,
13/04/2026,Cash,Communications,"-40,000",SYP,-3.24,USD,وحدات
13/04/2026,Cash,Moony,"-22,730,000",SYP,"-1,841.13",USD,عرس
13/04/2026,Cash,Real estate,"-450,000",SYP,-36.45,USD,علاقات بشاكير
14/04/2026,Cash,House,"-1,620,000",SYP,-131.22,USD,متفرقات
14/04/2026,USD,Moony,-300,USD,-300,USD,
14/04/2026,USD,Real estate,-450,USD,-450,USD,عمر
14/04/2026,Cash,Entertainment,"-40,000",SYP,-3.24,USD,سواح
14/04/2026,Cash,House,"-280,000",SYP,-22.68,USD,غاز
14/04/2026,Cash,Entertainment,"-115,000",SYP,-9.315,USD,عصير
14/04/2026,Cash,Health,"-15,000",SYP,-1.215,USD,
15/04/2026,Cash,Taxi,"-25,000",SYP,-1.875,USD,
15/04/2026,Cash,Taxi,"-50,000",SYP,-3.75,USD,
16/04/2026,USD,To 'Cash',-100,USD,-100,USD,
16/04/2026,Cash,From 'USD',"1,290,000",SYP,100,USD,
16/04/2026,Cash,Taxi,"-40,000",SYP,-3,USD,
16/04/2026,Cash,Entertainment,"-25,000",SYP,-1.875,USD,ع البال
16/04/2026,Cash,Home,"-250,000",SYP,-18.75,USD,زينة
16/04/2026,Cash,Entertainment,"-80,000",SYP,-6,USD,سواح
16/04/2026,Cash,Clothes,"-150,000",SYP,-11.25,USD,شحاطة
16/04/2026,Cash,Taxi,"-30,000",SYP,-2.25,USD,
17/04/2026,Cash,Taxi,"-40,000",SYP,-3,USD,
17/04/2026,Cash,Taxi,"-55,000",SYP,-4.125,USD,
18/04/2026,Cash,Real estate,"-380,000",SYP,-28.5,USD,فرشة
18/04/2026,Cash,House,"-95,000",SYP,-7.125,USD,كهربا
18/04/2026,Cash,Eating out,"-78,000",SYP,-5.85,USD,فطاير
18/04/2026,Cash,Home,"-310,000",SYP,-23.25,USD,متفرقات
18/04/2026,Cash,Clothes,"-200,000",SYP,-15,USD,قشاط
18/04/2026,Cash,Clothes,"-675,000",SYP,-50.625,USD,صباط
18/04/2026,Cash,Clothes,"-94,000",SYP,-7.05,USD,داخلي
18/04/2026,Cash,Home,"-200,000",SYP,-15,USD,موالح
18/04/2026,Cash,Real estate,"-100,000",SYP,-7.5,USD,توصيل طربيزات
18/04/2026,Cash,Shaving,"-150,000",SYP,-11.25,USD,
18/04/2026,USD,To 'Cash',-100,USD,-100,USD,
18/04/2026,USD,To 'Cash',-100,USD,-100,USD,
18/04/2026,Cash,From 'USD',"1,290,000",SYP,100,USD,
18/04/2026,Cash,From 'USD',"1,290,000",SYP,100,USD,
19/04/2026,Cash,Health,"-100,000",SYP,-7.5,USD,دوا
19/04/2026,Cash,Home,"-220,000",SYP,-16.5,USD,فواكي
19/04/2026,Cash,Home,"-125,000",SYP,-9.375,USD,منظفات
19/04/2026,Cash,Home,"-30,000",SYP,-2.25,USD,معجون اسنان
19/04/2026,Cash,Real estate,"-450,000",SYP,-33.75,USD,طاولة
19/04/2026,Cash,Home,"-135,000",SYP,-10.125,USD,حلويات
19/04/2026,Cash,Eating out,"-650,000",SYP,-48.75,USD,عشا
19/04/2026,USD,Moony,-650,USD,-650,USD,دهب
19/04/2026,USD,Clothes,-150,USD,-150,USD,طقم
19/04/2026,USD,To 'Cash',-100,USD,-100,USD,
19/04/2026,Cash,From 'USD',"1,290,000",SYP,100,USD,
19/04/2026,USD,To 'Cash',-100,USD,-100,USD,
19/04/2026,Cash,From 'USD',"1,300,000",SYP,100,USD,
19/04/2026,USD,Real estate,-220,USD,-220,USD,طربيزات
19/04/2026,USD,Gifts,500,USD,500,USD,عبدو
20/04/2026,Cash,Bills,"-1,000,000",SYP,-75,USD,عراضة
20/04/2026,Cash,Electronics,"-80,000",SYP,-6,USD,وصلات
20/04/2026,USD,Moony,-400,USD,-400,USD,باقي جهاز
20/04/2026,Cash,Home,"-15,000",SYP,-1.125,USD,
22/04/2026,Cash,YYY,"-350,000",SYP,-26.25,USD,اركيلة
24/04/2026,Cash,Home,"-80,000",SYP,-6,USD,
24/04/2026,Cash,Gifts,"-800,000",SYP,-60,USD,مايا
24/04/2026,Cash,Entertainment,"-100,000",SYP,-7.5,USD,سيران
25/04/2026,Cash,Home,"-100,000",SYP,-7.5,USD,متفرقات
25/04/2026,Cash,Taxi,"-30,000",SYP,-2.25,USD,
25/04/2026,Cash,Health,"-35,000",SYP,-2.625,USD,
25/04/2026,Cash,YYY,"-12,000",SYP,-0.9,USD,معسل
26/04/2026,Cash,Taxi,"-55,000",SYP,-4.125,USD,
26/04/2026,Cash,Real estate,"-700,000",SYP,-52.5,USD,كفرات
26/04/2026,Cash,Home,"-50,000",SYP,-3.75,USD,مشمع
26/04/2026,Cash,Home,"-360,000",SYP,-27,USD,عطر وغار
26/04/2026,Cash,Home,"-1,340,000",SYP,-100.5,USD,بزورية
26/04/2026,Cash,Home,"-785,000",SYP,-58.875,USD,عصرونية
26/04/2026,Cash,Home,"-100,000",SYP,-7.5,USD,متفرقات
26/04/2026,Cash,Eating out,"-235,000",SYP,-17.625,USD,شاورما
26/04/2026,Cash,Taxi,"-52,000",SYP,-3.9,USD,
26/04/2026,USD,To 'Cash',-100,USD,-100,USD,
26/04/2026,USD,To 'Cash',-200,USD,-200,USD,
26/04/2026,Cash,From 'USD',"1,320,000",SYP,100,USD,
26/04/2026,Cash,From 'USD',"2,640,000",SYP,200,USD,
27/04/2026,Cash,Home,"-146,000",SYP,-10.95,USD,بهارات
27/04/2026,Cash,Home,"-15,000",SYP,-1.125,USD,قطارميز
27/04/2026,Cash,Home,"-31,000",SYP,-2.325,USD,قشقوان
27/04/2026,Cash,Electronics,"-40,000",SYP,-3,USD,HDMI
27/04/2026,Cash,Electronics,"-6,000",SYP,-0.45,USD,Ethernet
27/04/2026,Cash,Real estate,"-150,000",SYP,-11.25,USD,لطاش
27/04/2026,Cash,Home,"-52,000",SYP,-3.9,USD,متفرقات
28/04/2026,Cash,Home,"-39,000",SYP,-2.925,USD,بسكوت
28/04/2026,Cash,Eating out,"-65,000",SYP,-4.875,USD,ماليبو
28/04/2026,Cash,Entertainment,"-40,000",SYP,-3,USD,سواح
28/04/2026,Cash,Home,"-480,000",SYP,-36,USD,مول
29/04/2026,Cash,Home,"-25,000",SYP,-1.875,USD,كولا
30/04/2026,Cash,Home,"-457,000",SYP,-34.275,USD,متفرقات
30/04/2026,Cash,YYY,"-51,000",SYP,-3.825,USD,معسل
30/04/2026,USD,Bills,-25,USD,-25,USD,تحويل
30/04/2026,Cash,Health,"-10,000",SYP,-0.75,USD,
30/04/2026,USD,To 'Cash',-100,USD,-100,USD,
30/04/2026,Cash,From 'USD',"1,320,000",SYP,100,USD,
01/05/2026,USD,Salary,"2,200",USD,"2,200",USD,
01/05/2026,Cash,YYY,"-100,000",SYP,-7.5,USD,اركيلة
01/05/2026,Cash,Home,"-40,000",SYP,-3,USD,ورد
01/05/2026,Cash,Home,"-51,000",SYP,-3.825,USD,متفرقات
02/05/2026,Cash,Home,"-183,000",SYP,-13.725,USD,متفرقات
02/05/2026,Cash,Health,"-4,000",SYP,-0.3,USD,
02/05/2026,Cash,YYY,"-59,000",SYP,-4.425,USD,معسل
02/05/2026,Cash,Taxi,"-55,000",SYP,-4.125,USD,
02/05/2026,USD,House,-300,USD,-300,USD,ماما
02/05/2026,Cash,Moony,"-1,500,000",SYP,-112.5,USD,
02/05/2026,Cash,Home,"-1,257,000",SYP,-94.275,USD,مول
02/05/2026,USD,To 'Cash',-100,USD,-100,USD,
02/05/2026,Cash,From 'USD',"1,330,000",SYP,100,USD,
03/05/2026,Cash,Communications,"-235,000",SYP,-17.625,USD,انترنت
03/05/2026,Cash,Communications,"-235,000",SYP,-17.625,USD,انترنت حرستا
03/05/2026,Cash,Health,"-83,000",SYP,-6.225,USD,
04/05/2026,Cash,Real estate,"-340,000",SYP,-25.5,USD,تركيب موتور
04/05/2026,USD,Real estate,-50,USD,-50,USD,صحية
04/05/2026,Cash,House,"-42,000",SYP,-3.15,USD,كهربا
04/05/2026,USD,To 'Cash',-100,USD,-100,USD,
04/05/2026,Cash,From 'USD',"1,325,000",SYP,100,USD,
05/05/2026,Cash,Home,"-45,000",SYP,-3.375,USD,خضرا
06/05/2026,Cash,Taxi,"-40,000",SYP,-3,USD,
06/05/2026,Cash,Clothes,"-130,000",SYP,-9.75,USD,طواقي
06/05/2026,Cash,Health,"-39,000",SYP,-2.925,USD,
06/05/2026,Cash,Moony,"-20,000",SYP,-1.5,USD,بكلات
06/05/2026,Cash,Home,"-220,000",SYP,-16.5,USD,ستانلي
06/05/2026,Cash,Moony,"-25,000",SYP,-1.875,USD,كفر عيون
06/05/2026,Cash,Entertainment,"-114,000",SYP,-8.55,USD,بيت عربي
06/05/2026,Cash,Home,"-115,000",SYP,-8.625,USD,فرن
06/05/2026,Cash,Home,"-36,000",SYP,-2.7,USD,جاك
06/05/2026,Cash,Home,"-300,000",SYP,-22.5,USD,زيت
07/05/2026,Cash,Eating out,"-44,000",SYP,-3.3,USD,فطاير
07/05/2026,Cash,Home,"-38,000",SYP,-2.85,USD,بهارات
07/05/2026,Cash,Home,"-17,000",SYP,-1.275,USD,بيض
07/05/2026,Cash,Gifts,"250,000",SYP,18.75,USD,محمد
07/05/2026,Cash,Gifts,"5,000,000",SYP,375,USD,بابا
07/05/2026,Cash,Gifts,"500,000",SYP,37.5,USD,انور
08/05/2026,USD,Real estate,-100,USD,-100,USD,تركيب موتور كهربجي
08/05/2026,حافظ,To 'Cash',"-860,000",SYP,-64.5,USD,
08/05/2026,Cash,From 'حافظ',"860,000",SYP,64.5,USD,
08/05/2026,USD,Real estate,-100,USD,-100,USD,موتور مي
08/05/2026,USD,To 'Cash',-123,USD,-123,USD,
08/05/2026,Cash,From 'USD',"1,623,600",SYP,123,USD,
08/05/2026,Cash,To 'New Cash',"-1,824,000",SYP,-136.8,USD,
08/05/2026,New Cash,From 'Cash',"18,240",ZWL,136.8,USD,
09/05/2026,Cash,Bills,"-20,000",SYP,-1.5,USD,
09/05/2026,Cash,Home,"-54,000",SYP,-4.05,USD,متفرقات
09/05/2026,Cash,Health,"-31,000",SYP,-2.325,USD,
09/05/2026,Cash,House,"-48,000",SYP,-3.6,USD,فواكي
09/05/2026,New Cash,To 'Cash',"-1,540",ZWL,-11.667,USD,
09/05/2026,Cash,From 'New Cash',"154,000",SYP,11.667,USD,
09/05/2026,Cash,YYY,"-12,000",SYP,-0.9,USD,معسل
09/05/2026,Cash,Entertainment,"-100,000",SYP,-7.5,USD,سيران
09/05/2026,USD,Electronics,-25,USD,-25,USD,شاحن
09/05/2026,Cash,Mobile,"-80,000",SYP,-6,USD,لزقة
09/05/2026,Cash,Home,"-75,000",SYP,-5.625,USD,عصرونية
09/05/2026,Cash,Home,"-97,500",SYP,-7.312,USD,قهوة
09/05/2026,Cash,Entertainment,"-80,000",SYP,-6,USD,سواح
09/05/2026,Cash,House,"-11,000",SYP,-0.825,USD,مي
09/05/2026,New Cash,To 'Cash',"-1,600",ZWL,-12.121,USD,
09/05/2026,Cash,From 'New Cash',"160,000",SYP,12.121,USD,
10/05/2026,Cash,Taxi,"-55,000",SYP,-4.125,USD,
10/05/2026,Cash,Home,"-138,000",SYP,-10.35,USD,بيم
11/05/2026,Cash,Home,"-135,000",SYP,-10.125,USD,خضرا
11/05/2026,Cash,Home,"-140,000",SYP,-10.5,USD,حلويات
11/05/2026,Cash,Home,"-188,000",SYP,-14.1,USD,متفرقات
11/05/2026,Cash,Home,"-70,000",SYP,-5.25,USD,فرن
11/05/2026,Cash,Home,"-116,000",SYP,-8.7,USD,موالح
11/05/2026,Cash,Home,"-204,000",SYP,-15.3,USD,بيم
11/05/2026,Cash,Home,"-1,080,000",SYP,-81,USD,خزانة بلاستيك
11/05/2026,USD,To 'Cash',-100,USD,-100,USD,
11/05/2026,USD,To 'Cash',-100,USD,-100,USD,
11/05/2026,Cash,From 'USD',"1,340,000",SYP,100,USD,
11/05/2026,Cash,From 'USD',"1,340,000",SYP,100,USD,
12/05/2026,Cash,To 'حكيم',"-102,300",SYP,-7.672,USD,
12/05/2026,حكيم,From 'Cash',"102,300",SYP,7.672,USD,
12/05/2026,USD,To 'Cash',-22,USD,-22,USD,
12/05/2026,Cash,From 'USD',"294,800",SYP,22,USD,
12/05/2026,USD,Moony,-300,USD,-300,USD,
12/05/2026,Cash,House,"-80,000",SYP,-6,USD,كهربا
12/05/2026,Cash,Home,"-126,000",SYP,-9.45,USD,متفرقات
12/05/2026,Cash,Clothes,"-45,000",SYP,-3.375,USD,شحاطة
13/05/2026,Cash,Taxi,"-30,000",SYP,-2.25,USD,
13/05/2026,Cash,Taxi,"-25,000",SYP,-1.875,USD,
13/05/2026,Cash,Gifts,"-350,000",SYP,-26.25,USD,ماما ونور
13/05/2026,Cash,Health,"-33,000",SYP,-2.475,USD,مضامد
13/05/2026,New Cash,To 'Cash',"-6,420",ZWL,-47.103,USD,
13/05/2026,Cash,From 'New Cash',"642,000",SYP,47.103,USD,
13/05/2026,Cash,Communications,"-70,000",SYP,-5.25,USD,وحدات
14/05/2026,USD,To 'Cash',-100,USD,-100,USD,
14/05/2026,Cash,To 'New Cash',"-1,362,500",SYP,-102.187,USD,
14/05/2026,Cash,From 'USD',"1,362,500",SYP,100,USD,
14/05/2026,New Cash,From 'Cash',"13,625",ZWL,102.187,USD,
14/05/2026,Cash,Clothes,"-500,000",SYP,-37.5,USD,
14/05/2026,Cash,Taxi,"-35,000",SYP,-2.625,USD,
14/05/2026,Cash,Taxi,"-45,000",SYP,-3.375,USD,
14/05/2026,Cash,Health,"-465,000",SYP,-34.875,USD,تحاليل
14/05/2026,Cash,Eating out,"-365,000",SYP,-27.375,USD,بما انو
14/05/2026,Cash,Moony,"-25,000",SYP,-1.875,USD,كفر عيون
14/05/2026,Cash,Home,"-500,000",SYP,-37.5,USD,مول
14/05/2026,Cash,Home,"-66,000",SYP,-4.95,USD,متفرقات
14/05/2026,New Cash,To 'Cash',"-19,350",ZWL,-141.97,USD,
14/05/2026,New Cash,To 'Cash',-675,ZWL,-4.952,USD,
14/05/2026,Cash,From 'New Cash',"1,935,000",SYP,141.97,USD,
14/05/2026,Cash,From 'New Cash',"67,500",SYP,4.952,USD,
16/05/2026,Cash,Moony,"-955,000",SYP,-71.625,USD,تياب
16/05/2026,Cash,Home,"-311,000",SYP,-23.325,USD,مول
16/05/2026,Cash,Clothes,"-2,045,000",SYP,-153.375,USD,
16/05/2026,Cash,Taxi,"-75,000",SYP,-5.625,USD,
16/05/2026,Cash,Health,"-75,000",SYP,-5.625,USD,دكتور
16/05/2026,Cash,Taxi,"-35,000",SYP,-2.625,USD,
16/05/2026,Cash,Taxi,"-35,000",SYP,-2.625,USD,
16/05/2026,Cash,Taxi,"-45,000",SYP,-3.375,USD,
16/05/2026,USD,To 'Cash',-200,USD,-200,USD,
16/05/2026,USD,To 'Cash',-100,USD,-100,USD,
16/05/2026,New Cash,To 'Cash',"-1,200",ZWL,-8.804,USD,
16/05/2026,Cash,From 'USD',"2,710,000",SYP,200,USD,
16/05/2026,Cash,From 'USD',"1,355,000",SYP,100,USD,
16/05/2026,Cash,From 'New Cash',"120,000",SYP,8.804,USD,
17/05/2026,Cash,To 'New Cash',"-655,000",SYP,-49.125,USD,
17/05/2026,New Cash,From 'Cash',"6,550",ZWL,49.125,USD,
17/05/2026,Cash,Home,"-20,000",SYP,-1.5,USD,موالح
17/05/2026,Cash,Sports,"-50,000",SYP,-3.75,USD,
17/05/2026,Cash,Eating out,"-55,000",SYP,-4.125,USD,ماليبو
17/05/2026,Cash,Entertainment,"-20,000",SYP,-1.5,USD,سواح
17/05/2026,Cash,House,"-10,000",SYP,-0.75,USD,مي
18/05/2026,Shop,To 'Cash',"-140,000",SYP,-9.94,USD,
18/05/2026,Cash,From 'Shop',"140,000",SYP,9.94,USD,
18/05/2026,Cash,Home,"-57,000",SYP,-4.047,USD,متفرقات
18/05/2026,Cash,Shop,"-140,000",SYP,-9.94,USD,وحدات
18/05/2026,Cash,Eating out,"-80,000",SYP,-5.68,USD,الرضا
18/05/2026,Cash,Home,"-22,000",SYP,-1.562,USD,خبز
18/05/2026,Cash,Home,"-175,000",SYP,-12.425,USD,غاز
18/05/2026,Cash,Entertainment,"-40,000",SYP,-2.84,USD,سواح
18/05/2026,Cash,Health,"-260,000",SYP,-18.46,USD,دوا
18/05/2026,New Cash,To 'Cash',-750,ZWL,-5.395,USD,
18/05/2026,New Cash,To 'Cash',"-3,300",ZWL,-23.74,USD,
18/05/2026,Cash,From 'New Cash',"75,000",SYP,5.395,USD,
18/05/2026,Cash,From 'New Cash',"330,000",SYP,23.74,USD,
19/05/2026,USD,Electronics,-20,USD,-20,USD,راوتر
19/05/2026,Cash,Eating out,"-193,500",SYP,-13.738,USD,كريسبي
19/05/2026,Cash,House,"-2,000",SYP,-0.142,USD,مي
19/05/2026,New Cash,To 'Cash',"-1,700",ZWL,-12.229,USD,
19/05/2026,Cash,From 'New Cash',"170,000",SYP,12.229,USD,
20/05/2026,Cash,Electronics,"-21,000",SYP,-1.512,USD,كبل
20/05/2026,Cash,YYY,"-82,000",SYP,-5.904,USD,معسل
20/05/2026,Cash,Home,"-37,000",SYP,-2.664,USD,متفرقات
20/05/2026,Cash,Health,"-25,000",SYP,-1.8,USD,دوا
20/05/2026,New Cash,To 'Cash',"-2,550",ZWL,-18.411,USD,
20/05/2026,Cash,From 'New Cash',"255,000",SYP,18.411,USD,
21/05/2026,Cash,Home,"-90,000",SYP,-6.48,USD,كاتو
21/05/2026,Cash,Eating out,"-60,000",SYP,-4.32,USD,نابلسية
21/05/2026,Cash,Entertainment,"-20,000",SYP,-1.44,USD,سواح
21/05/2026,Cash,House,"-27,000",SYP,-1.944,USD,فواكي
21/05/2026,USD,To 'Cash',-100,USD,-100,USD,
21/05/2026,Cash,To 'New Cash',"-1,380,000",SYP,-99.36,USD,
21/05/2026,Cash,From 'USD',"1,380,000",SYP,100,USD,
21/05/2026,New Cash,From 'Cash',"13,800",ZWL,99.36,USD,
22/05/2026,Cash,Home,"-820,000",SYP,-59.04,USD,حلويات
22/05/2026,Cash,Health,"-18,000",SYP,-1.296,USD,دوا
22/05/2026,Cash,Entertainment,"-60,000",SYP,-4.32,USD,سواح
22/05/2026,Cash,House,"-42,000",SYP,-3.024,USD,كهربا
22/05/2026,New Cash,To 'Cash',"-8,200",ZWL,-59.204,USD,
22/05/2026,Cash,From 'New Cash',"820,000",SYP,59.204,USD,
22/05/2026,New Cash,To 'Cash',-980,ZWL,-7.075,USD,
22/05/2026,Cash,From 'New Cash',"98,000",SYP,7.075,USD,
23/05/2026,New Cash,To 'Cash',"-13,800",ZWL,-99.636,USD,
23/05/2026,Cash,From 'New Cash',"1,380,000",SYP,99.636,USD,
23/05/2026,Cash,Shaving,"-85,000",SYP,-6.12,USD,
23/05/2026,Cash,Home,"-280,000",SYP,-20.16,USD,اجبان
23/05/2026,Cash,Eating out,"-66,000",SYP,-4.752,USD,فطاير
23/05/2026,Cash,Eating out,"-150,000",SYP,-10.8,USD,كريسبي
23/05/2026,Cash,Taxi,"-50,000",SYP,-3.6,USD,
23/05/2026,Cash,Moony,"-900,000",SYP,-64.8,USD,تياب
23/05/2026,Cash,Home,"-300,000",SYP,-21.6,USD,شوكولا
23/05/2026,Cash,Clothes,"-300,000",SYP,-21.6,USD,شورت
23/05/2026,Cash,Home,"-80,000",SYP,-5.76,USD,قهوة
23/05/2026,Cash,Moony,"-880,000",SYP,-63.36,USD,باقي دولار
23/05/2026,Cash,Moony,"-300,000",SYP,-21.6,USD,بيجاما حماتي
23/05/2026,USD,To 'Cash',-100,USD,-100,USD,
23/05/2026,USD,To 'Cash',-100,USD,-100,USD,
23/05/2026,Cash,From 'USD',"1,380,000",SYP,100,USD,
23/05/2026,Cash,From 'USD',"1,380,000",SYP,100,USD,
24/05/2026,Cash,Taxi,"-65,000",SYP,-4.68,USD,
24/05/2026,Cash,Taxi,"-25,000",SYP,-1.8,USD,
24/05/2026,Cash,Clothes,"-390,000",SYP,-28.08,USD,شناتي
24/05/2026,Cash,Health,"-30,000",SYP,-2.16,USD,دوا
24/05/2026,Cash,Eating out,"-35,000",SYP,-2.52,USD,فلافل
24/05/2026,USD,Clothes,-30,USD,-30,USD,بوط
24/05/2026,Cash,Sports,"-30,000",SYP,-2.16,USD,
24/05/2026,Cash,House,"-5,000",SYP,-0.36,USD,مي
25/05/2026,USD,Rent,67,USD,67,USD,اجار بيوت
25/05/2026,USD,Rent,67,USD,67,USD,اجار بيوت لحكيم
25/05/2026,USD,To 'عبد دولار',-134,USD,-134,USD,
25/05/2026,عبد دولار,From 'USD',134,USD,134,USD,
25/05/2026,Cash,Home,"-20,000",SYP,-1.44,USD,خبز
25/05/2026,USD,To 'Cash',-100,USD,-100,USD,
25/05/2026,Cash,To 'New Cash',"-1,610,000",SYP,-115.92,USD,
25/05/2026,Cash,From 'USD',"1,375,000",SYP,100,USD,
25/05/2026,New Cash,From 'Cash',"16,100",ZWL,115.92,USD,
25/05/2026,USD,Bills,100,USD,100,USD,موني
26/05/2026,New Cash,To 'Cash',"-2,700",ZWL,-19.78,USD,
26/05/2026,Cash,From 'New Cash',"270,000",SYP,19.78,USD,
26/05/2026,Cash,Home,"-80,000",SYP,-5.76,USD,دوا غسيل
26/05/2026,Cash,Home,"-30,000",SYP,-2.16,USD,مرتديلا
26/05/2026,Cash,Home,"-114,000",SYP,-8.208,USD,موالح
26/05/2026,Cash,Taxi,"-25,000",SYP,-1.8,USD,
26/05/2026,Cash,Taxi,"-55,000",SYP,-3.96,USD,
27/05/2026,Cash,Gifts,"-100,000",SYP,-7.2,USD,دانيال وريبال
27/05/2026,Cash,Gifts,"-50,000",SYP,-3.6,USD,كرومة
27/05/2026,Cash,Eating out,"-110,000",SYP,-7.92,USD,مندي
27/05/2026,Cash,YYY,"-48,000",SYP,-3.456,USD,معسل
27/05/2026,New Cash,To 'Cash',"-2,000",ZWL,-14.652,USD,
27/05/2026,Cash,From 'New Cash',"200,000",SYP,14.652,USD,
28/05/2026,Cash,Eating out,"-102,000",SYP,-7.344,USD,فطاير
28/05/2026,Cash,Home,"-55,000",SYP,-3.96,USD,توست
28/05/2026,USD,Car,-13,USD,-13,USD,بنزين
28/05/2026,Cash,Health,"-105,000",SYP,-7.56,USD,دوا
28/05/2026,Cash,Gifts,"-50,000",SYP,-3.6,USD,جودي
28/05/2026,Cash,Babies,"-150,000",SYP,-10.8,USD,
28/05/2026,Cash,Eating out,"-420,000",SYP,-30.24,USD,كريسبي
28/05/2026,Cash,Gifts,"1,000,000",SYP,72,USD,مهند
28/05/2026,Cash,Gifts,"500,000",SYP,36,USD,ابو ايهم
28/05/2026,Cash,To 'New Cash',"-1,500,000",SYP,-108,USD,
28/05/2026,New Cash,From 'Cash',"15,000",ZWL,108,USD,
28/05/2026,Cash,Gifts,"500,000",SYP,36,USD,رغدة
28/05/2026,Cash,Gifts,"300,000",SYP,21.6,USD,تيتة
28/05/2026,New Cash,To 'Cash',"-8,820",ZWL,-64.615,USD,
28/05/2026,Cash,From 'New Cash',"882,000",SYP,64.615,USD,
29/05/2026,Cash,Home,"-60,000",SYP,-4.32,USD,عصير
29/05/2026,Cash,Taxi,"-38,000",SYP,-2.736,USD,
29/05/2026,New Cash,To 'Cash',-400,ZWL,-2.93,USD,
29/05/2026,Cash,From 'New Cash',"40,000",SYP,2.93,USD,
30/05/2026,Cash,Taxi,"-32,000",SYP,-2.304,USD,
30/05/2026,Cash,Gifts,"300,000",SYP,21.6,USD,مالك
30/05/2026,Cash,Gifts,"200,000",SYP,14.4,USD,ام بشار
30/05/2026,Cash,To 'New Cash',"-500,000",SYP,-36,USD,
30/05/2026,New Cash,From 'Cash',"5,000",ZWL,36,USD,
30/05/2026,Cash,Taxi,"-45,000",SYP,-3.24,USD,
30/05/2026,Cash,Taxi,"-55,000",SYP,-3.96,USD,
30/05/2026,Cash,Clothes,"-225,000",SYP,-16.2,USD,شحاطات
30/05/2026,Cash,Gifts,"-50,000",SYP,-3.6,USD,زيدو
30/05/2026,Cash,Gifts,"-50,000",SYP,-3.6,USD,نغم
30/05/2026,Cash,Home,"-15,000",SYP,-1.08,USD,بيض
30/05/2026,New Cash,To 'Cash',"-2,500",ZWL,-18.315,USD,
30/05/2026,Cash,From 'New Cash',"250,000",SYP,18.315,USD,
31/05/2026,Cash,Home,"-100,000",SYP,-7.1,USD,متفرقات
31/05/2026,Cash,YYY,"-66,000",SYP,-4.686,USD,معسل
31/05/2026,Cash,Home,"-55,000",SYP,-3.905,USD,بهارات
31/05/2026,Cash,Eating out,"-275,000",SYP,-19.525,USD,كوك دور
01/06/2026,Cash,Taxi,"-45,000",SYP,-3.195,USD,
01/06/2026,Cash,Home,"-76,000",SYP,-5.396,USD,فواكي
01/06/2026,Cash,Home,"-115,000",SYP,-8.165,USD,خضرا
01/06/2026,Cash,Home,"-95,000",SYP,-6.745,USD,تطريز الفن
01/06/2026,Cash,Home,"-1,066,000",SYP,-75.686,USD,مول
01/06/2026,Cash,Home,"-230,000",SYP,-16.33,USD,بزاليا
01/06/2026,Cash,Home,"-100,000",SYP,-7.1,USD,سودا
01/06/2026,Cash,Bills,"-170,000",SYP,-12.07,USD,عيدية
01/06/2026,Cash,Home,"-170,000",SYP,-12.07,USD,متفرقات
01/06/2026,USD,To 'Cash',-100,USD,-100,USD,
01/06/2026,Cash,From 'USD',"1,393,000",SYP,100,USD,
02/06/2026,Cash,Home,"-2,000",SYP,-0.142,USD,براية
02/06/2026,Cash,Home,"-71,000",SYP,-5.041,USD,اجبان
02/06/2026,Cash,Home,"-58,000",SYP,-4.118,USD,مول
02/06/2026,Cash,Taxi,"-45,000",SYP,-3.195,USD,
02/06/2026,New Cash,To 'Cash',"-1,760",ZWL,-12.545,USD,
02/06/2026,Cash,From 'New Cash',"176,000",SYP,12.545,USD,
02/06/2026,Cash,Home,"-13,000",SYP,-0.923,USD,خبز
02/06/2026,USD,Salary,"2,200",USD,"2,200",USD,
02/06/2026,USD,Bills,-33,USD,-33,USD,تحويل
02/06/2026,USD,To 'Cash',-2,USD,-2,USD,
02/06/2026,New Cash,To 'Cash',"-8,200",ZWL,-58.449,USD,
02/06/2026,Cash,From 'USD',"27,000",SYP,2,USD,
02/06/2026,Cash,From 'New Cash',"820,000",SYP,58.449,USD,
04/06/2026,Cash,Taxi,"-45,000",SYP,-3.195,USD,
04/06/2026,Cash,Home,"-50,000",SYP,-3.55,USD,بيتفور
04/06/2026,Cash,Eating out,"-52,000",SYP,-3.692,USD,ماليبو
04/06/2026,Cash,Entertainment,"-40,000",SYP,-2.84,USD,سواح
04/06/2026,Cash,House,"-9,000",SYP,-0.639,USD,مي
04/06/2026,Cash,Transport,"-3,000",SYP,-0.213,USD,
04/06/2026,حكيم,To 'Cash',"-101,000",SYP,-7.171,USD,
04/06/2026,New Cash,To 'Cash',-950,ZWL,-6.797,USD,
04/06/2026,Cash,From 'حكيم',"101,000",SYP,7.171,USD,
04/06/2026,Cash,From 'New Cash',"95,000",SYP,6.797,USD,
04/06/2026,Shop,To 'Cash',"-120,000",SYP,-8.52,USD,
04/06/2026,Cash,From 'Shop',"120,000",SYP,8.52,USD,
04/06/2026,Cash,To 'محمد',"-120,000",SYP,-8.52,USD,وحدات
04/06/2026,محمد,From 'Cash',"120,000",SYP,8.52,USD,وحدات
04/06/2026,Cash,To 'محمد',"-3,374,200",SYP,-239.568,USD,حساب قديم من 29 10 2020
04/06/2026,محمد,From 'Cash',"3,374,200",SYP,239.568,USD,حساب قديم من 29 10 2020
04/06/2026,Cash,Bills,"-100,000",SYP,-7.1,USD,عيدية حافظ
04/06/2026,حافظ,To 'Cash',"-100,000",SYP,-7.1,USD,
04/06/2026,Cash,From 'حافظ',"100,000",SYP,7.1,USD,
04/06/2026,Cash,To 'عمار',"-1,456,000",SYP,-103.376,USD,حساب قديم من  1 6 2023
04/06/2026,عمار,From 'Cash',"1,456,000",SYP,103.376,USD,حساب قديم من  1 6 2023
04/06/2026,Cash,Debt,"-1,237,400",SYP,-87.855,USD,غندور
04/06/2026,Cash,Transport,"-4,000",SYP,-0.284,USD,
04/06/2026,Cash,Communications,"-235,000",SYP,-16.685,USD,انترنت حرستا
04/06/2026,Cash,Bills,"-20,000",SYP,-1.42,USD,
04/06/2026,Cash,Entertainment,"-30,000",SYP,-2.13,USD,سواح
04/06/2026,Cash,Bills,"-3,000",SYP,-0.213,USD,
04/06/2026,حكيم,To 'Cash',"-235,000",SYP,-16.685,USD,انترنت
04/06/2026,حكيم,To 'Cash',"-30,000",SYP,-2.13,USD,سواح
04/06/2026,New Cash,To 'Cash',-200,ZWL,-1.431,USD,
04/06/2026,محمد,To 'Cash',"-120,000",SYP,-8.52,USD,وحدات
04/06/2026,Cash,To 'New Cash',"-100,000",SYP,-7.1,USD,
04/06/2026,USD,To 'Cash',-5,USD,-5,USD,
04/06/2026,Cash,To 'حكيم',"-69,875",SYP,-4.961,USD,بنزين
04/06/2026,Cash,To 'حكيم',"-60,000",SYP,-4.26,USD,وحدات
04/06/2026,Shop,To 'Cash',"-60,000",SYP,-4.26,USD,
04/06/2026,Cash,From 'حكيم',"235,000",SYP,16.685,USD,انترنت
04/06/2026,Cash,From 'حكيم',"30,000",SYP,2.13,USD,سواح
04/06/2026,Cash,From 'New Cash',"20,000",SYP,1.431,USD,
04/06/2026,Cash,From 'محمد',"120,000",SYP,8.52,USD,وحدات
04/06/2026,New Cash,From 'Cash',"1,000",ZWL,7.1,USD,
04/06/2026,Cash,From 'USD',"69,875",SYP,5,USD,
04/06/2026,حكيم,From 'Cash',"69,875",SYP,4.961,USD,بنزين
04/06/2026,حكيم,From 'Cash',"60,000",SYP,4.26,USD,وحدات
04/06/2026,Cash,From 'Shop',"60,000",SYP,4.26,USD,
04/06/2026,Cash,Taxi,"-35,000",SYP,-2.485,USD,
04/06/2026,Cash,House,"-60,000",SYP,-4.26,USD,فواكي
04/06/2026,USD,Moony,-300,USD,-300,USD,
04/06/2026,USD,Moony,-50,USD,-50,USD,عيدية
04/06/2026,USD,House,-300,USD,-300,USD,
04/06/2026,USD,House,-100,USD,-100,USD,عيدية
04/06/2026,New Cash,To 'Cash',-950,ZWL,-6.797,USD,
04/06/2026,Cash,To 'حكيم',"-13,200",SYP,-0.937,USD,وحدات
04/06/2026,Shop,To 'Cash',"-13,200",SYP,-0.937,USD,
04/06/2026,Cash,From 'New Cash',"95,000",SYP,6.797,USD,
04/06/2026,حكيم,From 'Cash',"13,200",SYP,0.937,USD,وحدات
04/06/2026,Cash,From 'Shop',"13,200",SYP,0.937,USD,
05/06/2026,New Cash,To 'Cash',"-22,780",ZWL,-159.46,USD,
05/06/2026,Cash,From 'New Cash',"2,278,000",SYP,159.46,USD,
05/06/2026,Cash,Bills,"-20,000",SYP,-1.42,USD,
05/06/2026,Cash,Home,"-34,000",SYP,-2.414,USD,حمص
05/06/2026,New Cash,To 'Cash',-500,ZWL,-3.5,USD,
05/06/2026,Cash,From 'New Cash',"50,000",SYP,3.5,USD,
05/06/2026,Cash,Home,"-18,000",SYP,-1.278,USD,كولا
05/06/2026,Cash,Taxi,"-35,000",SYP,-2.485,USD,
05/06/2026,Cash,Home,"-135,000",SYP,-9.585,USD,مول
05/06/2026,Cash,Health,"-165,000",SYP,-11.715,USD,دوا
05/06/2026,Cash,YYY,"-20,000",SYP,-1.42,USD,معسل
05/06/2026,حكيم,To 'Cash',"-135,000",SYP,-9.585,USD,مول
05/06/2026,Cash,From 'حكيم',"135,000",SYP,9.585,USD,مول
05/06/2026,حكيم,To 'Cash',"-165,000",SYP,-11.715,USD,دوا
05/06/2026,Cash,From 'حكيم',"165,000",SYP,11.715,USD,دوا
05/06/2026,حكيم,To 'Cash',"-20,000",SYP,-1.42,USD,معسل
05/06/2026,Cash,From 'حكيم',"20,000",SYP,1.42,USD,معسل
05/06/2026,USD,To 'Cash',-200,USD,-200,USD,
05/06/2026,Cash,From 'USD',"2,780,000",SYP,200,USD,
05/06/2026,Cash,To 'New Cash',"-2,780,000",SYP,-197.38,USD,
05/06/2026,New Cash,From 'Cash',"27,800",ZWL,197.38,USD,
06/06/2026,Cash,To 'حافظ',"-960,000",SYP,-68.16,USD,
06/06/2026,Cash,To 'حكيم',"-440,000",SYP,-31.24,USD,
06/06/2026,حافظ,From 'Cash',"960,000",SYP,68.16,USD,
06/06/2026,حكيم,From 'Cash',"440,000",SYP,31.24,USD,
06/06/2026,Cash,Taxi,"-48,000",SYP,-3.408,USD,
06/06/2026,Cash,Eating out,"-210,000",SYP,-14.91,USD,شام غريل
06/06/2026,USD,Clothes,-29,USD,-29,USD,
06/06/2026,Cash,Bills,"-45,000",SYP,-3.195,USD,باركينغ
06/06/2026,Cash,Moony,"-169,000",SYP,-11.999,USD,قميص نوم
06/06/2026,Cash,Home,"-36,000",SYP,-2.556,USD,شامبو
06/06/2026,USD,Car,-20,USD,-20,USD,بنزين
06/06/2026,USD,Moony,-358,USD,-358,USD,محبس
06/06/2026,Cash,Home,"-6,000",SYP,-0.426,USD,مي
06/06/2026,Cash,Moony,"-240,000",SYP,-17.04,USD,كاتو
06/06/2026,Cash,Home,"-64,000",SYP,-4.544,USD,فواكي
07/06/2026,Cash,Bills,"-32,000",SYP,-2.272,USD,
07/06/2026,Cash,Taxi,"-50,000",SYP,-3.55,USD,
07/06/2026,Cash,Sports,"-35,000",SYP,-2.485,USD,
07/06/2026,حكيم,To 'Cash',"-35,000",SYP,-2.485,USD,طابة
07/06/2026,Cash,From 'حكيم',"35,000",SYP,2.485,USD,طابة
08/06/2026,Cash,Home,"-50,000",SYP,-3.55,USD,كهربجي
08/06/2026,Cash,Home,"-22,000",SYP,-1.562,USD,خبز
08/06/2026,New Cash,To 'Cash',-220,ZWL,-1.554,USD,
08/06/2026,Cash,From 'New Cash',"22,000",SYP,1.554,USD,
08/06/2026,Cash,Home,"-24,000",SYP,-1.704,USD,خضرا
08/06/2026,Cash,Home,"-33,000",SYP,-2.343,USD,اجبان
08/06/2026,Cash,Home,"-28,000",SYP,-1.988,USD,بهارات
08/06/2026,New Cash,To 'Cash',-300,ZWL,-2.12,USD,
08/06/2026,Cash,From 'New Cash',"30,000",SYP,2.12,USD,
09/06/2026,Cash,Taxi,"-30,000",SYP,-2.1,USD,
09/06/2026,Cash,House,"-26,500",SYP,-1.855,USD,فواكي
09/06/2026,Cash,House,"-10,000",SYP,-0.7,USD,نيون
09/06/2026,Cash,Entertainment,"-70,000",SYP,-4.9,USD,سواح
09/06/2026,USD,To 'Cash',-200,USD,-200,USD,
09/06/2026,Cash,To 'حكيم',"-70,000",SYP,-4.9,USD,سواح
09/06/2026,Cash,From 'USD',"2,850,000",SYP,200,USD,
09/06/2026,حكيم,From 'Cash',"70,000",SYP,4.9,USD,سواح
10/06/2026,Cash,Health,"-62,000",SYP,-4.278,USD,دوا
10/06/2026,Cash,Clothes,"-165,000",SYP,-11.385,USD,كنزة
10/06/2026,Cash,Eating out,"-68,000",SYP,-4.692,USD,شاورما
10/06/2026,Cash,Entertainment,"-20,000",SYP,-1.38,USD,سواح
10/06/2026,Cash,Eating out,"-90,000",SYP,-6.21,USD,ماليبو
10/06/2026,Cash,YYY,"-169,000",SYP,-11.661,USD,معسل
10/06/2026,Cash,Bills,"-10,000",SYP,-0.69,USD,
10/06/2026,Cash,To 'حكيم',"-85,000",SYP,-5.865,USD,دبرياج
10/06/2026,Cash,To 'حكيم',"-67,000",SYP,-4.623,USD,شاورما
10/06/2026,حكيم,To 'Cash',"-20,000",SYP,-1.38,USD,سواح
10/06/2026,حكيم,From 'Cash',"85,000",SYP,5.865,USD,دبرياج
10/06/2026,حكيم,From 'Cash',"67,000",SYP,4.623,USD,شاورما
10/06/2026,Cash,From 'حكيم',"20,000",SYP,1.38,USD,سواح
11/06/2026,Cash,To 'New Cash',"-1,923,500",SYP,-132.721,USD,
11/06/2026,New Cash,From 'Cash',"19,235",ZWL,132.721,USD,
11/06/2026,Cash,Home,"-82,000",SYP,-5.658,USD,سمنة
11/06/2026,Cash,Home,"-294,000",SYP,-20.286,USD,مسدس مي
11/06/2026,Cash,Health,"-10,000",SYP,-0.69,USD,
12/06/2026,Cash,Home,"-160,000",SYP,-11.04,USD,متفرقات
12/06/2026,Cash,Eating out,"-10,000",SYP,-0.69,USD,بوظة
12/06/2026,Cash,Health,"-35,000",SYP,-2.415,USD,
12/06/2026,Cash,YYY,"-35,000",SYP,-2.415,USD,قزازة
12/06/2026,Cash,YYY,"-22,000",SYP,-1.518,USD,معسل
12/06/2026,Cash,YYY,"-25,000",SYP,-1.725,USD,راس
12/06/2026,Cash,YYY,"-45,000",SYP,-3.105,USD,بربيش
13/06/2026,Cash,Moony,"-350,000",SYP,-24.15,USD,بيجاما
13/06/2026,New Cash,To 'Cash',"-31,470",ZWL,-218.527,USD,
13/06/2026,Cash,From 'New Cash',"3,147,000",SYP,218.527,USD,
13/06/2026,Cash,Clothes,"-450,000",SYP,-31.05,USD,تياب
13/06/2026,Cash,Bills,"-20,000",SYP,-1.38,USD,
13/06/2026,Cash,Clothes,"-435,000",SYP,-30.015,USD,تياب
13/06/2026,Cash,Entertainment,"-842,000",SYP,-58.098,USD,مزرعة
13/06/2026,Cash,Home,"-117,000",SYP,-8.073,USD,قزاز
14/06/2026,Cash,To 'حكيم',"-155,000",SYP,-10.85,USD,موالح مزرعة
14/06/2026,Cash,To 'حكيم',"-45,000",SYP,-3.15,USD,مايونيز مزرعة
14/06/2026,حكيم,From 'Cash',"155,000",SYP,10.85,USD,موالح مزرعة
14/06/2026,حكيم,From 'Cash',"45,000",SYP,3.15,USD,مايونيز مزرعة
14/06/2026,Cash,To 'حكيم',"-350,000",SYP,-24.5,USD,بيجاما
14/06/2026,Cash,To 'حكيم',"-31,000",SYP,-2.17,USD,قنينة قزاز
14/06/2026,حكيم,From 'Cash',"350,000",SYP,24.5,USD,بيجاما
14/06/2026,حكيم,From 'Cash',"31,000",SYP,2.17,USD,قنينة قزاز
14/06/2026,Cash,Taxi,"-30,000",SYP,-2.1,USD,
14/06/2026,Cash,House,"-60,000",SYP,-4.2,USD,نقل
14/06/2026,Cash,Taxi,"-35,000",SYP,-2.45,USD,
14/06/2026,حكيم,To 'Cash',"-842,000",SYP,-58.94,USD,مزرعة
14/06/2026,حكيم,To 'Cash',"-80,000",SYP,-5.6,USD,راس بربيش بوظة
14/06/2026,Cash,From 'حكيم',"842,000",SYP,58.94,USD,مزرعة
14/06/2026,Cash,From 'حكيم',"80,000",SYP,5.6,USD,راس بربيش بوظة
15/06/2026,Cash,Home,"-17,500",SYP,-1.225,USD,خضرا
15/06/2026,Cash,Home,"-20,000",SYP,-1.4,USD,لبن
15/06/2026,Cash,Taxi,"-50,000",SYP,-3.5,USD,
15/06/2026,Cash,Home,"-245,000",SYP,-17.15,USD,حواضر
15/06/2026,Cash,Home,"-10,000",SYP,-0.7,USD,خبز
15/06/2026,حكيم,To 'Cash',"-10,000",SYP,-0.7,USD,خبز
15/06/2026,Cash,From 'حكيم',"10,000",SYP,0.7,USD,خبز
16/06/2026,Cash,Home,"-4,000",SYP,-0.28,USD,مي
17/06/2026,Cash,Taxi,"-30,000",SYP,-2.07,USD,
17/06/2026,Cash,House,"-32,000",SYP,-2.208,USD,لبن
17/06/2026,Cash,Taxi,"-25,000",SYP,-1.725,USD,
17/06/2026,Cash,Home,"-62,000",SYP,-4.278,USD,متفرقات
17/06/2026,Cash,Clothes,"-75,000",SYP,-5.175,USD,شورت
17/06/2026,Cash,Clothes,"-222,000",SYP,-15.318,USD,بيجاما
17/06/2026,Cash,Home,"-565,000",SYP,-38.985,USD,متفرقات
17/06/2026,Cash,Moony,"-200,000",SYP,-13.8,USD,متفرقات
17/06/2026,USD,To 'Cash',-100,USD,-100,USD,
17/06/2026,Cash,From 'USD',"1,430,000",SYP,100,USD,
18/06/2026,Cash,Eating out,"-45,000",SYP,-3.15,USD,ماليبو
18/06/2026,Cash,Entertainment,"-45,000",SYP,-3.15,USD,سواح
18/06/2026,حكيم,To 'Cash',"-90,000",SYP,-6.3,USD,ماليبو وسواح
18/06/2026,Cash,From 'حكيم',"90,000",SYP,6.3,USD,ماليبو وسواح
18/06/2026,USD,To 'حكيم دولار',-20,USD,-20,USD,بنزين
18/06/2026,حكيم دولار,From 'USD',20,USD,20,USD,بنزين
19/06/2026,Cash,Bills,"-29,000",SYP,-2.03,USD,
19/06/2026,Cash,Home,"-117,000",SYP,-8.19,USD,حواضر
19/06/2026,Cash,Eating out,"-118,000",SYP,-8.26,USD,كريسبي
19/06/2026,Cash,Entertainment,"-10,000",SYP,-0.7,USD,منتزه
19/06/2026,حكيم,To 'Cash',"-117,000",SYP,-8.19,USD,حواضر
19/06/2026,حكيم,To 'Cash',"-118,000",SYP,-8.26,USD,كريسبي
19/06/2026,حكيم,To 'Cash',"-10,000",SYP,-0.7,USD,منتزه
19/06/2026,Shop,To 'Cash',"-192,000",SYP,-13.44,USD,
19/06/2026,Cash,From 'حكيم',"117,000",SYP,8.19,USD,حواضر
19/06/2026,Cash,From 'حكيم',"118,000",SYP,8.26,USD,كريسبي
19/06/2026,Cash,From 'حكيم',"10,000",SYP,0.7,USD,منتزه
19/06/2026,Cash,From 'Shop',"192,000",SYP,13.44,USD,
19/06/2026,حكيم دولار,To 'USD',-20,USD,-20,USD,
19/06/2026,USD,To 'Cash',-120,USD,-120,USD,
19/06/2026,USD,From 'حكيم دولار',20,USD,20,USD,
19/06/2026,Cash,From 'USD',"1,692,000",SYP,120,USD,
20/06/2026,Cash,Communications,"-120,000",SYP,-8.4,USD,وحدات
20/06/2026,Cash,To 'حكيم',"-12,000",SYP,-0.84,USD,وحدات
20/06/2026,Cash,To 'محمد',"-60,000",SYP,-4.2,USD,وحدات
20/06/2026,حكيم,From 'Cash',"12,000",SYP,0.84,USD,وحدات
20/06/2026,محمد,From 'Cash',"60,000",SYP,4.2,USD,وحدات
20/06/2026,Cash,To 'New Cash',"-1,350,000",SYP,-94.5,USD,
20/06/2026,Cash,To 'حكيم',"-507,625",SYP,-35.533,USD,
20/06/2026,New Cash,From 'Cash',"13,500",ZWL,94.5,USD,
20/06/2026,حكيم,From 'Cash',"507,625",SYP,35.533,USD,
20/06/2026,Cash,Home,"-140,000",SYP,-9.8,USD,فواكي
20/06/2026,Cash,Home,"-30,000",SYP,-2.1,USD,متفرقات
20/06/2026,Cash,Shaving,"-90,000",SYP,-6.3,USD,
20/06/2026,حكيم,To 'Cash',"-80,000",SYP,-5.6,USD,حلاقة
20/06/2026,USD,To 'Cash',-100,USD,-100,USD,
20/06/2026,محمد,To 'Cash',"-180,000",SYP,-12.6,USD,
20/06/2026,Cash,From 'حكيم',"80,000",SYP,5.6,USD,حلاقة
20/06/2026,Cash,From 'USD',"1,420,000",SYP,100,USD,
20/06/2026,Cash,From 'محمد',"180,000",SYP,12.6,USD,
21/06/2026,Cash,Home,"-325,000",SYP,-22.75,USD,طاولة
21/06/2026,Cash,Health,"-150,000",SYP,-10.5,USD,دكتور
21/06/2026,Cash,Home,"-38,000",SYP,-2.66,USD,موالح
21/06/2026,Cash,Eating out,"-51,000",SYP,-3.57,USD,دجاجتي
21/06/2026,Cash,Entertainment,"-67,000",SYP,-4.69,USD,كاربون
21/06/2026,Cash,Sports,"-80,000",SYP,-5.6,USD,
21/06/2026,Cash,House,"-2,000",SYP,-0.14,USD,مي
21/06/2026,Cash,To 'حكيم',"-80,000",SYP,-5.6,USD,
21/06/2026,حكيم,From 'Cash',"80,000",SYP,5.6,USD,
21/06/2026,Cash,Clothes,"-270,000",SYP,-18.9,USD,شيال
21/06/2026,Cash,Clothes,"-94,000",SYP,-6.58,USD,بوكسرات
21/06/2026,Cash,Home,"-54,000",SYP,-3.78,USD,مراية
21/06/2026,Cash,Home,"-160,000",SYP,-11.2,USD,بوظة
21/06/2026,Cash,Home,"-10,000",SYP,-0.7,USD,لحمة
21/06/2026,Cash,Home,"-8,000",SYP,-0.56,USD,خيار
21/06/2026,Cash,Home,"-17,000",SYP,-1.19,USD,توست
21/06/2026,Cash,Clothes,"-160,000",SYP,-11.2,USD,كنزة
21/06/2026,Cash,Home,"-320,000",SYP,-22.4,USD,مول
21/06/2026,Cash,To 'موني',"-500,000",SYP,-35,USD,
21/06/2026,موني,To 'Cash',"-1,093,000",SYP,-76.51,USD,
21/06/2026,موني,From 'Cash',"500,000",SYP,35,USD,
21/06/2026,Cash,From 'موني',"1,093,000",SYP,76.51,USD,
22/06/2026,Cash,Home,"-66,000",SYP,-4.62,USD,لبن
23/06/2026,Cash,Home,"-2,000",SYP,-0.142,USD,مي
24/06/2026,Cash,Health,"-86,000",SYP,-6.278,USD,دوا
24/06/2026,Cash,Taxi,"-35,000",SYP,-2.555,USD,
24/06/2026,Cash,Gifts,"-465,000",SYP,-33.945,USD,عمورة ولالي
24/06/2026,Cash,Entertainment,"-130,000",SYP,-9.49,USD,بيت عربي
24/06/2026,Cash,Eating out,"-32,000",SYP,-2.336,USD,كروسان
24/06/2026,Cash,Taxi,"-55,000",SYP,-4.015,USD,
25/06/2026,Cash,Taxi,"-55,000",SYP,-4.125,USD,
25/06/2026,Cash,Taxi,"-40,000",SYP,-3,USD,
25/06/2026,Cash,Bills,"-20,000",SYP,-1.5,USD,
25/06/2026,Cash,Eating out,"-54,000",SYP,-4.05,USD,فروج
25/06/2026,Cash,Entertainment,"-50,000",SYP,-3.75,USD,سواح
25/06/2026,Cash,Taxi,"-75,000",SYP,-5.625,USD,
25/06/2026,Cash,To 'حكيم',"-54,000",SYP,-4.05,USD,فروج
25/06/2026,حكيم,To 'Cash',"-50,000",SYP,-3.75,USD,سواح
25/06/2026,حكيم,To 'Cash',"-20,000",SYP,-1.5,USD,جوز هند
25/06/2026,USD,To 'Cash',-100,USD,-100,USD,
25/06/2026,حكيم,From 'Cash',"54,000",SYP,4.05,USD,فروج
25/06/2026,Cash,From 'حكيم',"50,000",SYP,3.75,USD,سواح
25/06/2026,Cash,From 'حكيم',"20,000",SYP,1.5,USD,جوز هند
25/06/2026,Cash,From 'USD',"1,320,000",SYP,100,USD,
26/06/2026,Cash,Bills,"-77,200",SYP,-5.79,USD,
26/06/2026,Cash,To 'New Cash',"-232,500",SYP,-17.437,USD,
26/06/2026,New Cash,From 'Cash',"2,325",ZWL,17.437,USD,
27/06/2026,Cash,Health,"-165,000",SYP,-12.705,USD,دوا
27/06/2026,Cash,YYY,"-104,000",SYP,-8.008,USD,
27/06/2026,Cash,Home,"-36,000",SYP,-2.772,USD,عصير
27/06/2026,New Cash,To 'Cash',"-11,300",ZWL,-87.258,USD,
27/06/2026,Cash,From 'New Cash',"1,130,000",SYP,87.258,USD,
28/06/2026,Cash,House,"-120,000",SYP,-9.36,USD,كاتو
28/06/2026,Cash,Taxi,"-30,000",SYP,-2.34,USD,
28/06/2026,Cash,House,"-22,000",SYP,-1.716,USD,زيت
28/06/2026,Cash,House,"-3,000",SYP,-0.234,USD,مي
28/06/2026,Cash,Home,"-15,000",SYP,-1.17,USD,خبز
28/06/2026,Cash,To 'Shop',"-500,000",SYP,-39,USD,
28/06/2026,حكيم,To 'Cash',"-40,000",SYP,-3.12,USD,مي وزيت وخبز
28/06/2026,Shop,From 'Cash',"500,000",SYP,39,USD,
28/06/2026,Cash,From 'حكيم',"40,000",SYP,3.12,USD,مي وزيت وخبز
29/06/2026,Cash,House,"-111,000",SYP,-8.325,USD,كهربا
29/06/2026,Cash,Home,"-46,000",SYP,-3.45,USD,خضرا
29/06/2026,Cash,Home,"-79,000",SYP,-5.925,USD,بسكوت
29/06/2026,Cash,Home,"-20,000",SYP,-1.5,USD,لبن
29/06/2026,Cash,Home,"-16,500",SYP,-1.237,USD,معطر
29/06/2026,Cash,Sports,"-40,000",SYP,-3,USD,
29/06/2026,حكيم,To 'Cash',"-111,000",SYP,-8.325,USD,كهربا
29/06/2026,حكيم,To 'Cash',"-40,000",SYP,-3,USD,ملعب
29/06/2026,Cash,From 'حكيم',"111,000",SYP,8.325,USD,كهربا
29/06/2026,Cash,From 'حكيم',"40,000",SYP,3,USD,ملعب
30/06/2026,Cash,To 'حكيم',"-12,000",SYP,-0.9,USD,وحدات
30/06/2026,Shop,To 'Cash',"-12,000",SYP,-0.9,USD,
30/06/2026,حكيم,From 'Cash',"12,000",SYP,0.9,USD,وحدات
30/06/2026,Cash,From 'Shop',"12,000",SYP,0.9,USD,
30/06/2026,Cash,Eating out,"-85,000",SYP,-6.375,USD,فطاير
30/06/2026,New Cash,To 'Cash',-800,ZWL,-6.037,USD,
30/06/2026,Cash,From 'New Cash',"80,000",SYP,6.037,USD,
01/07/2026,USD,Salary,"2,200",USD,"2,200",USD,
01/07/2026,USD,Bills,-22,USD,-22,USD,تحويل
01/07/2026,Cash,Taxi,"-70,000",SYP,-5.39,USD,
01/07/2026,Cash,Taxi,"-20,000",SYP,-1.54,USD,
01/07/2026,Cash,Home,"-210,000",SYP,-16.17,USD,حواضر
01/07/2026,Cash,Taxi,"-20,000",SYP,-1.54,USD,
01/07/2026,Cash,Home,"-10,000",SYP,-0.77,USD,توست
01/07/2026,Cash,Taxi,"-50,000",SYP,-3.85,USD,
01/07/2026,Cash,Home,"-129,000",SYP,-9.933,USD,متفرقات
01/07/2026,Cash,YYY,"-77,000",SYP,-5.929,USD,معسل
01/07/2026,USD,House,-300,USD,-300,USD,
01/07/2026,USD,Moony,-300,USD,-300,USD,
01/07/2026,USD,To 'Cash',-78,USD,-78,USD,
01/07/2026,Cash,From 'USD',"1,014,000",SYP,78,USD,
02/07/2026,Cash,YYY,"-34,000",SYP,-2.618,USD,معسل
02/07/2026,Cash,Home,"-28,000",SYP,-2.156,USD,متفرقات
02/07/2026,USD,To 'Cash',-100,USD,-100,USD,
02/07/2026,Cash,From 'USD',"1,280,000",SYP,100,USD,
02/07/2026,Cash,To 'New Cash',"-1,566,000",SYP,-120.582,USD,
02/07/2026,New Cash,From 'Cash',"15,660",ZWL,120.582,USD,
03/07/2026,Cash,Gifts,"-200,000",SYP,-15.4,USD,ايهم
03/07/2026,Cash,Taxi,"-54,000",SYP,-4.158,USD,
03/07/2026,Cash,Eating out,"-340,000",SYP,-26.18,USD,كوك دور
03/07/2026,Cash,Home,"-1,273,000",SYP,-98.021,USD,مول
03/07/2026,Cash,YYY,"-36,000",SYP,-2.772,USD,معسل
03/07/2026,Cash,To 'محمد',"-100,000",SYP,-7.7,USD,وحدات
03/07/2026,Shop,To 'Cash',"-100,000",SYP,-7.7,USD,
03/07/2026,محمد,From 'Cash',"100,000",SYP,7.7,USD,وحدات
03/07/2026,Cash,From 'Shop',"100,000",SYP,7.7,USD,
04/07/2026,Cash,Home,"-36,000",SYP,-2.772,USD,متبل
04/07/2026,Cash,Moony,"-57,000",SYP,-4.389,USD,رموش
04/07/2026,Cash,Health,"-83,000",SYP,-6.391,USD,دوا
04/07/2026,Cash,Home,"-263,000",SYP,-20.251,USD,مول
04/07/2026,Cash,Home,"-110,000",SYP,-8.47,USD,بوظة
04/07/2026,Cash,Home,"-28,000",SYP,-2.156,USD,خبز
04/07/2026,Cash,Home,"-46,000",SYP,-3.542,USD,منظفات
04/07/2026,Cash,Entertainment,"-30,000",SYP,-2.31,USD,سواح
04/07/2026,Cash,Eating out,"-130,000",SYP,-10.01,USD,مندي
04/07/2026,Cash,Home,"-30,000",SYP,-2.31,USD,مزيتة
04/07/2026,Cash,Home,"-62,000",SYP,-4.774,USD,بوظة وشيبس
04/07/2026,Cash,YYY,"-90,000",SYP,-6.93,USD,معسل
04/07/2026,USD,To 'Cash',-200,USD,-200,USD,
04/07/2026,Cash,To 'حكيم',"-95,000",SYP,-7.315,USD,معسل
04/07/2026,حكيم,To 'Cash',"-160,000",SYP,-12.32,USD,مندي وسواح
04/07/2026,New Cash,To 'Cash',"-12,320",ZWL,-94.408,USD,
04/07/2026,Cash,From 'USD',"2,560,000",SYP,200,USD,
04/07/2026,حكيم,From 'Cash',"95,000",SYP,7.315,USD,معسل
04/07/2026,Cash,From 'حكيم',"160,000",SYP,12.32,USD,مندي وسواح
04/07/2026,Cash,From 'New Cash',"1,232,000",SYP,94.408,USD,
05/07/2026,Cash,Taxi,"-70,000",SYP,-5.39,USD,
05/07/2026,Cash,House,"-56,000",SYP,-4.312,USD,لبن
05/07/2026,Cash,Communications,"-235,000",SYP,-18.095,USD,انترنت حرستا
05/07/2026,Cash,House,"-150,000",SYP,-11.55,USD,غاز
05/07/2026,Cash,Entertainment,"-200,000",SYP,-15.4,USD,مباراة مهرجان
05/07/2026,Cash,Sports,"-30,000",SYP,-2.31,USD,
05/07/2026,Cash,Gifts,"300,000",SYP,23.1,USD,ياسين
05/07/2026,Cash,Clothes,"-250,000",SYP,-19.25,USD,تياب
05/07/2026,Cash,Home,"-200,000",SYP,-15.4,USD,صحون
05/07/2026,Cash,Home,"-35,000",SYP,-2.695,USD,توست
05/07/2026,Cash,Home,"-40,000",SYP,-3.08,USD,كاكاو
05/07/2026,حكيم,To 'Cash',"-471,000",SYP,-36.267,USD,ملعب ولبن وغاز ونت
05/07/2026,Cash,To 'حكيم',"-200,000",SYP,-15.4,USD,مباراة مهرجان
05/07/2026,موني,To 'Cash',"-525,000",SYP,-40.425,USD,
05/07/2026,Shop,To 'Cash',"-550,000",SYP,-42.35,USD,
05/07/2026,Cash,To 'حكيم',"-21,000",SYP,-1.617,USD,غوفر
05/07/2026,Cash,To 'موني',"-150,000",SYP,-11.55,USD,ارضي برزة
05/07/2026,Cash,From 'حكيم',"471,000",SYP,36.267,USD,ملعب ولبن وغاز ونت
05/07/2026,حكيم,From 'Cash',"200,000",SYP,15.4,USD,مباراة مهرجان
05/07/2026,Cash,From 'موني',"525,000",SYP,40.425,USD,
05/07/2026,Cash,From 'Shop',"550,000",SYP,42.35,USD,
05/07/2026,حكيم,From 'Cash',"21,000",SYP,1.617,USD,غوفر
05/07/2026,موني,From 'Cash',"150,000",SYP,11.55,USD,ارضي برزة
06/07/2026,Cash,Clothes,"-120,000",SYP,-9.24,USD,كنزة
06/07/2026,Cash,Entertainment,"-70,000",SYP,-5.39,USD,دخولية مهرجان
06/07/2026,Cash,Entertainment,"-126,000",SYP,-9.702,USD,مشروبات
06/07/2026,Cash,Eating out,"-75,000",SYP,-5.775,USD,كريسبي
06/07/2026,حكيم,To 'Cash',"-195,000",SYP,-15.015,USD,مشروبات مهرجان
06/07/2026,Cash,To 'حكيم',"-70,000",SYP,-5.39,USD,دخولية مهرجان
06/07/2026,Cash,From 'حكيم',"195,000",SYP,15.015,USD,مشروبات مهرجان
06/07/2026,حكيم,From 'Cash',"70,000",SYP,5.39,USD,دخولية مهرجان
07/07/2026,Cash,Home,"-95,000",SYP,-7.315,USD,منظفات
07/07/2026,Cash,Home,"-40,000",SYP,-3.08,USD,متفرقات
08/07/2026,Cash,Taxi,"-55,000",SYP,-4.235,USD,
08/07/2026,Cash,Babies,"-210,000",SYP,-16.17,USD,العاب
08/07/2026,Cash,Home,"-60,000",SYP,-4.62,USD,مول
08/07/2026,USD,Gifts,56,USD,56,USD,مرشد
08/07/2026,Cash,Babies,"-180,000",SYP,-13.86,USD,
08/07/2026,Cash,Home,"-70,000",SYP,-5.39,USD,فواكي
08/07/2026,Cash,Home,"-25,000",SYP,-1.925,USD,خضرا
08/07/2026,Cash,Home,"-14,000",SYP,-1.078,USD,جبنة
08/07/2026,Cash,Taxi,"-55,000",SYP,-4.235,USD,
08/07/2026,USD,To 'Cash',-100,USD,-100,USD,
08/07/2026,Cash,From 'USD',"1,300,000",SYP,100,USD,
09/07/2026,Cash,Home,"-31,000",SYP,-2.387,USD,خبز وبيض ومي
10/07/2026,Cash,YYY,"-90,000",SYP,-6.93,USD,معسل
10/07/2026,Cash,Home,"-85,000",SYP,-6.545,USD,حلويات
10/07/2026,حكيم,To 'Cash',"-85,000",SYP,-6.545,USD,حلويات
10/07/2026,Cash,From 'حكيم',"85,000",SYP,6.545,USD,حلويات
11/07/2026,Cash,Real estate,"-25,000",SYP,-1.925,USD,كهربجي
11/07/2026,Cash,Real estate,"-400,000",SYP,-30.8,USD,تركيب مكيف
11/07/2026,USD,Real estate,-350,USD,-350,USD,مكيف
11/07/2026,Cash,Eating out,"-120,000",SYP,-9.24,USD,كريسبي
11/07/2026,حكيم,To 'Cash',"-120,000",SYP,-9.24,USD,كريسبي
11/07/2026,Cash,From 'حكيم',"120,000",SYP,9.24,USD,كريسبي
12/07/2026,Cash,Eating out,"-21,000",SYP,-1.617,USD,غوفر
12/07/2026,Cash,Sports,"-25,000",SYP,-1.925,USD,
12/07/2026,Cash,Eating out,"-75,000",SYP,-5.775,USD,مندي
12/07/2026,Cash,Entertainment,"-35,000",SYP,-2.695,USD,سواح
12/07/2026,USD,Electronics,-5,USD,-5,USD,جهاز مساج
12/07/2026,Cash,To 'حكيم',"-186,000",SYP,-14.322,USD,مندي وسواح وملعب
12/07/2026,Cash,To 'موني',"-500,000",SYP,-38.5,USD,
12/07/2026,حكيم,From 'Cash',"186,000",SYP,14.322,USD,مندي وسواح وملعب
12/07/2026,موني,From 'Cash',"500,000",SYP,38.5,USD,
12/07/2026,Cash,Home,"-130,000",SYP,-10.01,USD,بوظة
12/07/2026,موني,To 'Cash',"-130,000",SYP,-10.01,USD,
12/07/2026,Cash,From 'موني',"130,000",SYP,10.01,USD,
13/07/2026,Cash,Eating out,"-525,000",SYP,-40.425,USD,مطبخ الخانم
13/07/2026,Cash,YYY,"-34,000",SYP,-2.618,USD,معسل
13/07/2026,Cash,Home,"-4,000",SYP,-0.308,USD,مي
13/07/2026,Cash,Home,"-18,000",SYP,-1.386,USD,بطيخ
13/07/2026,Cash,House,"-36,000",SYP,-2.772,USD,زيت
13/07/2026,USD,To 'Cash',-200,USD,-200,USD,
13/07/2026,Cash,To 'موني',"-598,000",SYP,-46.046,USD,
13/07/2026,Cash,From 'USD',"2,650,000",SYP,200,USD,
13/07/2026,موني,From 'Cash',"598,000",SYP,46.046,USD,
13/07/2026,حكيم دولار,To 'USD',-5,USD,-5,USD,جهاز مساج
13/07/2026,USD,From 'حكيم دولار',5,USD,5,USD,جهاز مساج
13/07/2026,Cash,Home,"-69,000",SYP,-5.313,USD,عصير
13/07/2026,Cash,Health,"-49,000",SYP,-3.773,USD,دوا
14/07/2026,Cash,To 'Shop',"-600,000",SYP,-46.2,USD,
14/07/2026,Shop,From 'Cash',"600,000",SYP,46.2,USD,
14/07/2026,Cash,Home,"-240,000",SYP,-18.48,USD,محارم
14/07/2026,Cash,Home,"-469,000",SYP,-36.113,USD,متفرقات
14/07/2026,USD,To 'Cash',-200,USD,-200,USD,
14/07/2026,Cash,From 'USD',"2,650,000",SYP,200,USD,
14/07/2026,Cash,Taxi,"-57,000",SYP,-4.389,USD,
14/07/2026,Cash,Gifts,"-462,500",SYP,-35.612,USD,ابو صطيف
15/07/2026,Cash,House,"-20,000",SYP,-1.52,USD,بوظة
15/07/2026,Cash,Taxi,"-30,000",SYP,-2.28,USD,
15/07/2026,Cash,Taxi,"-90,000",SYP,-6.84,USD,
15/07/2026,Cash,Entertainment,"-15,000",SYP,-1.14,USD,سواح
15/07/2026,حكيم,To 'Cash',"-15,000",SYP,-1.14,USD,سواح
15/07/2026,Cash,From 'حكيم',"15,000",SYP,1.14,USD,سواح
16/07/2026,Cash,Eating out,"-25,000",SYP,-1.9,USD,فطاير
16/07/2026,Cash,Eating out,"-55,000",SYP,-4.18,USD,ماليبو
16/07/2026,Cash,Entertainment,"-50,000",SYP,-3.8,USD,سواح
16/07/2026,Cash,YYY,"-26,000",SYP,-1.976,USD,معسل
16/07/2026,Cash,Taxi,"-40,000",SYP,-3.04,USD,
16/07/2026,Cash,Taxi,"-55,000",SYP,-4.18,USD,
16/07/2026,Cash,Bills,"-50,000",SYP,-3.8,USD,
16/07/2026,حكيم,To 'Cash',"-25,000",SYP,-1.9,USD,فطاير
16/07/2026,حكيم,To 'Cash',"-50,000",SYP,-3.8,USD,سواح
16/07/2026,Cash,From 'حكيم',"25,000",SYP,1.9,USD,فطاير
16/07/2026,Cash,From 'حكيم',"50,000",SYP,3.8,USD,سواح
16/07/2026,Cash,To 'حكيم',"-55,000",SYP,-4.18,USD,ماليبو
16/07/2026,حكيم,From 'Cash',"55,000",SYP,4.18,USD,ماليبو
17/07/2026,حكيم,To 'Cash',"-312,500",SYP,-23.75,USD,باقي حساب هدايا ابو صطيف
17/07/2026,Cash,To 'New Cash',"-2,039,000",SYP,-154.964,USD,
17/07/2026,Cash,To 'حكيم',"-15,000",SYP,-1.14,USD,وحدات
17/07/2026,Shop,To 'Cash',"-15,000",SYP,-1.14,USD,
17/07/2026,Cash,From 'حكيم',"312,500",SYP,23.75,USD,باقي حساب هدايا ابو صطيف
17/07/2026,New Cash,From 'Cash',"20,390",ZWL,154.964,USD,
17/07/2026,حكيم,From 'Cash',"15,000",SYP,1.14,USD,وحدات
17/07/2026,Cash,From 'Shop',"15,000",SYP,1.14,USD,
18/07/2026,حكيم,To 'Cash',"-200,000",SYP,-15.2,USD,حواضر
18/07/2026,Cash,From 'حكيم',"200,000",SYP,15.2,USD,حواضر
18/07/2026,Cash,Communications,"-72,000",SYP,-5.472,USD,وحدات
18/07/2026,Cash,Home,"-200,000",SYP,-15.2,USD,حواضر
18/07/2026,Shop,To 'Cash',"-72,000",SYP,-5.472,USD,
18/07/2026,Cash,From 'Shop',"72,000",SYP,5.472,USD,
19/07/2026,Cash,Health,"-7,000",SYP,-0.532,USD,تحاميل
19/07/2026,Cash,Taxi,"-35,000",SYP,-2.66,USD,
19/07/2026,Cash,Home,"-46,000",SYP,-3.496,USD,عصير
19/07/2026,Cash,Home,"-50,000",SYP,-3.8,USD,بوظة
19/07/2026,Cash,Eating out,"-120,000",SYP,-9.12,USD,سمك
19/07/2026,Cash,YYY,"-36,000",SYP,-2.736,USD,معسل
19/07/2026,New Cash,To 'Cash',"-5,000",ZWL,-38.17,USD,
19/07/2026,Cash,To 'حكيم',"-500,000",SYP,-38,USD,
19/07/2026,New Cash,To 'Cash',-800,ZWL,-6.107,USD,
19/07/2026,New Cash,To 'Cash',"-1,200",ZWL,-9.16,USD,
19/07/2026,New Cash,To 'Cash',-500,ZWL,-3.817,USD,
19/07/2026,New Cash,To 'Cash',-450,ZWL,-3.435,USD,
19/07/2026,USD,To 'حكيم دولار',-5,USD,-5,USD,
19/07/2026,Cash,From 'New Cash',"500,000",SYP,38.17,USD,
19/07/2026,حكيم,From 'Cash',"500,000",SYP,38,USD,
19/07/2026,Cash,From 'New Cash',"80,000",SYP,6.107,USD,
19/07/2026,Cash,From 'New Cash',"120,000",SYP,9.16,USD,
19/07/2026,Cash,From 'New Cash',"50,000",SYP,3.817,USD,
19/07/2026,Cash,From 'New Cash',"45,000",SYP,3.435,USD,
19/07/2026,حكيم دولار,From 'USD',5,USD,5,USD,
19/07/2026,New Cash,To 'Cash',-500,ZWL,-3.817,USD,
19/07/2026,Cash,From 'New Cash',"50,000",SYP,3.817,USD,
19/07/2026,Cash,Taxi,"-50,000",SYP,-3.8,USD,
19/07/2026,New Cash,To 'Cash',-200,ZWL,-1.526,USD,
19/07/2026,Cash,From 'New Cash',"20,000",SYP,1.526,USD,
19/07/2026,Cash,Home,"-22,000",SYP,-1.672,USD,لبن
19/07/2026,Cash,Moony,"-145,000",SYP,-11.02,USD,كتاب ولعبة
19/07/2026,Cash,Health,"-301,000",SYP,-22.876,USD,صيدلية
19/07/2026,Cash,Home,"-140,000",SYP,-10.64,USD,مول
19/07/2026,Cash,Eating out,"-395,000",SYP,-30.02,USD,هاينيس
19/07/2026,Cash,To 'حكيم',"-425,000",SYP,-32.3,USD,هاينيس
19/07/2026,حكيم,From 'Cash',"425,000",SYP,32.3,USD,هاينيس
19/07/2026,New Cash,To 'Cash',"-17,270",ZWL,-131.839,USD,
19/07/2026,Cash,From 'New Cash',"1,727,000",SYP,131.839,USD,
20/07/2026,Cash,Home,"-60,000",SYP,-4.56,USD,كاتو
20/07/2026,USD,To 'Cash',-50,USD,-50,USD,
20/07/2026,Cash,From 'USD',"660,000",SYP,50,USD,
21/07/2026,Cash,Home,"-17,000",SYP,-1.292,USD,خضرا
22/07/2026,Cash,Entertainment,"-50,000",SYP,-3.8,USD,جليلاتي
23/07/2026,Cash,Bills,"-35,000",SYP,-2.625,USD,
23/07/2026,Cash,To 'حكيم',"-35,000",SYP,-2.625,USD,للحجة
23/07/2026,حكيم,From 'Cash',"35,000",SYP,2.625,USD,للحجة
23/07/2026,Cash,Entertainment,"-50,000",SYP,-3.75,USD,سواح
23/07/2026,Cash,Eating out,"-60,000",SYP,-4.5,USD,ماليبو
23/07/2026,Cash,Taxi,"-35,000",SYP,-2.625,USD,
23/07/2026,Cash,House,"-95,500",SYP,-7.162,USD,كهربا
23/07/2026,Cash,To 'حكيم',"-700,000",SYP,-52.5,USD,لرفيف
23/07/2026,حكيم,To 'Cash',"-50,000",SYP,-3.75,USD,سواح
23/07/2026,عمار,To 'Cash',"-60,000",SYP,-4.5,USD,ماليبو
23/07/2026,Cash,To 'حكيم',"-29,000",SYP,-2.175,USD,كهربا
23/07/2026,حكيم,To 'Cash',"-95,500",SYP,-7.162,USD,كهربا
23/07/2026,حكيم,From 'Cash',"700,000",SYP,52.5,USD,لرفيف
23/07/2026,Cash,From 'حكيم',"50,000",SYP,3.75,USD,سواح
23/07/2026,Cash,From 'عمار',"60,000",SYP,4.5,USD,ماليبو
23/07/2026,حكيم,From 'Cash',"29,000",SYP,2.175,USD,كهربا
23/07/2026,Cash,From 'حكيم',"95,500",SYP,7.162,USD,كهربا
24/07/2026,Cash,YYY,"-102,000",SYP,-7.65,USD,معسل
24/07/2026,Cash,Home,"-48,000",SYP,-3.6,USD,عصير
24/07/2026,Cash,Taxi,"-40,000",SYP,-3,USD,
24/07/2026,New Cash,To 'Cash',"-1,900",ZWL,-14.286,USD,
24/07/2026,Cash,From 'New Cash',"190,000",SYP,14.286,USD,
24/07/2026,Cash,Bills,"-28,000",SYP,-2.1,USD,تزبيط حساب
25/07/2026,Cash,House,"-6,000",SYP,-0.45,USD,مي
25/07/2026,حكيم,To 'Cash',"-6,000",SYP,-0.45,USD,مي
25/07/2026,Cash,From 'حكيم',"6,000",SYP,0.45,USD,مي
25/07/2026,Cash,Eating out,"-27,500",SYP,-2.062,USD,فطاير
25/07/2026,USD,To 'Cash',-100,USD,-100,USD,
25/07/2026,Cash,To 'New Cash',"-1,320,000",SYP,-99,USD,
25/07/2026,New Cash,To 'Cash',-500,ZWL,-3.759,USD,
25/07/2026,Cash,To 'حكيم',"-27,500",SYP,-2.062,USD,فطاير
25/07/2026,Cash,From 'USD',"1,320,000",SYP,100,USD,
25/07/2026,New Cash,From 'Cash',"13,200",ZWL,99,USD,
25/07/2026,Cash,From 'New Cash',"50,000",SYP,3.759,USD,
25/07/2026,حكيم,From 'Cash',"27,500",SYP,2.062,USD,فطاير
25/07/2026,Cash,Shaving,"-100,000",SYP,-7.5,USD,
25/07/2026,Cash,Entertainment,"-45,000",SYP,-3.375,USD,سواح
25/07/2026,Cash,Eating out,"-55,000",SYP,-4.125,USD,ماليبو
25/07/2026,Cash,Home,"-20,000",SYP,-1.5,USD,مي
25/07/2026,Cash,To 'حكيم',"-100,000",SYP,-7.5,USD,حلاق
25/07/2026,New Cash,To 'Cash',"-2,000",ZWL,-15.038,USD,
25/07/2026,New Cash,To 'Cash',"-2,000",ZWL,-15.038,USD,
25/07/2026,Cash,To 'حكيم',"-55,000",SYP,-4.125,USD,ماليبو
25/07/2026,Cash,To 'حكيم',"-45,000",SYP,-3.375,USD,سواح
25/07/2026,New Cash,To 'Cash',-250,ZWL,-1.879,USD,
25/07/2026,حكيم,From 'Cash',"100,000",SYP,7.5,USD,حلاق
25/07/2026,Cash,From 'New Cash',"200,000",SYP,15.038,USD,
25/07/2026,Cash,From 'New Cash',"200,000",SYP,15.038,USD,
25/07/2026,حكيم,From 'Cash',"55,000",SYP,4.125,USD,ماليبو
25/07/2026,حكيم,From 'Cash',"45,000",SYP,3.375,USD,سواح
25/07/2026,Cash,From 'New Cash',"25,000",SYP,1.879,USD,
26/07/2026,USD,Moony,-50,USD,-50,USD,
26/07/2026,Cash,Home,"-2,000",SYP,-0.15,USD,مي
26/07/2026,Cash,Home,"-196,000",SYP,-14.7,USD,متفرقات
26/07/2026,Cash,Home,"-60,000",SYP,-4.5,USD,كاجو
26/07/2026,New Cash,To 'Cash',"-1,210",ZWL,-9.097,USD,
26/07/2026,New Cash,To 'Cash',-300,ZWL,-2.255,USD,
26/07/2026,New Cash,To 'Cash',-20,ZWL,-0.15,USD,
26/07/2026,New Cash,To 'Cash',-390,ZWL,-2.932,USD,
26/07/2026,New Cash,To 'Cash',-600,ZWL,-4.511,USD,
26/07/2026,New Cash,To 'Cash',-220,ZWL,-1.654,USD,
26/07/2026,Cash,From 'New Cash',"121,000",SYP,9.097,USD,
26/07/2026,Cash,From 'New Cash',"30,000",SYP,2.255,USD,
26/07/2026,Cash,From 'New Cash',"2,000",SYP,0.15,USD,
26/07/2026,Cash,From 'New Cash',"39,000",SYP,2.932,USD,
26/07/2026,Cash,From 'New Cash',"60,000",SYP,4.511,USD,
26/07/2026,Cash,From 'New Cash',"22,000",SYP,1.654,USD,
26/07/2026,Cash,Home,"-26,000",SYP,-1.95,USD,خبز
27/07/2026,Cash,Communications,"-50,000",SYP,-3.75,USD,وحدات
27/07/2026,Shop,To 'Cash',"-90,000",SYP,-6.75,USD,
27/07/2026,Cash,To 'حكيم',"-40,000",SYP,-3,USD,وحدات رفيف
27/07/2026,Cash,From 'Shop',"90,000",SYP,6.75,USD,
27/07/2026,حكيم,From 'Cash',"40,000",SYP,3,USD,وحدات رفيف
27/07/2026,Cash,Sports,"-70,000",SYP,-5.25,USD,
27/07/2026,Cash,Taxi,"-75,000",SYP,-5.625,USD,
27/07/2026,New Cash,To 'Cash',-750,ZWL,-5.639,USD,
27/07/2026,حكيم,To 'Cash',"-70,000",SYP,-5.25,USD,ملعب
27/07/2026,Cash,From 'New Cash',"75,000",SYP,5.639,USD,
27/07/2026,Cash,From 'حكيم',"70,000",SYP,5.25,USD,ملعب
28/07/2026,Cash,Home,"-52,000",SYP,-3.9,USD,شيبس
28/07/2026,Cash,Home,"-26,000",SYP,-1.95,USD,محارم
29/07/2026,Cash,Home,"-125,000",SYP,-9.375,USD,فطاير
29/07/2026,Cash,Home,"-260,000",SYP,-19.5,USD,شاورما
29/07/2026,Cash,Home,"-10,000",SYP,-0.75,USD,تلج
29/07/2026,Cash,YYY,"-57,000",SYP,-4.275,USD,معسل
29/07/2026,Cash,To 'حكيم',"-34,000",SYP,-2.55,USD,معسل
29/07/2026,USD,To 'Cash',-100,USD,-100,USD,
29/07/2026,حكيم,From 'Cash',"34,000",SYP,2.55,USD,معسل
29/07/2026,Cash,From 'USD',"1,320,000",SYP,100,USD,
30/07/2026,Cash,YYY,"-107,000",SYP,-8.025,USD,معسل وفحم
30/07/2026,حكيم,To 'Cash',"-107,000",SYP,-8.025,USD,معسل وفحم
30/07/2026,Cash,From 'حكيم',"107,000",SYP,8.025,USD,معسل وفحم
31/07/2026,Cash,Home,"-26,000",SYP,-1.95,USD,كمون
01/08/2026,Cash,Home,"-72,000",SYP,-5.4,USD,متفرقات
01/08/2026,Cash,Home,"-150,000",SYP,-11.25,USD,جوز
01/08/2026,Cash,To 'حكيم',"-102,000",SYP,-7.65,USD,وحدات
01/08/2026,Shop,To 'Cash',"-102,000",SYP,-7.65,USD,
01/08/2026,حكيم,From 'Cash',"102,000",SYP,7.65,USD,وحدات
01/08/2026,Cash,From 'Shop',"102,000",SYP,7.65,USD,
02/08/2026,USD,Salary,"2,200",USD,"2,200",USD,
02/08/2026,USD,Bills,-22,USD,-22,USD,تحويل
02/08/2026,USD,Moony,-300,USD,-300,USD,
02/08/2026,New Cash,YYY,-150,ZWL,-1.127,USD,فحم
02/08/2026,حكيم,To 'New Cash',"-34,000",SYP,-2.55,USD,معسل
02/08/2026,حكيم,To 'New Cash',"-46,000",SYP,-3.45,USD,مزرعة وفحم
02/08/2026,New Cash,To 'حكيم',"-2,000",ZWL,-15.038,USD,سيارة
02/08/2026,New Cash,To 'حكيم',-500,ZWL,-3.759,USD,فواكي
02/08/2026,New Cash,From 'حكيم',340,ZWL,2.55,USD,معسل
02/08/2026,New Cash,From 'حكيم',460,ZWL,3.45,USD,مزرعة وفحم
02/08/2026,حكيم,From 'New Cash',"200,000",SYP,15.038,USD,سيارة
02/08/2026,حكيم,From 'New Cash',"50,000",SYP,3.759,USD,فواكي
02/08/2026,New Cash,YYY,-340,ZWL,-2.556,USD,معسل
02/08/2026,New Cash,Entertainment,"-8,260",ZWL,-62.106,USD,مزرعة
02/08/2026,New Cash,Home,"-1,400",ZWL,-10.526,USD,فواكي
02/08/2026,New Cash,Home,-380,ZWL,-2.857,USD,خبز
02/08/2026,Cash,To 'New Cash',"-508,000",SYP,-38.1,USD,
02/08/2026,New Cash,From 'Cash',"5,080",ZWL,38.1,USD,
03/08/2026,New Cash,Home,"-1,450",ZWL,-10.902,USD,قهوة
03/08/2026,New Cash,Home,"-1,550",ZWL,-11.654,USD,غاز
03/08/2026,New Cash,Home,-550,ZWL,-4.135,USD,كهربا عربين
03/08/2026,New Cash,Home,-80,ZWL,-0.601,USD,مي
03/08/2026,New Cash,Eating out,"-3,100",ZWL,-23.308,USD,فايرمان
03/08/2026,New Cash,Taxi,-600,ZWL,-4.511,USD,
03/08/2026,New Cash,Sports,-300,ZWL,-2.255,USD,
03/08/2026,New Cash,Taxi,-800,ZWL,-6.015,USD,
03/08/2026,New Cash,Home,"-7,810",ZWL,-58.723,USD,مول
03/08/2026,USD,To 'New Cash',-300,USD,-300,USD,
03/08/2026,حكيم,To 'New Cash',"-30,000",SYP,-2.25,USD,ملعب
03/08/2026,New Cash,From 'USD',"39,000",ZWL,300,USD,
03/08/2026,New Cash,From 'حكيم',300,ZWL,2.25,USD,ملعب
05/08/2026,New Cash,Home,-118,ZWL,-0.903,USD,خضرا
05/08/2026,New Cash,Home,-550,ZWL,-4.211,USD,لحمة
05/08/2026,New Cash,Taxi,-175,ZWL,-1.339,USD,
05/08/2026,New Cash,Home,-620,ZWL,-4.747,USD,متفرقات
05/08/2026,USD,House,-300,USD,-300,USD,
05/08/2026,New Cash,Home,"-1,300",ZWL,-9.954,USD,حواضر
06/08/2026,USD,Home,-115,USD,-115,USD,شراشف
06/08/2026,New Cash,Home,-600,ZWL,-4.594,USD,مونوبولي
06/08/2026,New Cash,Home,"-1,000",ZWL,-7.657,USD,ورد
06/08/2026,New Cash,Home,-250,ZWL,-1.914,USD,شيبس
06/08/2026,New Cash,YYY,-550,ZWL,-4.211,USD,فحم
06/08/2026,New Cash,Communications,"-2,350",ZWL,-17.993,USD,انترنت حرستا
06/08/2026,USD,To 'New Cash',-100,USD,-100,USD,
06/08/2026,USD,To 'New Cash',-5,USD,-5,USD,
06/08/2026,حكيم,To 'New Cash',"-290,000",SYP,-21.75,USD,انترنت وفحم
06/08/2026,New Cash,To 'محمد',"-1,200",ZWL,-9.188,USD,وحدات
06/08/2026,Shop,To 'New Cash',"-120,000",SYP,-9,USD,
06/08/2026,New Cash,From 'USD',"13,000",ZWL,100,USD,
06/08/2026,New Cash,From 'USD',650,ZWL,5,USD,
06/08/2026,New Cash,From 'حكيم',"2,900",ZWL,21.75,USD,انترنت وفحم
06/08/2026,محمد,From 'New Cash',"120,000",SYP,9.188,USD,وحدات
06/08/2026,New Cash,From 'Shop',"1,200",ZWL,9,USD,
07/08/2026,New Cash,Taxi,"-1,000",ZWL,-7.657,USD,
07/08/2026,New Cash,Home,-80,ZWL,-0.612,USD,فول
07/08/2026,New Cash,Home,"-1,200",ZWL,-9.188,USD,حلويات
07/08/2026,New Cash,Eating out,-650,ZWL,-4.977,USD,اوزي
07/08/2026,New Cash,Bills,-250,ZWL,-1.914,USD,
07/08/2026,New Cash,Entertainment,-600,ZWL,-4.594,USD,سواح
07/08/2026,New Cash,Gifts,"-4,400",ZWL,-33.69,USD,براء
07/08/2026,New Cash,Home,"-6,500",ZWL,-49.77,USD,لحمة
07/08/2026,New Cash,To 'حكيم',-250,ZWL,-1.914,USD,حلويات
07/08/2026,حكيم,To 'New Cash',"-150,000",SYP,-11.25,USD,قهوة وفستق واكل
07/08/2026,حكيم,From 'New Cash',"25,000",SYP,1.914,USD,حلويات
07/08/2026,New Cash,From 'حكيم',"1,500",ZWL,11.25,USD,قهوة وفستق واكل
08/08/2026,New Cash,Eating out,"-1,075",ZWL,-8.231,USD,شاورما
08/08/2026,New Cash,YYY,-360,ZWL,-2.756,USD,معسل
08/08/2026,New Cash,Entertainment,-350,ZWL,-2.679,USD,منتزه
08/08/2026,حكيم,To 'New Cash',"-35,000",SYP,-2.625,USD,منتزه
08/08/2026,New Cash,To 'حكيم',"-1,075",ZWL,-8.231,USD,شاورما وكايزر
08/08/2026,New Cash,From 'حكيم',350,ZWL,2.625,USD,منتزه
08/08/2026,حكيم,From 'New Cash',"107,500",SYP,8.231,USD,شاورما وكايزر
09/08/2026,New Cash,Real estate,"-2,300",ZWL,-17.611,USD,خزانة احذية
09/08/2026,New Cash,To 'حكيم',-560,ZWL,-4.287,USD,اكل وقهوة
09/08/2026,حكيم,To 'New Cash',"-35,000",SYP,-2.625,USD,ملعب
09/08/2026,حكيم,From 'New Cash',"56,000",SYP,4.287,USD,اكل وقهوة
09/08/2026,New Cash,From 'حكيم',350,ZWL,2.625,USD,ملعب
09/08/2026,New Cash,Health,-220,ZWL,-1.684,USD,معجون اسنان
09/08/2026,New Cash,Home,-410,ZWL,-3.139,USD,منظفات
09/08/2026,New Cash,Eating out,-550,ZWL,-4.211,USD,ماليبو
09/08/2026,New Cash,Sports,-350,ZWL,-2.679,USD,
09/08/2026,New Cash,Entertainment,-560,ZWL,-4.287,USD,سواح
09/08/2026,حكيم,To 'New Cash',"-153,000",SYP,-11.475,USD,باقي حساب مزرعة مرت عمو
09/08/2026,New Cash,From 'حكيم',"1,530",ZWL,11.475,USD,باقي حساب مزرعة مرت عمو
10/08/2026,New Cash,Bills,-372,ZWL,-2.848,USD,
10/08/2026,USD,To 'New Cash',-100,USD,-100,USD,
10/08/2026,New Cash,From 'USD',"13,000",ZWL,100,USD,
10/08/2026,New Cash,Home,"-2,250",ZWL,-17.228,USD,متفرقات
10/08/2026,USD,Moony,-225,USD,-225,USD,شي ان
11/08/2026,New Cash,Home,-60,ZWL,-0.459,USD,مي
11/08/2026,New Cash,YYY,-500,ZWL,-3.828,USD,معسل
11/08/2026,حكيم,To 'New Cash',"-56,000",SYP,-4.2,USD,معسل ومي
11/08/2026,محمد,To 'شام كاش',"-240,000",SYP,-18,USD,
11/08/2026,New Cash,From 'حكيم',560,ZWL,4.2,USD,معسل ومي
11/08/2026,شام كاش,From 'محمد',"2,400",ZWL,18,USD,
13/08/2026,New Cash,House,-400,ZWL,-3.047,USD,كولا
13/08/2026,New Cash,Taxi,-400,ZWL,-3.047,USD,
13/08/2026,New Cash,Home,-350,ZWL,-2.666,USD,قشاطة
13/08/2026,New Cash,YYY,-500,ZWL,-3.809,USD,فحم
13/08/2026,New Cash,Home,-500,ZWL,-3.809,USD,اجبان
13/08/2026,New Cash,Bills,-250,ZWL,-1.904,USD,
13/08/2026,New Cash,Entertainment,-500,ZWL,-3.809,USD,سواح
13/08/2026,حكيم,To 'New Cash',"-25,000",SYP,-1.875,USD,للحجة
13/08/2026,حكيم,To 'New Cash',"-50,000",SYP,-3.75,USD,سواح
13/08/2026,New Cash,From 'حكيم',250,ZWL,1.875,USD,للحجة
13/08/2026,New Cash,From 'حكيم',500,ZWL,3.75,USD,سواح
14/08/2026,New Cash,Home,-750,ZWL,-5.714,USD,حلويات
14/08/2026,New Cash,YYY,-200,ZWL,-1.523,USD,معسل
14/08/2026,New Cash,To 'حكيم',-900,ZWL,-6.857,USD,فحم ومعسل
14/08/2026,حكيم,From 'New Cash',"90,000",SYP,6.857,USD,فحم ومعسل
15/08/2026,New Cash,Health,-600,ZWL,-4.571,USD,
15/08/2026,New Cash,Home,-125,ZWL,-0.952,USD,خضرا
15/08/2026,New Cash,Home,-25,ZWL,-0.19,USD,مي
16/08/2026,New Cash,Taxi,-500,ZWL,-3.809,USD,
16/08/2026,New Cash,Gifts,"-5,400",ZWL,-41.142,USD,قزاز
16/08/2026,New Cash,Taxi,-200,ZWL,-1.523,USD,
16/08/2026,New Cash,Eating out,"-5,640",ZWL,-42.971,USD,كريسبي
16/08/2026,New Cash,Home,"-1,800",ZWL,-13.714,USD,شكلات مفاتيح
16/08/2026,New Cash,Babies,-400,ZWL,-3.047,USD,خاتم لولو
16/08/2026,New Cash,Taxi,-200,ZWL,-1.523,USD,
16/08/2026,New Cash,Home,"-1,400",ZWL,-10.666,USD,جبنة
16/08/2026,New Cash,Communications,"-1,400",ZWL,-10.666,USD,ارضي
16/08/2026,New Cash,Taxi,-200,ZWL,-1.523,USD,
16/08/2026,New Cash,Home,"-1,280",ZWL,-9.752,USD,فواكي
16/08/2026,New Cash,Health,-300,ZWL,-2.285,USD,بخاخ
16/08/2026,New Cash,Sports,-300,ZWL,-2.285,USD,
16/08/2026,New Cash,House,"-1,250",ZWL,-9.523,USD,غطاسة
16/08/2026,USD,To 'New Cash',-200,USD,-200,USD,
16/08/2026,New Cash,To 'Shop',"-5,000",ZWL,-38.095,USD,
16/08/2026,New Cash,To 'حكيم',"-1,250",ZWL,-9.523,USD,غطاسة
16/08/2026,حكيم,To 'New Cash',"-30,000",SYP,-2.25,USD,ملعب
16/08/2026,New Cash,From 'USD',"26,200",ZWL,200,USD,
16/08/2026,Shop,From 'New Cash',"500,000",SYP,38.095,USD,
16/08/2026,حكيم,From 'New Cash',"125,000",SYP,9.523,USD,غطاسة
16/08/2026,New Cash,From 'حكيم',300,ZWL,2.25,USD,ملعب
17/08/2026,New Cash,Home,-325,ZWL,-2.476,USD,لبن
17/08/2026,New Cash,Home,-75,ZWL,-0.571,USD,خضرا
17/08/2026,New Cash,Home,-700,ZWL,-5.333,USD,خبز
17/08/2026,New Cash,Home,"-1,450",ZWL,-11.047,USD,قهوة
18/08/2026,New Cash,Taxi,-350,ZWL,-2.666,USD,
18/08/2026,New Cash,House,-250,ZWL,-1.904,USD,فواكي
18/08/2026,New Cash,Home,-75,ZWL,-0.571,USD,لمبة
18/08/2026,New Cash,Entertainment,-700,ZWL,-5.333,USD,منتزه
18/08/2026,New Cash,To 'حكيم',-450,ZWL,-3.428,USD,منتزه
18/08/2026,حكيم,From 'New Cash',"45,000",SYP,3.428,USD,منتزه
19/08/2026,New Cash,Eating out,"-7,550",ZWL,-57.085,USD,القرية
19/08/2026,New Cash,Moony,"-1,225",ZWL,-9.262,USD,تياب
19/08/2026,حكيم,To 'New Cash',"-725,000",SYP,-54.375,USD,القرية
19/08/2026,New Cash,From 'حكيم',"7,250",ZWL,54.375,USD,القرية
20/08/2026,New Cash,Eating out,"-1,150",ZWL,-8.695,USD,مندي
20/08/2026,New Cash,Bills,-250,ZWL,-1.89,USD,
20/08/2026,حكيم,To 'New Cash',"-180,000",SYP,-13.5,USD,مندي والحجة
20/08/2026,New Cash,From 'حكيم',"1,800",ZWL,13.5,USD,مندي والحجة
21/08/2026,New Cash,Bills,-100,ZWL,-0.756,USD,
21/08/2026,New Cash,House,-40,ZWL,-0.302,USD,مي
21/08/2026,New Cash,Eating out,"-1,050",ZWL,-7.939,USD,ماليبو
21/08/2026,New Cash,Entertainment,-230,ZWL,-1.739,USD,منتزه
21/08/2026,New Cash,To 'حكيم',"-1,890",ZWL,-14.29,USD,منتزه واكل وحساب مشكاوي
21/08/2026,New Cash,To 'حافظ',-730,ZWL,-5.519,USD,منتزه
21/08/2026,حكيم,From 'New Cash',"189,000",SYP,14.29,USD,منتزه واكل وحساب مشكاوي
21/08/2026,حافظ,From 'New Cash',"73,000",SYP,5.519,USD,منتزه
22/08/2026,USD,To 'حكيم دولار',-20,USD,-20,USD,Udsc
22/08/2026,حكيم دولار,From 'USD',20,USD,20,USD,Udsc
22/08/2026,New Cash,Eating out,-525,ZWL,-3.969,USD,فطاير
22/08/2026,New Cash,Home,-70,ZWL,-0.529,USD,مي
22/08/2026,New Cash,Home,-840,ZWL,-6.351,USD,حواضر
22/08/2026,New Cash,Shaving,"-1,000",ZWL,-7.561,USD,
22/08/2026,New Cash,Communications,-750,ZWL,-5.67,USD,وحدات
22/08/2026,New Cash,To 'حكيم',"-3,230",ZWL,-24.422,USD,حلاقة ومفاتيح
22/08/2026,شام كاش,To 'حكيم',"-1,265",ZWL,-9.564,USD,وحدات رفيف وحكيم
22/08/2026,شام كاش,To 'New Cash',-750,ZWL,-5.67,USD,
22/08/2026,حكيم,From 'New Cash',"323,000",SYP,24.422,USD,حلاقة ومفاتيح
22/08/2026,حكيم,From 'شام كاش',"126,500",SYP,9.564,USD,وحدات رفيف وحكيم
22/08/2026,New Cash,From 'شام كاش',750,ZWL,5.67,USD,
23/08/2026,New Cash,Sports,-300,ZWL,-2.268,USD,
23/08/2026,New Cash,Home,-325,ZWL,-2.457,USD,حواضر
23/08/2026,New Cash,Taxi,-600,ZWL,-4.536,USD,
23/08/2026,حكيم,To 'New Cash',"-30,000",SYP,-2.25,USD,ملعب
23/08/2026,New Cash,From 'حكيم',300,ZWL,2.25,USD,ملعب
24/08/2026,New Cash,Home,-50,ZWL,-0.378,USD,خيار
24/08/2026,New Cash,Home,-600,ZWL,-4.536,USD,لمبة
24/08/2026,USD,To 'New Cash',-100,USD,-100,USD,
24/08/2026,New Cash,From 'USD',"13,150",ZWL,100,USD,
24/08/2026,New Cash,Home,-935,ZWL,-7.069,USD,خبز
24/08/2026,New Cash,Home,-110,ZWL,-0.831,USD,لبن
24/08/2026,New Cash,Moony,"-1,800",ZWL,-13.609,USD,تصليح دهب
24/08/2026,New Cash,Health,-800,ZWL,-6.048,USD,شفرات ودوا
24/08/2026,New Cash,Moony,-850,ZWL,-6.426,USD,رموش
24/08/2026,New Cash,Home,-350,ZWL,-2.646,USD,حليب وسكر
24/08/2026,New Cash,Home,"-3,000",ZWL,-22.683,USD,مول
24/08/2026,New Cash,Moony,-500,ZWL,-3.78,USD,توصيل شي ان
25/08/2026,New Cash,Home,-550,ZWL,-4.158,USD,بوظة
25/08/2026,New Cash,Home,-230,ZWL,-1.739,USD,لبن
26/08/2026,New Cash,To 'حكيم',"-3,300",ZWL,-24.951,USD,بنزين
26/08/2026,حكيم,From 'New Cash',"330,000",SYP,24.951,USD,بنزين
26/08/2026,New Cash,Moony,-500,ZWL,-3.78,USD,ورد
26/08/2026,New Cash,Home,-35,ZWL,-0.264,USD,مي
26/08/2026,USD,To 'New Cash',-100,USD,-100,USD,
26/08/2026,New Cash,From 'USD',"13,100",ZWL,100,USD,
26/08/2026,New Cash,Home,-265,ZWL,-2.003,USD,موز
27/08/2026,New Cash,Home,"-1,650",ZWL,-12.596,USD,متفرقات
27/08/2026,موني,To 'New Cash',"-165,000",SYP,-12.375,USD,
27/08/2026,New Cash,From 'موني',"1,650",ZWL,12.375,USD,
27/08/2026,New Cash,Eating out,-550,ZWL,-4.198,USD,شاورما
27/08/2026,New Cash,Entertainment,-400,ZWL,-3.053,USD,سواح
27/08/2026,New Cash,Bills,"-2,500",ZWL,-19.085,USD,عمر
27/08/2026,New Cash,House,"-4,000",ZWL,-30.536,USD,غطاسة
27/08/2026,حكيم,To 'New Cash',"-95,000",SYP,-7.125,USD,قهوة واكل
27/08/2026,New Cash,To 'حكيم',"-2,500",ZWL,-19.085,USD,نقوط عمر
27/08/2026,حكيم,To 'New Cash',"-400,000",SYP,-30,USD,غطاسة
27/08/2026,New Cash,From 'حكيم',950,ZWL,7.125,USD,قهوة واكل
27/08/2026,حكيم,From 'New Cash',"250,000",SYP,19.085,USD,نقوط عمر
27/08/2026,New Cash,From 'حكيم',"4,000",ZWL,30,USD,غطاسة
27/08/2026,New Cash,Bills,-500,ZWL,-3.817,USD,
27/08/2026,New Cash,Eating out,-600,ZWL,-4.58,USD,صفيحة
27/08/2026,New Cash,Entertainment,-500,ZWL,-3.817,USD,سواح
27/08/2026,حكيم,To 'New Cash',"-110,000",SYP,-8.25,USD,سواح واكل
27/08/2026,New Cash,From 'حكيم',"1,100",ZWL,8.25,USD,سواح واكل
28/08/2026,New Cash,Communications,-400,ZWL,-3.053,USD,وحدات
28/08/2026,New Cash,Taxi,-575,ZWL,-4.389,USD,
28/08/2026,New Cash,Moony,-920,ZWL,-7.023,USD,داخلي
28/08/2026,New Cash,Gifts,"-3,480",ZWL,-26.566,USD,مصطفى
28/08/2026,New Cash,Home,"-1,040",ZWL,-7.939,USD,زيت
28/08/2026,New Cash,Clothes,"-1,650",ZWL,-12.596,USD,كنزة
28/08/2026,New Cash,Entertainment,"-1,400",ZWL,-10.687,USD,متفرقات
28/08/2026,USD,To 'New Cash',-100,USD,-100,USD,
28/08/2026,New Cash,From 'USD',"13,000",ZWL,100,USD,
29/08/2026,New Cash,To 'عبد',"-2,400",ZWL,-18.321,USD,وحدات
29/08/2026,عبد,From 'New Cash',"2,400",ZWL,18.321,USD,وحدات
29/08/2026,Shop,To 'New Cash',"-280,000",SYP,-21,USD,
29/08/2026,New Cash,From 'Shop',"2,800",ZWL,21,USD,
29/08/2026,New Cash,Moony,"-5,000",ZWL,-38.17,USD,معاملة بيت معربا
29/08/2026,New Cash,Bills,-375,ZWL,-2.862,USD,
29/08/2026,New Cash,YYY,-480,ZWL,-3.664,USD,فحم
29/08/2026,New Cash,Home,-225,ZWL,-1.717,USD,شيبسات
29/08/2026,New Cash,Eating out,"-3,000",ZWL,-22.902,USD,مشاوي
29/08/2026,New Cash,Home,-25,ZWL,-0.19,USD,مي
29/08/2026,USD,To 'New Cash',-100,USD,-100,USD,
29/08/2026,New Cash,From 'USD',"13,100",ZWL,100,USD,
30/08/2026,حكيم,To 'New Cash',"-50,000",SYP,-3.75,USD,ملعب
30/08/2026,عبد,To 'New Cash',-175,ZWL,-1.335,USD,نابلسية
30/08/2026,New Cash,From 'حكيم',500,ZWL,3.75,USD,ملعب
30/08/2026,New Cash,From 'عبد',175,ZWL,1.335,USD,نابلسية
30/08/2026,New Cash,Sports,-500,ZWL,-3.817,USD,
30/08/2026,New Cash,Eating out,-175,ZWL,-1.335,USD,نابلسية
30/08/2026,حكيم,To 'New Cash',"-32,500",SYP,-2.437,USD,ملعب لعبد
30/08/2026,New Cash,To 'عبد',-325,ZWL,-2.481,USD,ملعب من حكيم
30/08/2026,New Cash,From 'حكيم',325,ZWL,2.437,USD,ملعب لعبد
30/08/2026,عبد,From 'New Cash',325,ZWL,2.481,USD,ملعب من حكيم
31/08/2026,New Cash,Home,-600,ZWL,-4.58,USD,كهربا
31/08/2026,New Cash,Home,-225,ZWL,-1.717,USD,لبن
31/08/2026,New Cash,Home,-20,ZWL,-0.152,USD,كزبرة
01/09/2026,USD,Salary,"2,200",USD,"2,200",USD,
01/09/2026,USD,To 'New Cash',-78,USD,-78,USD,
01/09/2026,New Cash,From 'USD',"10,179",ZWL,78,USD,
01/09/2026,USD,Bills,-22,USD,-22,USD,تحويل
01/09/2026,USD,Moony,-300,USD,-300,USD,
02/09/2026,New Cash,Taxi,-600,ZWL,-4.58,USD,
02/09/2026,New Cash,Moony,"-2,000",ZWL,-15.268,USD,ايكو
02/09/2026,New Cash,Health,-600,ZWL,-4.58,USD,دوا
02/09/2026,New Cash,Moony,"-1,800",ZWL,-13.741,USD,الوان
02/09/2026,New Cash,Moony,-300,ZWL,-2.29,USD,اساور
02/09/2026,New Cash,Moony,"-1,525",ZWL,-11.641,USD,كندرة
02/09/2026,New Cash,Entertainment,-600,ZWL,-4.58,USD,جليلاتي
02/09/2026,New Cash,Electronics,"-1,300",ZWL,-9.924,USD,سماعات
02/09/2026,New Cash,Home,"-1,250",ZWL,-9.542,USD,عسل
02/09/2026,New Cash,Eating out,-400,ZWL,-3.053,USD,بوظة
02/09/2026,New Cash,Eating out,"-2,880",ZWL,-21.985,USD,سكي لاند
02/09/2026,حكيم,To 'New Cash',"-118,000",SYP,-8.85,USD,سكي لاند
02/09/2026,New Cash,From 'حكيم',"1,180",ZWL,8.85,USD,سكي لاند
02/09/2026,New Cash,Eating out,-840,ZWL,-6.412,USD,صاج
02/09/2026,حكيم,To 'New Cash',"-84,000",SYP,-6.3,USD,صاج
02/09/2026,New Cash,From 'حكيم',840,ZWL,6.3,USD,صاج
03/09/2026,New Cash,Taxi,-400,ZWL,-3.053,USD,
03/09/2026,New Cash,Home,"-2,650",ZWL,-20.23,USD,حواضر
03/09/2026,New Cash,Eating out,-200,ZWL,-1.526,USD,كروسان
03/09/2026,New Cash,Home,-325,ZWL,-2.481,USD,خضرا
03/09/2026,USD,Gifts,-150,USD,-150,USD,ايليانا
03/09/2026,New Cash,Gifts,"-5,650",ZWL,-43.132,USD,الاء
03/09/2026,New Cash,Gifts,"-1,300",ZWL,-9.924,USD,نورا
03/09/2026,New Cash,Moony,-900,ZWL,-6.87,USD,حلويات
03/09/2026,New Cash,Home,-600,ZWL,-4.58,USD,جبنة
03/09/2026,New Cash,Home,"-3,000",ZWL,-22.902,USD,لحمة
03/09/2026,New Cash,Eating out,-350,ZWL,-2.671,USD,حواضر
03/09/2026,New Cash,Bills,-350,ZWL,-2.671,USD,
03/09/2026,New Cash,Entertainment,-500,ZWL,-3.817,USD,سواح
03/09/2026,USD,To 'New Cash',-100,USD,-100,USD,
03/09/2026,حكيم,To 'New Cash',"-120,000",SYP,-9,USD,قهوة
03/09/2026,New Cash,To 'عبد',-700,ZWL,-5.343,USD,قهوة
03/09/2026,New Cash,To 'حكيم',"-1,560",ZWL,-11.909,USD,وحدات رفيف وحكيم
03/09/2026,Shop,To 'New Cash',"-156,000",SYP,-11.7,USD,
03/09/2026,شام كاش,To 'New Cash',-300,ZWL,-2.29,USD,
03/09/2026,New Cash,From 'USD',"13,000",ZWL,100,USD,
03/09/2026,New Cash,From 'حكيم',"1,200",ZWL,9,USD,قهوة
03/09/2026,عبد,From 'New Cash',700,ZWL,5.343,USD,قهوة
03/09/2026,حكيم,From 'New Cash',"156,000",SYP,11.909,USD,وحدات رفيف وحكيم
03/09/2026,New Cash,From 'Shop',"1,560",ZWL,11.7,USD,
03/09/2026,New Cash,From 'شام كاش',300,ZWL,2.29,USD,
04/09/2026,New Cash,Taxi,-350,ZWL,-2.671,USD,
04/09/2026,New Cash,Taxi,-200,ZWL,-1.526,USD,
04/09/2026,New Cash,Home,-540,ZWL,-4.122,USD,خبز
04/09/2026,USD,House,-300,USD,-300,USD,
04/09/2026,New Cash,Bills,-739,ZWL,-5.641,USD,
04/09/2026,New Cash,To 'موني',"-1,650",ZWL,-12.596,USD,
04/09/2026,موني,From 'New Cash',"165,000",SYP,12.596,USD,
05/09/2026,New Cash,Moony,"-1,400",ZWL,-10.687,USD,ورد
05/09/2026,New Cash,Eating out,-350,ZWL,-2.671,USD,فطاير
05/09/2026,New Cash,Entertainment,-400,ZWL,-3.053,USD,سواح
05/09/2026,New Cash,Eating out,"-1,875",ZWL,-14.313,USD,سمك
05/09/2026,New Cash,Home,-500,ZWL,-3.817,USD,متفرقات 
05/09/2026,USD,To 'New Cash',-50,USD,-50,USD,
05/09/2026,New Cash,To 'عمار',-240,ZWL,-1.832,USD,وحدات
05/09/2026,حكيم,To 'New Cash',"-75,000",SYP,-5.625,USD,اكل وقهوة
05/09/2026,New Cash,To 'حكيم',"-1,875",ZWL,-14.313,USD,اكل
05/09/2026,New Cash,From 'USD',"6,550",ZWL,50,USD,
05/09/2026,عمار,From 'New Cash',"24,000",SYP,1.832,USD,وحدات
05/09/2026,New Cash,From 'حكيم',750,ZWL,5.625,USD,اكل وقهوة
05/09/2026,حكيم,From 'New Cash',"187,500",SYP,14.313,USD,اكل
05/09/2026,Shop,To 'New Cash',"-24,000",SYP,-1.8,USD,
05/09/2026,New Cash,From 'Shop',240,ZWL,1.8,USD,
06/09/2026,USD,Electronics,-10,USD,-10,USD,ماوس
06/09/2026,New Cash,Home,-50,ZWL,-0.381,USD,شمينتو
06/09/2026,New Cash,Sports,-350,ZWL,-2.671,USD,
06/09/2026,New Cash,Eating out,-250,ZWL,-1.908,USD,شاورما
06/09/2026,New Cash,Home,-625,ZWL,-4.771,USD,شيبسات
06/09/2026,حكيم,To 'New Cash',"-25,000",SYP,-1.875,USD,شاورما
06/09/2026,New Cash,To 'حكيم',-350,ZWL,-2.671,USD,ملعب
06/09/2026,New Cash,From 'حكيم',250,ZWL,1.875,USD,شاورما
06/09/2026,حكيم,From 'New Cash',"35,000",SYP,2.671,USD,ملعب
07/09/2026,New Cash,Eating out,-290,ZWL,-2.213,USD,فطاير
07/09/2026,New Cash,Eating out,-950,ZWL,-7.252,USD,كريسبي
07/09/2026,New Cash,Communications,"-1,200",ZWL,-9.16,USD,وحدات
07/09/2026,Shop,To 'New Cash',"-120,000",SYP,-9,USD,
07/09/2026,حكيم,To 'New Cash',"-29,000",SYP,-2.175,USD,فطاير
07/09/2026,New Cash,To 'حكيم',-950,ZWL,-7.252,USD,اكل
07/09/2026,New Cash,From 'Shop',"1,200",ZWL,9,USD,
07/09/2026,New Cash,From 'حكيم',290,ZWL,2.175,USD,فطاير
07/09/2026,حكيم,From 'New Cash',"95,000",SYP,7.252,USD,اكل
08/09/2026,New Cash,Moony,"-3,400",ZWL,-25.955,USD,تحاليل
08/09/2026,USD,To 'New Cash',-100,USD,-100,USD,
08/09/2026,New Cash,From 'USD',"13,100",ZWL,100,USD,
09/09/2026,New Cash,YYY,-340,ZWL,-2.595,USD,معسل
09/09/2026,New Cash,Moony,-500,ZWL,-3.817,USD,ورد
09/09/2026,New Cash,Home,-725,ZWL,-5.534,USD,منظفات
09/09/2026,New Cash,Home,"-1,050",ZWL,-8.015,USD,كاتو
09/09/2026,New Cash,Entertainment,-400,ZWL,-3.053,USD,سواح
09/09/2026,New Cash,Eating out,-550,ZWL,-4.198,USD,شاورما
09/09/2026,حكيم,To 'New Cash',"-95,000",SYP,-7.125,USD,سواح واكل
09/09/2026,New Cash,From 'حكيم',950,ZWL,7.125,USD,سواح واكل
